0
SECTION
2
HEADER
9
$ACADVER
1
AC1009
9
$INSUNITS
70
1
0
ENDSEC
0
SECTION
2
TABLES
0
TABLE
2
LTYPE
70
2
0
LTYPE
2
CONTINUOUS
70
0
3
Solid line
72
65
73
0
40
0
0
LTYPE
2
DASHED
70
0
3
__ __ __
72
65
73
2
40
0.125
49
0.0833
49
-0.0417
0
ENDTAB
0
TABLE
2
LAYER
70
13
0
LAYER
2
S-GRID
70
0
62
1
6
CONTINUOUS
0
LAYER
2
A-WALL
70
0
62
2
6
CONTINUOUS
0
LAYER
2
A-GLAZ
70
0
62
3
6
CONTINUOUS
0
LAYER
2
A-DOOR
70
0
62
4
6
CONTINUOUS
0
LAYER
2
A-ANNO-SYMB
70
0
62
5
6
CONTINUOUS
0
LAYER
2
A-WALL-CMU
70
0
62
6
6
CONTINUOUS
0
LAYER
2
A-COLS
70
0
62
7
6
CONTINUOUS
0
LAYER
2
A-CLNG-GRID
70
0
62
1
6
CONTINUOUS
0
LAYER
2
E-LITE
70
0
62
2
6
CONTINUOUS
0
LAYER
2
A-CLNG-SOFF
70
0
62
3
6
CONTINUOUS
0
LAYER
2
A-ANNO-TEXT
70
0
62
4
6
CONTINUOUS
0
LAYER
2
A-ANNO-DIMS
70
0
62
5
6
CONTINUOUS
0
LAYER
2
G-ANNO-TTLB
70
0
62
6
6
CONTINUOUS
0
ENDTAB
0
ENDSEC
0
SECTION
2
ENTITIES
0
LINE
8
S-GRID
6
DASHED
10
3.19444
20
7.02778
30
0
11
3.19444
21
21.40278
31
0
0
LINE
8
S-GRID
10
3.36111
20
21.56944
30
0
11
3.35773
21
21.60303
31
0
0
LINE
8
S-GRID
10
3.35773
20
21.60303
30
0
11
3.34801
21
21.63432
31
0
0
LINE
8
S-GRID
10
3.34801
20
21.63432
30
0
11
3.33265
21
21.66263
31
0
0
LINE
8
S-GRID
10
3.33265
20
21.66263
30
0
11
3.3123
21
21.6873
31
0
0
LINE
8
S-GRID
10
3.3123
20
21.6873
30
0
11
3.28763
21
21.70765
31
0
0
LINE
8
S-GRID
10
3.28763
20
21.70765
30
0
11
3.25932
21
21.72301
31
0
0
LINE
8
S-GRID
10
3.25932
20
21.72301
30
0
11
3.22803
21
21.73273
31
0
0
LINE
8
S-GRID
10
3.22803
20
21.73273
30
0
11
3.19444
21
21.73611
31
0
0
LINE
8
S-GRID
10
3.19444
20
21.73611
30
0
11
3.16086
21
21.73273
31
0
0
LINE
8
S-GRID
10
3.16086
20
21.73273
30
0
11
3.12957
21
21.72301
31
0
0
LINE
8
S-GRID
10
3.12957
20
21.72301
30
0
11
3.10126
21
21.70765
31
0
0
LINE
8
S-GRID
10
3.10126
20
21.70765
30
0
11
3.07659
21
21.6873
31
0
0
LINE
8
S-GRID
10
3.07659
20
21.6873
30
0
11
3.05624
21
21.66263
31
0
0
LINE
8
S-GRID
10
3.05624
20
21.66263
30
0
11
3.04088
21
21.63432
31
0
0
LINE
8
S-GRID
10
3.04088
20
21.63432
30
0
11
3.03116
21
21.60303
31
0
0
LINE
8
S-GRID
10
3.03116
20
21.60303
30
0
11
3.02778
21
21.56944
31
0
0
LINE
8
S-GRID
10
3.02778
20
21.56944
30
0
11
3.03116
21
21.53586
31
0
0
LINE
8
S-GRID
10
3.03116
20
21.53586
30
0
11
3.04088
21
21.50457
31
0
0
LINE
8
S-GRID
10
3.04088
20
21.50457
30
0
11
3.05624
21
21.47626
31
0
0
LINE
8
S-GRID
10
3.05624
20
21.47626
30
0
11
3.07659
21
21.45159
31
0
0
LINE
8
S-GRID
10
3.07659
20
21.45159
30
0
11
3.10126
21
21.43124
31
0
0
LINE
8
S-GRID
10
3.10126
20
21.43124
30
0
11
3.12957
21
21.41588
31
0
0
LINE
8
S-GRID
10
3.12957
20
21.41588
30
0
11
3.16086
21
21.40616
31
0
0
LINE
8
S-GRID
10
3.16086
20
21.40616
30
0
11
3.19444
21
21.40278
31
0
0
LINE
8
S-GRID
10
3.19444
20
21.40278
30
0
11
3.22803
21
21.40616
31
0
0
LINE
8
S-GRID
10
3.22803
20
21.40616
30
0
11
3.25932
21
21.41588
31
0
0
LINE
8
S-GRID
10
3.25932
20
21.41588
30
0
11
3.28763
21
21.43124
31
0
0
LINE
8
S-GRID
10
3.28763
20
21.43124
30
0
11
3.3123
21
21.45159
31
0
0
LINE
8
S-GRID
10
3.3123
20
21.45159
30
0
11
3.33265
21
21.47626
31
0
0
LINE
8
S-GRID
10
3.33265
20
21.47626
30
0
11
3.34801
21
21.50457
31
0
0
LINE
8
S-GRID
10
3.34801
20
21.50457
30
0
11
3.35773
21
21.53586
31
0
0
LINE
8
S-GRID
10
3.35773
20
21.53586
30
0
11
3.36111
21
21.56944
31
0
0
TEXT
8
S-GRID
10
3.19444
20
21.51389
30
0
40
0.12
1
A
50
0
72
1
11
3.19444
21
21.51389
31
0
0
LINE
8
S-GRID
6
DASHED
10
6.94444
20
7.02778
30
0
11
6.94444
21
21.40278
31
0
0
LINE
8
S-GRID
10
7.11111
20
21.56944
30
0
11
7.10773
21
21.60303
31
0
0
LINE
8
S-GRID
10
7.10773
20
21.60303
30
0
11
7.09801
21
21.63432
31
0
0
LINE
8
S-GRID
10
7.09801
20
21.63432
30
0
11
7.08265
21
21.66263
31
0
0
LINE
8
S-GRID
10
7.08265
20
21.66263
30
0
11
7.0623
21
21.6873
31
0
0
LINE
8
S-GRID
10
7.0623
20
21.6873
30
0
11
7.03763
21
21.70765
31
0
0
LINE
8
S-GRID
10
7.03763
20
21.70765
30
0
11
7.00932
21
21.72301
31
0
0
LINE
8
S-GRID
10
7.00932
20
21.72301
30
0
11
6.97803
21
21.73273
31
0
0
LINE
8
S-GRID
10
6.97803
20
21.73273
30
0
11
6.94444
21
21.73611
31
0
0
LINE
8
S-GRID
10
6.94444
20
21.73611
30
0
11
6.91086
21
21.73273
31
0
0
LINE
8
S-GRID
10
6.91086
20
21.73273
30
0
11
6.87957
21
21.72301
31
0
0
LINE
8
S-GRID
10
6.87957
20
21.72301
30
0
11
6.85126
21
21.70765
31
0
0
LINE
8
S-GRID
10
6.85126
20
21.70765
30
0
11
6.82659
21
21.6873
31
0
0
LINE
8
S-GRID
10
6.82659
20
21.6873
30
0
11
6.80624
21
21.66263
31
0
0
LINE
8
S-GRID
10
6.80624
20
21.66263
30
0
11
6.79088
21
21.63432
31
0
0
LINE
8
S-GRID
10
6.79088
20
21.63432
30
0
11
6.78116
21
21.60303
31
0
0
LINE
8
S-GRID
10
6.78116
20
21.60303
30
0
11
6.77778
21
21.56944
31
0
0
LINE
8
S-GRID
10
6.77778
20
21.56944
30
0
11
6.78116
21
21.53586
31
0
0
LINE
8
S-GRID
10
6.78116
20
21.53586
30
0
11
6.79088
21
21.50457
31
0
0
LINE
8
S-GRID
10
6.79088
20
21.50457
30
0
11
6.80624
21
21.47626
31
0
0
LINE
8
S-GRID
10
6.80624
20
21.47626
30
0
11
6.82659
21
21.45159
31
0
0
LINE
8
S-GRID
10
6.82659
20
21.45159
30
0
11
6.85126
21
21.43124
31
0
0
LINE
8
S-GRID
10
6.85126
20
21.43124
30
0
11
6.87957
21
21.41588
31
0
0
LINE
8
S-GRID
10
6.87957
20
21.41588
30
0
11
6.91086
21
21.40616
31
0
0
LINE
8
S-GRID
10
6.91086
20
21.40616
30
0
11
6.94444
21
21.40278
31
0
0
LINE
8
S-GRID
10
6.94444
20
21.40278
30
0
11
6.97803
21
21.40616
31
0
0
LINE
8
S-GRID
10
6.97803
20
21.40616
30
0
11
7.00932
21
21.41588
31
0
0
LINE
8
S-GRID
10
7.00932
20
21.41588
30
0
11
7.03763
21
21.43124
31
0
0
LINE
8
S-GRID
10
7.03763
20
21.43124
30
0
11
7.0623
21
21.45159
31
0
0
LINE
8
S-GRID
10
7.0623
20
21.45159
30
0
11
7.08265
21
21.47626
31
0
0
LINE
8
S-GRID
10
7.08265
20
21.47626
30
0
11
7.09801
21
21.50457
31
0
0
LINE
8
S-GRID
10
7.09801
20
21.50457
30
0
11
7.10773
21
21.53586
31
0
0
LINE
8
S-GRID
10
7.10773
20
21.53586
30
0
11
7.11111
21
21.56944
31
0
0
TEXT
8
S-GRID
10
6.94444
20
21.51389
30
0
40
0.12
1
B
50
0
72
1
11
6.94444
21
21.51389
31
0
0
LINE
8
S-GRID
6
DASHED
10
10.69444
20
7.02778
30
0
11
10.69444
21
21.40278
31
0
0
LINE
8
S-GRID
10
10.86111
20
21.56944
30
0
11
10.85773
21
21.60303
31
0
0
LINE
8
S-GRID
10
10.85773
20
21.60303
30
0
11
10.84801
21
21.63432
31
0
0
LINE
8
S-GRID
10
10.84801
20
21.63432
30
0
11
10.83265
21
21.66263
31
0
0
LINE
8
S-GRID
10
10.83265
20
21.66263
30
0
11
10.8123
21
21.6873
31
0
0
LINE
8
S-GRID
10
10.8123
20
21.6873
30
0
11
10.78763
21
21.70765
31
0
0
LINE
8
S-GRID
10
10.78763
20
21.70765
30
0
11
10.75932
21
21.72301
31
0
0
LINE
8
S-GRID
10
10.75932
20
21.72301
30
0
11
10.72803
21
21.73273
31
0
0
LINE
8
S-GRID
10
10.72803
20
21.73273
30
0
11
10.69444
21
21.73611
31
0
0
LINE
8
S-GRID
10
10.69444
20
21.73611
30
0
11
10.66086
21
21.73273
31
0
0
LINE
8
S-GRID
10
10.66086
20
21.73273
30
0
11
10.62957
21
21.72301
31
0
0
LINE
8
S-GRID
10
10.62957
20
21.72301
30
0
11
10.60126
21
21.70765
31
0
0
LINE
8
S-GRID
10
10.60126
20
21.70765
30
0
11
10.57659
21
21.6873
31
0
0
LINE
8
S-GRID
10
10.57659
20
21.6873
30
0
11
10.55624
21
21.66263
31
0
0
LINE
8
S-GRID
10
10.55624
20
21.66263
30
0
11
10.54088
21
21.63432
31
0
0
LINE
8
S-GRID
10
10.54088
20
21.63432
30
0
11
10.53116
21
21.60303
31
0
0
LINE
8
S-GRID
10
10.53116
20
21.60303
30
0
11
10.52778
21
21.56944
31
0
0
LINE
8
S-GRID
10
10.52778
20
21.56944
30
0
11
10.53116
21
21.53586
31
0
0
LINE
8
S-GRID
10
10.53116
20
21.53586
30
0
11
10.54088
21
21.50457
31
0
0
LINE
8
S-GRID
10
10.54088
20
21.50457
30
0
11
10.55624
21
21.47626
31
0
0
LINE
8
S-GRID
10
10.55624
20
21.47626
30
0
11
10.57659
21
21.45159
31
0
0
LINE
8
S-GRID
10
10.57659
20
21.45159
30
0
11
10.60126
21
21.43124
31
0
0
LINE
8
S-GRID
10
10.60126
20
21.43124
30
0
11
10.62957
21
21.41588
31
0
0
LINE
8
S-GRID
10
10.62957
20
21.41588
30
0
11
10.66086
21
21.40616
31
0
0
LINE
8
S-GRID
10
10.66086
20
21.40616
30
0
11
10.69444
21
21.40278
31
0
0
LINE
8
S-GRID
10
10.69444
20
21.40278
30
0
11
10.72803
21
21.40616
31
0
0
LINE
8
S-GRID
10
10.72803
20
21.40616
30
0
11
10.75932
21
21.41588
31
0
0
LINE
8
S-GRID
10
10.75932
20
21.41588
30
0
11
10.78763
21
21.43124
31
0
0
LINE
8
S-GRID
10
10.78763
20
21.43124
30
0
11
10.8123
21
21.45159
31
0
0
LINE
8
S-GRID
10
10.8123
20
21.45159
30
0
11
10.83265
21
21.47626
31
0
0
LINE
8
S-GRID
10
10.83265
20
21.47626
30
0
11
10.84801
21
21.50457
31
0
0
LINE
8
S-GRID
10
10.84801
20
21.50457
30
0
11
10.85773
21
21.53586
31
0
0
LINE
8
S-GRID
10
10.85773
20
21.53586
30
0
11
10.86111
21
21.56944
31
0
0
TEXT
8
S-GRID
10
10.69444
20
21.51389
30
0
40
0.12
1
C
50
0
72
1
11
10.69444
21
21.51389
31
0
0
LINE
8
S-GRID
6
DASHED
10
14.11111
20
7.02778
30
0
11
14.11111
21
21.40278
31
0
0
LINE
8
S-GRID
10
14.27778
20
21.56944
30
0
11
14.27439
21
21.60303
31
0
0
LINE
8
S-GRID
10
14.27439
20
21.60303
30
0
11
14.26468
21
21.63432
31
0
0
LINE
8
S-GRID
10
14.26468
20
21.63432
30
0
11
14.24931
21
21.66263
31
0
0
LINE
8
S-GRID
10
14.24931
20
21.66263
30
0
11
14.22896
21
21.6873
31
0
0
LINE
8
S-GRID
10
14.22896
20
21.6873
30
0
11
14.2043
21
21.70765
31
0
0
LINE
8
S-GRID
10
14.2043
20
21.70765
30
0
11
14.17599
21
21.72301
31
0
0
LINE
8
S-GRID
10
14.17599
20
21.72301
30
0
11
14.1447
21
21.73273
31
0
0
LINE
8
S-GRID
10
14.1447
20
21.73273
30
0
11
14.11111
21
21.73611
31
0
0
LINE
8
S-GRID
10
14.11111
20
21.73611
30
0
11
14.07752
21
21.73273
31
0
0
LINE
8
S-GRID
10
14.07752
20
21.73273
30
0
11
14.04624
21
21.72301
31
0
0
LINE
8
S-GRID
10
14.04624
20
21.72301
30
0
11
14.01793
21
21.70765
31
0
0
LINE
8
S-GRID
10
14.01793
20
21.70765
30
0
11
13.99326
21
21.6873
31
0
0
LINE
8
S-GRID
10
13.99326
20
21.6873
30
0
11
13.97291
21
21.66263
31
0
0
LINE
8
S-GRID
10
13.97291
20
21.66263
30
0
11
13.95754
21
21.63432
31
0
0
LINE
8
S-GRID
10
13.95754
20
21.63432
30
0
11
13.94783
21
21.60303
31
0
0
LINE
8
S-GRID
10
13.94783
20
21.60303
30
0
11
13.94444
21
21.56944
31
0
0
LINE
8
S-GRID
10
13.94444
20
21.56944
30
0
11
13.94783
21
21.53586
31
0
0
LINE
8
S-GRID
10
13.94783
20
21.53586
30
0
11
13.95754
21
21.50457
31
0
0
LINE
8
S-GRID
10
13.95754
20
21.50457
30
0
11
13.97291
21
21.47626
31
0
0
LINE
8
S-GRID
10
13.97291
20
21.47626
30
0
11
13.99326
21
21.45159
31
0
0
LINE
8
S-GRID
10
13.99326
20
21.45159
30
0
11
14.01793
21
21.43124
31
0
0
LINE
8
S-GRID
10
14.01793
20
21.43124
30
0
11
14.04624
21
21.41588
31
0
0
LINE
8
S-GRID
10
14.04624
20
21.41588
30
0
11
14.07752
21
21.40616
31
0
0
LINE
8
S-GRID
10
14.07752
20
21.40616
30
0
11
14.11111
21
21.40278
31
0
0
LINE
8
S-GRID
10
14.11111
20
21.40278
30
0
11
14.1447
21
21.40616
31
0
0
LINE
8
S-GRID
10
14.1447
20
21.40616
30
0
11
14.17599
21
21.41588
31
0
0
LINE
8
S-GRID
10
14.17599
20
21.41588
30
0
11
14.2043
21
21.43124
31
0
0
LINE
8
S-GRID
10
14.2043
20
21.43124
30
0
11
14.22896
21
21.45159
31
0
0
LINE
8
S-GRID
10
14.22896
20
21.45159
30
0
11
14.24931
21
21.47626
31
0
0
LINE
8
S-GRID
10
14.24931
20
21.47626
30
0
11
14.26468
21
21.50457
31
0
0
LINE
8
S-GRID
10
14.26468
20
21.50457
30
0
11
14.27439
21
21.53586
31
0
0
LINE
8
S-GRID
10
14.27439
20
21.53586
30
0
11
14.27778
21
21.56944
31
0
0
TEXT
8
S-GRID
10
14.11111
20
21.51389
30
0
40
0.12
1
D
50
0
72
1
11
14.11111
21
21.51389
31
0
0
LINE
8
S-GRID
6
DASHED
10
17.86111
20
7.02778
30
0
11
17.86111
21
21.40278
31
0
0
LINE
8
S-GRID
10
18.02778
20
21.56944
30
0
11
18.02439
21
21.60303
31
0
0
LINE
8
S-GRID
10
18.02439
20
21.60303
30
0
11
18.01468
21
21.63432
31
0
0
LINE
8
S-GRID
10
18.01468
20
21.63432
30
0
11
17.99931
21
21.66263
31
0
0
LINE
8
S-GRID
10
17.99931
20
21.66263
30
0
11
17.97896
21
21.6873
31
0
0
LINE
8
S-GRID
10
17.97896
20
21.6873
30
0
11
17.9543
21
21.70765
31
0
0
LINE
8
S-GRID
10
17.9543
20
21.70765
30
0
11
17.92599
21
21.72301
31
0
0
LINE
8
S-GRID
10
17.92599
20
21.72301
30
0
11
17.8947
21
21.73273
31
0
0
LINE
8
S-GRID
10
17.8947
20
21.73273
30
0
11
17.86111
21
21.73611
31
0
0
LINE
8
S-GRID
10
17.86111
20
21.73611
30
0
11
17.82752
21
21.73273
31
0
0
LINE
8
S-GRID
10
17.82752
20
21.73273
30
0
11
17.79624
21
21.72301
31
0
0
LINE
8
S-GRID
10
17.79624
20
21.72301
30
0
11
17.76793
21
21.70765
31
0
0
LINE
8
S-GRID
10
17.76793
20
21.70765
30
0
11
17.74326
21
21.6873
31
0
0
LINE
8
S-GRID
10
17.74326
20
21.6873
30
0
11
17.72291
21
21.66263
31
0
0
LINE
8
S-GRID
10
17.72291
20
21.66263
30
0
11
17.70754
21
21.63432
31
0
0
LINE
8
S-GRID
10
17.70754
20
21.63432
30
0
11
17.69783
21
21.60303
31
0
0
LINE
8
S-GRID
10
17.69783
20
21.60303
30
0
11
17.69444
21
21.56944
31
0
0
LINE
8
S-GRID
10
17.69444
20
21.56944
30
0
11
17.69783
21
21.53586
31
0
0
LINE
8
S-GRID
10
17.69783
20
21.53586
30
0
11
17.70754
21
21.50457
31
0
0
LINE
8
S-GRID
10
17.70754
20
21.50457
30
0
11
17.72291
21
21.47626
31
0
0
LINE
8
S-GRID
10
17.72291
20
21.47626
30
0
11
17.74326
21
21.45159
31
0
0
LINE
8
S-GRID
10
17.74326
20
21.45159
30
0
11
17.76793
21
21.43124
31
0
0
LINE
8
S-GRID
10
17.76793
20
21.43124
30
0
11
17.79624
21
21.41588
31
0
0
LINE
8
S-GRID
10
17.79624
20
21.41588
30
0
11
17.82752
21
21.40616
31
0
0
LINE
8
S-GRID
10
17.82752
20
21.40616
30
0
11
17.86111
21
21.40278
31
0
0
LINE
8
S-GRID
10
17.86111
20
21.40278
30
0
11
17.8947
21
21.40616
31
0
0
LINE
8
S-GRID
10
17.8947
20
21.40616
30
0
11
17.92599
21
21.41588
31
0
0
LINE
8
S-GRID
10
17.92599
20
21.41588
30
0
11
17.9543
21
21.43124
31
0
0
LINE
8
S-GRID
10
17.9543
20
21.43124
30
0
11
17.97896
21
21.45159
31
0
0
LINE
8
S-GRID
10
17.97896
20
21.45159
30
0
11
17.99931
21
21.47626
31
0
0
LINE
8
S-GRID
10
17.99931
20
21.47626
30
0
11
18.01468
21
21.50457
31
0
0
LINE
8
S-GRID
10
18.01468
20
21.50457
30
0
11
18.02439
21
21.53586
31
0
0
LINE
8
S-GRID
10
18.02439
20
21.53586
30
0
11
18.02778
21
21.56944
31
0
0
TEXT
8
S-GRID
10
17.86111
20
21.51389
30
0
40
0.12
1
E
50
0
72
1
11
17.86111
21
21.51389
31
0
0
LINE
8
S-GRID
6
DASHED
10
21.61111
20
7.02778
30
0
11
21.61111
21
21.40278
31
0
0
LINE
8
S-GRID
10
21.77778
20
21.56944
30
0
11
21.77439
21
21.60303
31
0
0
LINE
8
S-GRID
10
21.77439
20
21.60303
30
0
11
21.76468
21
21.63432
31
0
0
LINE
8
S-GRID
10
21.76468
20
21.63432
30
0
11
21.74931
21
21.66263
31
0
0
LINE
8
S-GRID
10
21.74931
20
21.66263
30
0
11
21.72896
21
21.6873
31
0
0
LINE
8
S-GRID
10
21.72896
20
21.6873
30
0
11
21.7043
21
21.70765
31
0
0
LINE
8
S-GRID
10
21.7043
20
21.70765
30
0
11
21.67599
21
21.72301
31
0
0
LINE
8
S-GRID
10
21.67599
20
21.72301
30
0
11
21.6447
21
21.73273
31
0
0
LINE
8
S-GRID
10
21.6447
20
21.73273
30
0
11
21.61111
21
21.73611
31
0
0
LINE
8
S-GRID
10
21.61111
20
21.73611
30
0
11
21.57752
21
21.73273
31
0
0
LINE
8
S-GRID
10
21.57752
20
21.73273
30
0
11
21.54624
21
21.72301
31
0
0
LINE
8
S-GRID
10
21.54624
20
21.72301
30
0
11
21.51793
21
21.70765
31
0
0
LINE
8
S-GRID
10
21.51793
20
21.70765
30
0
11
21.49326
21
21.6873
31
0
0
LINE
8
S-GRID
10
21.49326
20
21.6873
30
0
11
21.47291
21
21.66263
31
0
0
LINE
8
S-GRID
10
21.47291
20
21.66263
30
0
11
21.45754
21
21.63432
31
0
0
LINE
8
S-GRID
10
21.45754
20
21.63432
30
0
11
21.44783
21
21.60303
31
0
0
LINE
8
S-GRID
10
21.44783
20
21.60303
30
0
11
21.44444
21
21.56944
31
0
0
LINE
8
S-GRID
10
21.44444
20
21.56944
30
0
11
21.44783
21
21.53586
31
0
0
LINE
8
S-GRID
10
21.44783
20
21.53586
30
0
11
21.45754
21
21.50457
31
0
0
LINE
8
S-GRID
10
21.45754
20
21.50457
30
0
11
21.47291
21
21.47626
31
0
0
LINE
8
S-GRID
10
21.47291
20
21.47626
30
0
11
21.49326
21
21.45159
31
0
0
LINE
8
S-GRID
10
21.49326
20
21.45159
30
0
11
21.51793
21
21.43124
31
0
0
LINE
8
S-GRID
10
21.51793
20
21.43124
30
0
11
21.54624
21
21.41588
31
0
0
LINE
8
S-GRID
10
21.54624
20
21.41588
30
0
11
21.57752
21
21.40616
31
0
0
LINE
8
S-GRID
10
21.57752
20
21.40616
30
0
11
21.61111
21
21.40278
31
0
0
LINE
8
S-GRID
10
21.61111
20
21.40278
30
0
11
21.6447
21
21.40616
31
0
0
LINE
8
S-GRID
10
21.6447
20
21.40616
30
0
11
21.67599
21
21.41588
31
0
0
LINE
8
S-GRID
10
21.67599
20
21.41588
30
0
11
21.7043
21
21.43124
31
0
0
LINE
8
S-GRID
10
21.7043
20
21.43124
30
0
11
21.72896
21
21.45159
31
0
0
LINE
8
S-GRID
10
21.72896
20
21.45159
30
0
11
21.74931
21
21.47626
31
0
0
LINE
8
S-GRID
10
21.74931
20
21.47626
30
0
11
21.76468
21
21.50457
31
0
0
LINE
8
S-GRID
10
21.76468
20
21.50457
30
0
11
21.77439
21
21.53586
31
0
0
LINE
8
S-GRID
10
21.77439
20
21.53586
30
0
11
21.77778
21
21.56944
31
0
0
TEXT
8
S-GRID
10
21.61111
20
21.51389
30
0
40
0.12
1
F
50
0
72
1
11
21.61111
21
21.51389
31
0
0
LINE
8
S-GRID
6
DASHED
10
25.36111
20
7.02778
30
0
11
25.36111
21
21.40278
31
0
0
LINE
8
S-GRID
10
25.52778
20
21.56944
30
0
11
25.52439
21
21.60303
31
0
0
LINE
8
S-GRID
10
25.52439
20
21.60303
30
0
11
25.51468
21
21.63432
31
0
0
LINE
8
S-GRID
10
25.51468
20
21.63432
30
0
11
25.49931
21
21.66263
31
0
0
LINE
8
S-GRID
10
25.49931
20
21.66263
30
0
11
25.47896
21
21.6873
31
0
0
LINE
8
S-GRID
10
25.47896
20
21.6873
30
0
11
25.4543
21
21.70765
31
0
0
LINE
8
S-GRID
10
25.4543
20
21.70765
30
0
11
25.42599
21
21.72301
31
0
0
LINE
8
S-GRID
10
25.42599
20
21.72301
30
0
11
25.3947
21
21.73273
31
0
0
LINE
8
S-GRID
10
25.3947
20
21.73273
30
0
11
25.36111
21
21.73611
31
0
0
LINE
8
S-GRID
10
25.36111
20
21.73611
30
0
11
25.32752
21
21.73273
31
0
0
LINE
8
S-GRID
10
25.32752
20
21.73273
30
0
11
25.29624
21
21.72301
31
0
0
LINE
8
S-GRID
10
25.29624
20
21.72301
30
0
11
25.26793
21
21.70765
31
0
0
LINE
8
S-GRID
10
25.26793
20
21.70765
30
0
11
25.24326
21
21.6873
31
0
0
LINE
8
S-GRID
10
25.24326
20
21.6873
30
0
11
25.22291
21
21.66263
31
0
0
LINE
8
S-GRID
10
25.22291
20
21.66263
30
0
11
25.20754
21
21.63432
31
0
0
LINE
8
S-GRID
10
25.20754
20
21.63432
30
0
11
25.19783
21
21.60303
31
0
0
LINE
8
S-GRID
10
25.19783
20
21.60303
30
0
11
25.19444
21
21.56944
31
0
0
LINE
8
S-GRID
10
25.19444
20
21.56944
30
0
11
25.19783
21
21.53586
31
0
0
LINE
8
S-GRID
10
25.19783
20
21.53586
30
0
11
25.20754
21
21.50457
31
0
0
LINE
8
S-GRID
10
25.20754
20
21.50457
30
0
11
25.22291
21
21.47626
31
0
0
LINE
8
S-GRID
10
25.22291
20
21.47626
30
0
11
25.24326
21
21.45159
31
0
0
LINE
8
S-GRID
10
25.24326
20
21.45159
30
0
11
25.26793
21
21.43124
31
0
0
LINE
8
S-GRID
10
25.26793
20
21.43124
30
0
11
25.29624
21
21.41588
31
0
0
LINE
8
S-GRID
10
25.29624
20
21.41588
30
0
11
25.32752
21
21.40616
31
0
0
LINE
8
S-GRID
10
25.32752
20
21.40616
30
0
11
25.36111
21
21.40278
31
0
0
LINE
8
S-GRID
10
25.36111
20
21.40278
30
0
11
25.3947
21
21.40616
31
0
0
LINE
8
S-GRID
10
25.3947
20
21.40616
30
0
11
25.42599
21
21.41588
31
0
0
LINE
8
S-GRID
10
25.42599
20
21.41588
30
0
11
25.4543
21
21.43124
31
0
0
LINE
8
S-GRID
10
25.4543
20
21.43124
30
0
11
25.47896
21
21.45159
31
0
0
LINE
8
S-GRID
10
25.47896
20
21.45159
30
0
11
25.49931
21
21.47626
31
0
0
LINE
8
S-GRID
10
25.49931
20
21.47626
30
0
11
25.51468
21
21.50457
31
0
0
LINE
8
S-GRID
10
25.51468
20
21.50457
30
0
11
25.52439
21
21.53586
31
0
0
LINE
8
S-GRID
10
25.52439
20
21.53586
30
0
11
25.52778
21
21.56944
31
0
0
TEXT
8
S-GRID
10
25.36111
20
21.51389
30
0
40
0.12
1
G
50
0
72
1
11
25.36111
21
21.51389
31
0
0
LINE
8
S-GRID
6
DASHED
10
29.11111
20
7.02778
30
0
11
29.11111
21
21.40278
31
0
0
LINE
8
S-GRID
10
29.27778
20
21.56944
30
0
11
29.27439
21
21.60303
31
0
0
LINE
8
S-GRID
10
29.27439
20
21.60303
30
0
11
29.26468
21
21.63432
31
0
0
LINE
8
S-GRID
10
29.26468
20
21.63432
30
0
11
29.24931
21
21.66263
31
0
0
LINE
8
S-GRID
10
29.24931
20
21.66263
30
0
11
29.22896
21
21.6873
31
0
0
LINE
8
S-GRID
10
29.22896
20
21.6873
30
0
11
29.2043
21
21.70765
31
0
0
LINE
8
S-GRID
10
29.2043
20
21.70765
30
0
11
29.17599
21
21.72301
31
0
0
LINE
8
S-GRID
10
29.17599
20
21.72301
30
0
11
29.1447
21
21.73273
31
0
0
LINE
8
S-GRID
10
29.1447
20
21.73273
30
0
11
29.11111
21
21.73611
31
0
0
LINE
8
S-GRID
10
29.11111
20
21.73611
30
0
11
29.07752
21
21.73273
31
0
0
LINE
8
S-GRID
10
29.07752
20
21.73273
30
0
11
29.04624
21
21.72301
31
0
0
LINE
8
S-GRID
10
29.04624
20
21.72301
30
0
11
29.01793
21
21.70765
31
0
0
LINE
8
S-GRID
10
29.01793
20
21.70765
30
0
11
28.99326
21
21.6873
31
0
0
LINE
8
S-GRID
10
28.99326
20
21.6873
30
0
11
28.97291
21
21.66263
31
0
0
LINE
8
S-GRID
10
28.97291
20
21.66263
30
0
11
28.95754
21
21.63432
31
0
0
LINE
8
S-GRID
10
28.95754
20
21.63432
30
0
11
28.94783
21
21.60303
31
0
0
LINE
8
S-GRID
10
28.94783
20
21.60303
30
0
11
28.94444
21
21.56944
31
0
0
LINE
8
S-GRID
10
28.94444
20
21.56944
30
0
11
28.94783
21
21.53586
31
0
0
LINE
8
S-GRID
10
28.94783
20
21.53586
30
0
11
28.95754
21
21.50457
31
0
0
LINE
8
S-GRID
10
28.95754
20
21.50457
30
0
11
28.97291
21
21.47626
31
0
0
LINE
8
S-GRID
10
28.97291
20
21.47626
30
0
11
28.99326
21
21.45159
31
0
0
LINE
8
S-GRID
10
28.99326
20
21.45159
30
0
11
29.01793
21
21.43124
31
0
0
LINE
8
S-GRID
10
29.01793
20
21.43124
30
0
11
29.04624
21
21.41588
31
0
0
LINE
8
S-GRID
10
29.04624
20
21.41588
30
0
11
29.07752
21
21.40616
31
0
0
LINE
8
S-GRID
10
29.07752
20
21.40616
30
0
11
29.11111
21
21.40278
31
0
0
LINE
8
S-GRID
10
29.11111
20
21.40278
30
0
11
29.1447
21
21.40616
31
0
0
LINE
8
S-GRID
10
29.1447
20
21.40616
30
0
11
29.17599
21
21.41588
31
0
0
LINE
8
S-GRID
10
29.17599
20
21.41588
30
0
11
29.2043
21
21.43124
31
0
0
LINE
8
S-GRID
10
29.2043
20
21.43124
30
0
11
29.22896
21
21.45159
31
0
0
LINE
8
S-GRID
10
29.22896
20
21.45159
30
0
11
29.24931
21
21.47626
31
0
0
LINE
8
S-GRID
10
29.24931
20
21.47626
30
0
11
29.26468
21
21.50457
31
0
0
LINE
8
S-GRID
10
29.26468
20
21.50457
30
0
11
29.27439
21
21.53586
31
0
0
LINE
8
S-GRID
10
29.27439
20
21.53586
30
0
11
29.27778
21
21.56944
31
0
0
TEXT
8
S-GRID
10
29.11111
20
21.51389
30
0
40
0.12
1
H
50
0
72
1
11
29.11111
21
21.51389
31
0
0
LINE
8
S-GRID
6
DASHED
10
1.19444
20
7.77778
30
0
11
29.94444
21
7.77778
31
0
0
LINE
8
S-GRID
10
1.19444
20
7.77778
30
0
11
1.19106
21
7.81137
31
0
0
LINE
8
S-GRID
10
1.19106
20
7.81137
30
0
11
1.18135
21
7.84265
31
0
0
LINE
8
S-GRID
10
1.18135
20
7.84265
30
0
11
1.16598
21
7.87096
31
0
0
LINE
8
S-GRID
10
1.16598
20
7.87096
30
0
11
1.14563
21
7.89563
31
0
0
LINE
8
S-GRID
10
1.14563
20
7.89563
30
0
11
1.12096
21
7.91598
31
0
0
LINE
8
S-GRID
10
1.12096
20
7.91598
30
0
11
1.09265
21
7.93135
31
0
0
LINE
8
S-GRID
10
1.09265
20
7.93135
30
0
11
1.06137
21
7.94106
31
0
0
LINE
8
S-GRID
10
1.06137
20
7.94106
30
0
11
1.02778
21
7.94444
31
0
0
LINE
8
S-GRID
10
1.02778
20
7.94444
30
0
11
0.99419
21
7.94106
31
0
0
LINE
8
S-GRID
10
0.99419
20
7.94106
30
0
11
0.9629
21
7.93135
31
0
0
LINE
8
S-GRID
10
0.9629
20
7.93135
30
0
11
0.93459
21
7.91598
31
0
0
LINE
8
S-GRID
10
0.93459
20
7.91598
30
0
11
0.90993
21
7.89563
31
0
0
LINE
8
S-GRID
10
0.90993
20
7.89563
30
0
11
0.88958
21
7.87096
31
0
0
LINE
8
S-GRID
10
0.88958
20
7.87096
30
0
11
0.87421
21
7.84265
31
0
0
LINE
8
S-GRID
10
0.87421
20
7.84265
30
0
11
0.8645
21
7.81137
31
0
0
LINE
8
S-GRID
10
0.8645
20
7.81137
30
0
11
0.86111
21
7.77778
31
0
0
LINE
8
S-GRID
10
0.86111
20
7.77778
30
0
11
0.8645
21
7.74419
31
0
0
LINE
8
S-GRID
10
0.8645
20
7.74419
30
0
11
0.87421
21
7.7129
31
0
0
LINE
8
S-GRID
10
0.87421
20
7.7129
30
0
11
0.88958
21
7.68459
31
0
0
LINE
8
S-GRID
10
0.88958
20
7.68459
30
0
11
0.90993
21
7.65993
31
0
0
LINE
8
S-GRID
10
0.90993
20
7.65993
30
0
11
0.93459
21
7.63958
31
0
0
LINE
8
S-GRID
10
0.93459
20
7.63958
30
0
11
0.9629
21
7.62421
31
0
0
LINE
8
S-GRID
10
0.9629
20
7.62421
30
0
11
0.99419
21
7.6145
31
0
0
LINE
8
S-GRID
10
0.99419
20
7.6145
30
0
11
1.02778
21
7.61111
31
0
0
LINE
8
S-GRID
10
1.02778
20
7.61111
30
0
11
1.06137
21
7.6145
31
0
0
LINE
8
S-GRID
10
1.06137
20
7.6145
30
0
11
1.09265
21
7.62421
31
0
0
LINE
8
S-GRID
10
1.09265
20
7.62421
30
0
11
1.12096
21
7.63958
31
0
0
LINE
8
S-GRID
10
1.12096
20
7.63958
30
0
11
1.14563
21
7.65993
31
0
0
LINE
8
S-GRID
10
1.14563
20
7.65993
30
0
11
1.16598
21
7.68459
31
0
0
LINE
8
S-GRID
10
1.16598
20
7.68459
30
0
11
1.18135
21
7.7129
31
0
0
LINE
8
S-GRID
10
1.18135
20
7.7129
30
0
11
1.19106
21
7.74419
31
0
0
LINE
8
S-GRID
10
1.19106
20
7.74419
30
0
11
1.19444
21
7.77778
31
0
0
TEXT
8
S-GRID
10
1.02778
20
7.72222
30
0
40
0.12
1
1
50
0
72
1
11
1.02778
21
7.72222
31
0
0
LINE
8
S-GRID
6
DASHED
10
1.19444
20
11.52778
30
0
11
29.94444
21
11.52778
31
0
0
LINE
8
S-GRID
10
1.19444
20
11.52778
30
0
11
1.19106
21
11.56137
31
0
0
LINE
8
S-GRID
10
1.19106
20
11.56137
30
0
11
1.18135
21
11.59265
31
0
0
LINE
8
S-GRID
10
1.18135
20
11.59265
30
0
11
1.16598
21
11.62096
31
0
0
LINE
8
S-GRID
10
1.16598
20
11.62096
30
0
11
1.14563
21
11.64563
31
0
0
LINE
8
S-GRID
10
1.14563
20
11.64563
30
0
11
1.12096
21
11.66598
31
0
0
LINE
8
S-GRID
10
1.12096
20
11.66598
30
0
11
1.09265
21
11.68135
31
0
0
LINE
8
S-GRID
10
1.09265
20
11.68135
30
0
11
1.06137
21
11.69106
31
0
0
LINE
8
S-GRID
10
1.06137
20
11.69106
30
0
11
1.02778
21
11.69444
31
0
0
LINE
8
S-GRID
10
1.02778
20
11.69444
30
0
11
0.99419
21
11.69106
31
0
0
LINE
8
S-GRID
10
0.99419
20
11.69106
30
0
11
0.9629
21
11.68135
31
0
0
LINE
8
S-GRID
10
0.9629
20
11.68135
30
0
11
0.93459
21
11.66598
31
0
0
LINE
8
S-GRID
10
0.93459
20
11.66598
30
0
11
0.90993
21
11.64563
31
0
0
LINE
8
S-GRID
10
0.90993
20
11.64563
30
0
11
0.88958
21
11.62096
31
0
0
LINE
8
S-GRID
10
0.88958
20
11.62096
30
0
11
0.87421
21
11.59265
31
0
0
LINE
8
S-GRID
10
0.87421
20
11.59265
30
0
11
0.8645
21
11.56137
31
0
0
LINE
8
S-GRID
10
0.8645
20
11.56137
30
0
11
0.86111
21
11.52778
31
0
0
LINE
8
S-GRID
10
0.86111
20
11.52778
30
0
11
0.8645
21
11.49419
31
0
0
LINE
8
S-GRID
10
0.8645
20
11.49419
30
0
11
0.87421
21
11.4629
31
0
0
LINE
8
S-GRID
10
0.87421
20
11.4629
30
0
11
0.88958
21
11.43459
31
0
0
LINE
8
S-GRID
10
0.88958
20
11.43459
30
0
11
0.90993
21
11.40993
31
0
0
LINE
8
S-GRID
10
0.90993
20
11.40993
30
0
11
0.93459
21
11.38958
31
0
0
LINE
8
S-GRID
10
0.93459
20
11.38958
30
0
11
0.9629
21
11.37421
31
0
0
LINE
8
S-GRID
10
0.9629
20
11.37421
30
0
11
0.99419
21
11.3645
31
0
0
LINE
8
S-GRID
10
0.99419
20
11.3645
30
0
11
1.02778
21
11.36111
31
0
0
LINE
8
S-GRID
10
1.02778
20
11.36111
30
0
11
1.06137
21
11.3645
31
0
0
LINE
8
S-GRID
10
1.06137
20
11.3645
30
0
11
1.09265
21
11.37421
31
0
0
LINE
8
S-GRID
10
1.09265
20
11.37421
30
0
11
1.12096
21
11.38958
31
0
0
LINE
8
S-GRID
10
1.12096
20
11.38958
30
0
11
1.14563
21
11.40993
31
0
0
LINE
8
S-GRID
10
1.14563
20
11.40993
30
0
11
1.16598
21
11.43459
31
0
0
LINE
8
S-GRID
10
1.16598
20
11.43459
30
0
11
1.18135
21
11.4629
31
0
0
LINE
8
S-GRID
10
1.18135
20
11.4629
30
0
11
1.19106
21
11.49419
31
0
0
LINE
8
S-GRID
10
1.19106
20
11.49419
30
0
11
1.19444
21
11.52778
31
0
0
TEXT
8
S-GRID
10
1.02778
20
11.47222
30
0
40
0.12
1
2
50
0
72
1
11
1.02778
21
11.47222
31
0
0
LINE
8
S-GRID
6
DASHED
10
1.19444
20
15.27778
30
0
11
29.94444
21
15.27778
31
0
0
LINE
8
S-GRID
10
1.19444
20
15.27778
30
0
11
1.19106
21
15.31137
31
0
0
LINE
8
S-GRID
10
1.19106
20
15.31137
30
0
11
1.18135
21
15.34265
31
0
0
LINE
8
S-GRID
10
1.18135
20
15.34265
30
0
11
1.16598
21
15.37096
31
0
0
LINE
8
S-GRID
10
1.16598
20
15.37096
30
0
11
1.14563
21
15.39563
31
0
0
LINE
8
S-GRID
10
1.14563
20
15.39563
30
0
11
1.12096
21
15.41598
31
0
0
LINE
8
S-GRID
10
1.12096
20
15.41598
30
0
11
1.09265
21
15.43135
31
0
0
LINE
8
S-GRID
10
1.09265
20
15.43135
30
0
11
1.06137
21
15.44106
31
0
0
LINE
8
S-GRID
10
1.06137
20
15.44106
30
0
11
1.02778
21
15.44444
31
0
0
LINE
8
S-GRID
10
1.02778
20
15.44444
30
0
11
0.99419
21
15.44106
31
0
0
LINE
8
S-GRID
10
0.99419
20
15.44106
30
0
11
0.9629
21
15.43135
31
0
0
LINE
8
S-GRID
10
0.9629
20
15.43135
30
0
11
0.93459
21
15.41598
31
0
0
LINE
8
S-GRID
10
0.93459
20
15.41598
30
0
11
0.90993
21
15.39563
31
0
0
LINE
8
S-GRID
10
0.90993
20
15.39563
30
0
11
0.88958
21
15.37096
31
0
0
LINE
8
S-GRID
10
0.88958
20
15.37096
30
0
11
0.87421
21
15.34265
31
0
0
LINE
8
S-GRID
10
0.87421
20
15.34265
30
0
11
0.8645
21
15.31137
31
0
0
LINE
8
S-GRID
10
0.8645
20
15.31137
30
0
11
0.86111
21
15.27778
31
0
0
LINE
8
S-GRID
10
0.86111
20
15.27778
30
0
11
0.8645
21
15.24419
31
0
0
LINE
8
S-GRID
10
0.8645
20
15.24419
30
0
11
0.87421
21
15.2129
31
0
0
LINE
8
S-GRID
10
0.87421
20
15.2129
30
0
11
0.88958
21
15.18459
31
0
0
LINE
8
S-GRID
10
0.88958
20
15.18459
30
0
11
0.90993
21
15.15993
31
0
0
LINE
8
S-GRID
10
0.90993
20
15.15993
30
0
11
0.93459
21
15.13958
31
0
0
LINE
8
S-GRID
10
0.93459
20
15.13958
30
0
11
0.9629
21
15.12421
31
0
0
LINE
8
S-GRID
10
0.9629
20
15.12421
30
0
11
0.99419
21
15.1145
31
0
0
LINE
8
S-GRID
10
0.99419
20
15.1145
30
0
11
1.02778
21
15.11111
31
0
0
LINE
8
S-GRID
10
1.02778
20
15.11111
30
0
11
1.06137
21
15.1145
31
0
0
LINE
8
S-GRID
10
1.06137
20
15.1145
30
0
11
1.09265
21
15.12421
31
0
0
LINE
8
S-GRID
10
1.09265
20
15.12421
30
0
11
1.12096
21
15.13958
31
0
0
LINE
8
S-GRID
10
1.12096
20
15.13958
30
0
11
1.14563
21
15.15993
31
0
0
LINE
8
S-GRID
10
1.14563
20
15.15993
30
0
11
1.16598
21
15.18459
31
0
0
LINE
8
S-GRID
10
1.16598
20
15.18459
30
0
11
1.18135
21
15.2129
31
0
0
LINE
8
S-GRID
10
1.18135
20
15.2129
30
0
11
1.19106
21
15.24419
31
0
0
LINE
8
S-GRID
10
1.19106
20
15.24419
30
0
11
1.19444
21
15.27778
31
0
0
TEXT
8
S-GRID
10
1.02778
20
15.22222
30
0
40
0.12
1
3
50
0
72
1
11
1.02778
21
15.22222
31
0
0
LINE
8
S-GRID
6
DASHED
10
1.19444
20
19.27778
30
0
11
29.94444
21
19.27778
31
0
0
LINE
8
S-GRID
10
1.19444
20
19.27778
30
0
11
1.19106
21
19.31137
31
0
0
LINE
8
S-GRID
10
1.19106
20
19.31137
30
0
11
1.18135
21
19.34265
31
0
0
LINE
8
S-GRID
10
1.18135
20
19.34265
30
0
11
1.16598
21
19.37096
31
0
0
LINE
8
S-GRID
10
1.16598
20
19.37096
30
0
11
1.14563
21
19.39563
31
0
0
LINE
8
S-GRID
10
1.14563
20
19.39563
30
0
11
1.12096
21
19.41598
31
0
0
LINE
8
S-GRID
10
1.12096
20
19.41598
30
0
11
1.09265
21
19.43135
31
0
0
LINE
8
S-GRID
10
1.09265
20
19.43135
30
0
11
1.06137
21
19.44106
31
0
0
LINE
8
S-GRID
10
1.06137
20
19.44106
30
0
11
1.02778
21
19.44444
31
0
0
LINE
8
S-GRID
10
1.02778
20
19.44444
30
0
11
0.99419
21
19.44106
31
0
0
LINE
8
S-GRID
10
0.99419
20
19.44106
30
0
11
0.9629
21
19.43135
31
0
0
LINE
8
S-GRID
10
0.9629
20
19.43135
30
0
11
0.93459
21
19.41598
31
0
0
LINE
8
S-GRID
10
0.93459
20
19.41598
30
0
11
0.90993
21
19.39563
31
0
0
LINE
8
S-GRID
10
0.90993
20
19.39563
30
0
11
0.88958
21
19.37096
31
0
0
LINE
8
S-GRID
10
0.88958
20
19.37096
30
0
11
0.87421
21
19.34265
31
0
0
LINE
8
S-GRID
10
0.87421
20
19.34265
30
0
11
0.8645
21
19.31137
31
0
0
LINE
8
S-GRID
10
0.8645
20
19.31137
30
0
11
0.86111
21
19.27778
31
0
0
LINE
8
S-GRID
10
0.86111
20
19.27778
30
0
11
0.8645
21
19.24419
31
0
0
LINE
8
S-GRID
10
0.8645
20
19.24419
30
0
11
0.87421
21
19.2129
31
0
0
LINE
8
S-GRID
10
0.87421
20
19.2129
30
0
11
0.88958
21
19.18459
31
0
0
LINE
8
S-GRID
10
0.88958
20
19.18459
30
0
11
0.90993
21
19.15993
31
0
0
LINE
8
S-GRID
10
0.90993
20
19.15993
30
0
11
0.93459
21
19.13958
31
0
0
LINE
8
S-GRID
10
0.93459
20
19.13958
30
0
11
0.9629
21
19.12421
31
0
0
LINE
8
S-GRID
10
0.9629
20
19.12421
30
0
11
0.99419
21
19.1145
31
0
0
LINE
8
S-GRID
10
0.99419
20
19.1145
30
0
11
1.02778
21
19.11111
31
0
0
LINE
8
S-GRID
10
1.02778
20
19.11111
30
0
11
1.06137
21
19.1145
31
0
0
LINE
8
S-GRID
10
1.06137
20
19.1145
30
0
11
1.09265
21
19.12421
31
0
0
LINE
8
S-GRID
10
1.09265
20
19.12421
30
0
11
1.12096
21
19.13958
31
0
0
LINE
8
S-GRID
10
1.12096
20
19.13958
30
0
11
1.14563
21
19.15993
31
0
0
LINE
8
S-GRID
10
1.14563
20
19.15993
30
0
11
1.16598
21
19.18459
31
0
0
LINE
8
S-GRID
10
1.16598
20
19.18459
30
0
11
1.18135
21
19.2129
31
0
0
LINE
8
S-GRID
10
1.18135
20
19.2129
30
0
11
1.19106
21
19.24419
31
0
0
LINE
8
S-GRID
10
1.19106
20
19.24419
30
0
11
1.19444
21
19.27778
31
0
0
TEXT
8
S-GRID
10
1.02778
20
19.22222
30
0
40
0.12
1
4
50
0
72
1
11
1.02778
21
19.22222
31
0
0
LINE
8
A-WALL
10
3.15734
20
7.74067
30
0
11
3.81944
21
7.74067
31
0
0
LINE
8
A-WALL
10
6.31944
20
7.74067
30
0
11
6.91905
21
7.74067
31
0
0
LINE
8
A-WALL
10
6.96984
20
7.74067
30
0
11
10.48155
21
7.74067
31
0
0
LINE
8
A-WALL
10
10.53234
20
7.74067
30
0
11
11.69444
21
7.74067
31
0
0
LINE
8
A-WALL
10
12.19444
20
7.74067
30
0
11
14.07335
21
7.74067
31
0
0
LINE
8
A-WALL
10
14.14887
20
7.74067
30
0
11
15.44444
21
7.74067
31
0
0
LINE
8
A-WALL
10
15.94444
20
7.74067
30
0
11
17.83572
21
7.74067
31
0
0
LINE
8
A-WALL
10
17.8865
20
7.74067
30
0
11
19.19444
21
7.74067
31
0
0
LINE
8
A-WALL
10
19.69444
20
7.74067
30
0
11
21.58572
21
7.74067
31
0
0
LINE
8
A-WALL
10
21.6365
20
7.74067
30
0
11
22.56944
21
7.74067
31
0
0
LINE
8
A-WALL
10
23.06944
20
7.74067
30
0
11
23.79405
21
7.74067
31
0
0
LINE
8
A-WALL
10
23.84484
20
7.74067
30
0
11
26.41905
21
7.74067
31
0
0
LINE
8
A-WALL
10
26.46984
20
7.74067
30
0
11
29.14822
21
7.74067
31
0
0
LINE
8
A-WALL
10
3.15734
20
7.73416
30
0
11
3.81944
21
7.73416
31
0
0
LINE
8
A-WALL
10
6.31944
20
7.73416
30
0
11
6.91905
21
7.73416
31
0
0
LINE
8
A-WALL
10
6.96984
20
7.73416
30
0
11
10.48155
21
7.73416
31
0
0
LINE
8
A-WALL
10
10.53234
20
7.73416
30
0
11
11.69444
21
7.73416
31
0
0
LINE
8
A-WALL
10
12.19444
20
7.73416
30
0
11
14.07335
21
7.73416
31
0
0
LINE
8
A-WALL
10
14.14887
20
7.73416
30
0
11
15.44444
21
7.73416
31
0
0
LINE
8
A-WALL
10
15.94444
20
7.73416
30
0
11
17.83572
21
7.73416
31
0
0
LINE
8
A-WALL
10
17.8865
20
7.73416
30
0
11
19.19444
21
7.73416
31
0
0
LINE
8
A-WALL
10
19.69444
20
7.73416
30
0
11
21.58572
21
7.73416
31
0
0
LINE
8
A-WALL
10
21.6365
20
7.73416
30
0
11
22.56944
21
7.73416
31
0
0
LINE
8
A-WALL
10
23.06944
20
7.73416
30
0
11
23.79405
21
7.73416
31
0
0
LINE
8
A-WALL
10
23.84484
20
7.73416
30
0
11
26.41905
21
7.73416
31
0
0
LINE
8
A-WALL
10
26.46984
20
7.73416
30
0
11
29.14822
21
7.73416
31
0
0
LINE
8
A-WALL
10
3.06489
20
7.67166
30
0
11
3.81944
21
7.67166
31
0
0
LINE
8
A-WALL
10
6.31944
20
7.67166
30
0
11
11.69444
21
7.67166
31
0
0
LINE
8
A-WALL
10
12.19444
20
7.67166
30
0
11
15.44444
21
7.67166
31
0
0
LINE
8
A-WALL
10
15.94444
20
7.67166
30
0
11
19.19444
21
7.67166
31
0
0
LINE
8
A-WALL
10
19.69444
20
7.67166
30
0
11
22.56944
21
7.67166
31
0
0
LINE
8
A-WALL
10
23.06944
20
7.67166
30
0
11
29.24067
21
7.67166
31
0
0
LINE
8
A-WALL
10
3.06489
20
7.66515
30
0
11
3.81944
21
7.66515
31
0
0
LINE
8
A-WALL
10
6.31944
20
7.66515
30
0
11
11.69444
21
7.66515
31
0
0
LINE
8
A-WALL
10
12.19444
20
7.66515
30
0
11
15.44444
21
7.66515
31
0
0
LINE
8
A-WALL
10
15.94444
20
7.66515
30
0
11
19.19444
21
7.66515
31
0
0
LINE
8
A-WALL
10
19.69444
20
7.66515
30
0
11
22.56944
21
7.66515
31
0
0
LINE
8
A-WALL
10
23.06944
20
7.66515
30
0
11
29.24067
21
7.66515
31
0
0
LINE
8
A-WALL
10
3.06489
20
7.64822
30
0
11
3.81944
21
7.64822
31
0
0
LINE
8
A-WALL
10
6.31944
20
7.64822
30
0
11
11.69444
21
7.64822
31
0
0
LINE
8
A-WALL
10
12.19444
20
7.64822
30
0
11
15.44444
21
7.64822
31
0
0
LINE
8
A-WALL
10
15.94444
20
7.64822
30
0
11
19.19444
21
7.64822
31
0
0
LINE
8
A-WALL
10
19.69444
20
7.64822
30
0
11
22.56944
21
7.64822
31
0
0
LINE
8
A-WALL
10
23.06944
20
7.64822
30
0
11
29.24067
21
7.64822
31
0
0
LINE
8
A-WALL
10
3.81944
20
7.74067
30
0
11
3.81944
21
7.64822
31
0
0
LINE
8
A-WALL
10
6.31944
20
7.74067
30
0
11
6.31944
21
7.64822
31
0
0
LINE
8
A-WALL
10
11.69444
20
7.74067
30
0
11
11.69444
21
7.64822
31
0
0
LINE
8
A-WALL
10
12.19444
20
7.74067
30
0
11
12.19444
21
7.64822
31
0
0
LINE
8
A-WALL
10
15.44444
20
7.74067
30
0
11
15.44444
21
7.64822
31
0
0
LINE
8
A-WALL
10
15.94444
20
7.74067
30
0
11
15.94444
21
7.64822
31
0
0
LINE
8
A-WALL
10
19.19444
20
7.74067
30
0
11
19.19444
21
7.64822
31
0
0
LINE
8
A-WALL
10
19.69444
20
7.74067
30
0
11
19.69444
21
7.64822
31
0
0
LINE
8
A-WALL
10
22.56944
20
7.74067
30
0
11
22.56944
21
7.64822
31
0
0
LINE
8
A-WALL
10
23.06944
20
7.74067
30
0
11
23.06944
21
7.64822
31
0
0
LINE
8
A-GLAZ
10
11.69444
20
7.64822
30
0
11
12.19444
21
7.64822
31
0
0
LINE
8
A-GLAZ
10
11.69444
20
7.69444
30
0
11
12.19444
21
7.69444
31
0
0
LINE
8
A-GLAZ
10
11.69444
20
7.74067
30
0
11
12.19444
21
7.74067
31
0
0
LINE
8
A-GLAZ
10
15.44444
20
7.64822
30
0
11
15.94444
21
7.64822
31
0
0
LINE
8
A-GLAZ
10
15.44444
20
7.69444
30
0
11
15.94444
21
7.69444
31
0
0
LINE
8
A-GLAZ
10
15.44444
20
7.74067
30
0
11
15.94444
21
7.74067
31
0
0
LINE
8
A-GLAZ
10
19.19444
20
7.64822
30
0
11
19.69444
21
7.64822
31
0
0
LINE
8
A-GLAZ
10
19.19444
20
7.69444
30
0
11
19.69444
21
7.69444
31
0
0
LINE
8
A-GLAZ
10
19.19444
20
7.74067
30
0
11
19.69444
21
7.74067
31
0
0
LINE
8
A-GLAZ
10
22.56944
20
7.64822
30
0
11
23.06944
21
7.64822
31
0
0
LINE
8
A-GLAZ
10
22.56944
20
7.69444
30
0
11
23.06944
21
7.69444
31
0
0
LINE
8
A-GLAZ
10
22.56944
20
7.74067
30
0
11
23.06944
21
7.74067
31
0
0
LINE
8
A-WALL
10
29.14822
20
7.74067
30
0
11
29.14822
21
9.00239
31
0
0
LINE
8
A-WALL
10
29.14822
20
9.05317
30
0
11
29.14822
21
10.02778
31
0
0
LINE
8
A-WALL
10
29.14822
20
10.52778
30
0
11
29.14822
21
13.12739
31
0
0
LINE
8
A-WALL
10
29.14822
20
13.17817
30
0
11
29.14822
21
13.34028
31
0
0
LINE
8
A-WALL
10
29.14822
20
13.71528
30
0
11
29.14822
21
13.87739
31
0
0
LINE
8
A-WALL
10
29.14822
20
13.92817
30
0
11
29.14822
21
14.02778
31
0
0
LINE
8
A-WALL
10
29.14822
20
14.52778
30
0
11
29.14822
21
15.47244
31
0
0
LINE
8
A-WALL
10
29.14822
20
15.56749
30
0
11
29.14822
21
19.31879
31
0
0
LINE
8
A-WALL
10
29.15473
20
7.74067
30
0
11
29.15473
21
9.00239
31
0
0
LINE
8
A-WALL
10
29.15473
20
9.05317
30
0
11
29.15473
21
10.02778
31
0
0
LINE
8
A-WALL
10
29.15473
20
10.52778
30
0
11
29.15473
21
13.12739
31
0
0
LINE
8
A-WALL
10
29.15473
20
13.17817
30
0
11
29.15473
21
13.34028
31
0
0
LINE
8
A-WALL
10
29.15473
20
13.71528
30
0
11
29.15473
21
13.87739
31
0
0
LINE
8
A-WALL
10
29.15473
20
13.92817
30
0
11
29.15473
21
14.02778
31
0
0
LINE
8
A-WALL
10
29.15473
20
14.52778
30
0
11
29.15473
21
15.47244
31
0
0
LINE
8
A-WALL
10
29.15473
20
15.56749
30
0
11
29.15473
21
19.31879
31
0
0
LINE
8
A-WALL
10
29.21723
20
7.64822
30
0
11
29.21723
21
10.02778
31
0
0
LINE
8
A-WALL
10
29.21723
20
10.52778
30
0
11
29.21723
21
13.34028
31
0
0
LINE
8
A-WALL
10
29.21723
20
13.71528
30
0
11
29.21723
21
14.02778
31
0
0
LINE
8
A-WALL
10
29.21723
20
14.52778
30
0
11
29.21723
21
19.40343
31
0
0
LINE
8
A-WALL
10
29.22374
20
7.64822
30
0
11
29.22374
21
10.02778
31
0
0
LINE
8
A-WALL
10
29.22374
20
10.52778
30
0
11
29.22374
21
13.34028
31
0
0
LINE
8
A-WALL
10
29.22374
20
13.71528
30
0
11
29.22374
21
14.02778
31
0
0
LINE
8
A-WALL
10
29.22374
20
14.52778
30
0
11
29.22374
21
19.40343
31
0
0
LINE
8
A-WALL
10
29.24067
20
7.64822
30
0
11
29.24067
21
10.02778
31
0
0
LINE
8
A-WALL
10
29.24067
20
10.52778
30
0
11
29.24067
21
13.34028
31
0
0
LINE
8
A-WALL
10
29.24067
20
13.71528
30
0
11
29.24067
21
14.02778
31
0
0
LINE
8
A-WALL
10
29.24067
20
14.52778
30
0
11
29.24067
21
19.40343
31
0
0
LINE
8
A-WALL
10
29.14822
20
10.02778
30
0
11
29.24067
21
10.02778
31
0
0
LINE
8
A-WALL
10
29.14822
20
10.52778
30
0
11
29.24067
21
10.52778
31
0
0
LINE
8
A-WALL
10
29.14822
20
14.02778
30
0
11
29.24067
21
14.02778
31
0
0
LINE
8
A-WALL
10
29.14822
20
14.52778
30
0
11
29.24067
21
14.52778
31
0
0
LINE
8
A-WALL
10
29.14822
20
13.34028
30
0
11
29.24067
21
13.34028
31
0
0
LINE
8
A-WALL
10
29.14822
20
13.71528
30
0
11
29.24067
21
13.71528
31
0
0
LINE
8
A-GLAZ
10
29.24067
20
10.02778
30
0
11
29.24067
21
10.52778
31
0
0
LINE
8
A-GLAZ
10
29.19444
20
10.02778
30
0
11
29.19444
21
10.52778
31
0
0
LINE
8
A-GLAZ
10
29.14822
20
10.02778
30
0
11
29.14822
21
10.52778
31
0
0
LINE
8
A-GLAZ
10
29.24067
20
14.02778
30
0
11
29.24067
21
14.52778
31
0
0
LINE
8
A-GLAZ
10
29.19444
20
14.02778
30
0
11
29.19444
21
14.52778
31
0
0
LINE
8
A-GLAZ
10
29.14822
20
14.02778
30
0
11
29.14822
21
14.52778
31
0
0
LINE
8
A-DOOR
10
29.14822
20
13.34028
30
0
11
28.77322
21
13.34028
31
0
0
LINE
8
A-DOOR
10
28.77322
20
13.34028
30
0
11
28.77322
21
13.35851
31
0
0
LINE
8
A-DOOR
10
28.77322
20
13.35851
30
0
11
29.14822
21
13.35851
31
0
0
LINE
8
A-DOOR
10
29.14822
20
13.35851
30
0
11
29.14822
21
13.34028
31
0
0
LINE
8
A-DOOR
10
29.14822
20
13.71528
30
0
11
29.07264
21
13.70766
31
0
0
LINE
8
A-DOOR
10
29.07264
20
13.70766
30
0
11
29.00225
21
13.68581
31
0
0
LINE
8
A-DOOR
10
29.00225
20
13.68581
30
0
11
28.93855
21
13.65123
31
0
0
LINE
8
A-DOOR
10
28.93855
20
13.65123
30
0
11
28.88306
21
13.60544
31
0
0
LINE
8
A-DOOR
10
28.88306
20
13.60544
30
0
11
28.83726
21
13.54994
31
0
0
LINE
8
A-DOOR
10
28.83726
20
13.54994
30
0
11
28.80269
21
13.48624
31
0
0
LINE
8
A-DOOR
10
28.80269
20
13.48624
30
0
11
28.78084
21
13.41585
31
0
0
LINE
8
A-DOOR
10
28.78084
20
13.41585
30
0
11
28.77322
21
13.34028
31
0
0
LINE
8
A-ANNO-SYMB
10
29.58511
20
13.52778
30
0
11
29.5837
21
13.54177
31
0
0
LINE
8
A-ANNO-SYMB
10
29.5837
20
13.54177
30
0
11
29.57966
21
13.55481
31
0
0
LINE
8
A-ANNO-SYMB
10
29.57966
20
13.55481
30
0
11
29.57325
21
13.5666
31
0
0
LINE
8
A-ANNO-SYMB
10
29.57325
20
13.5666
30
0
11
29.56477
21
13.57688
31
0
0
LINE
8
A-ANNO-SYMB
10
29.56477
20
13.57688
30
0
11
29.5545
21
13.58536
31
0
0
LINE
8
A-ANNO-SYMB
10
29.5545
20
13.58536
30
0
11
29.5427
21
13.59176
31
0
0
LINE
8
A-ANNO-SYMB
10
29.5427
20
13.59176
30
0
11
29.52966
21
13.59581
31
0
0
LINE
8
A-ANNO-SYMB
10
29.52966
20
13.59581
30
0
11
29.51567
21
13.59722
31
0
0
LINE
8
A-ANNO-SYMB
10
29.51567
20
13.59722
30
0
11
29.50167
21
13.59581
31
0
0
LINE
8
A-ANNO-SYMB
10
29.50167
20
13.59581
30
0
11
29.48864
21
13.59176
31
0
0
LINE
8
A-ANNO-SYMB
10
29.48864
20
13.59176
30
0
11
29.47684
21
13.58536
31
0
0
LINE
8
A-ANNO-SYMB
10
29.47684
20
13.58536
30
0
11
29.46656
21
13.57688
31
0
0
LINE
8
A-ANNO-SYMB
10
29.46656
20
13.57688
30
0
11
29.45808
21
13.5666
31
0
0
LINE
8
A-ANNO-SYMB
10
29.45808
20
13.5666
30
0
11
29.45168
21
13.55481
31
0
0
LINE
8
A-ANNO-SYMB
10
29.45168
20
13.55481
30
0
11
29.44763
21
13.54177
31
0
0
LINE
8
A-ANNO-SYMB
10
29.44763
20
13.54177
30
0
11
29.44622
21
13.52778
31
0
0
LINE
8
A-ANNO-SYMB
10
29.44622
20
13.52778
30
0
11
29.44763
21
13.51378
31
0
0
LINE
8
A-ANNO-SYMB
10
29.44763
20
13.51378
30
0
11
29.45168
21
13.50075
31
0
0
LINE
8
A-ANNO-SYMB
10
29.45168
20
13.50075
30
0
11
29.45808
21
13.48895
31
0
0
LINE
8
A-ANNO-SYMB
10
29.45808
20
13.48895
30
0
11
29.46656
21
13.47867
31
0
0
LINE
8
A-ANNO-SYMB
10
29.46656
20
13.47867
30
0
11
29.47684
21
13.47019
31
0
0
LINE
8
A-ANNO-SYMB
10
29.47684
20
13.47019
30
0
11
29.48864
21
13.46379
31
0
0
LINE
8
A-ANNO-SYMB
10
29.48864
20
13.46379
30
0
11
29.50167
21
13.45974
31
0
0
LINE
8
A-ANNO-SYMB
10
29.50167
20
13.45974
30
0
11
29.51567
21
13.45833
31
0
0
LINE
8
A-ANNO-SYMB
10
29.51567
20
13.45833
30
0
11
29.52966
21
13.45974
31
0
0
LINE
8
A-ANNO-SYMB
10
29.52966
20
13.45974
30
0
11
29.5427
21
13.46379
31
0
0
LINE
8
A-ANNO-SYMB
10
29.5427
20
13.46379
30
0
11
29.5545
21
13.47019
31
0
0
LINE
8
A-ANNO-SYMB
10
29.5545
20
13.47019
30
0
11
29.56477
21
13.47867
31
0
0
LINE
8
A-ANNO-SYMB
10
29.56477
20
13.47867
30
0
11
29.57325
21
13.48895
31
0
0
LINE
8
A-ANNO-SYMB
10
29.57325
20
13.48895
30
0
11
29.57966
21
13.50075
31
0
0
LINE
8
A-ANNO-SYMB
10
29.57966
20
13.50075
30
0
11
29.5837
21
13.51378
31
0
0
LINE
8
A-ANNO-SYMB
10
29.5837
20
13.51378
30
0
11
29.58511
21
13.52778
31
0
0
TEXT
8
A-ANNO-SYMB
10
29.51567
20
13.5
30
0
40
0.05
1
100A
50
0
72
1
11
29.51567
21
13.5
31
0
0
LINE
8
A-WALL
10
29.14822
20
19.31879
30
0
11
28.38194
21
19.31879
31
0
0
LINE
8
A-WALL
10
28.00694
20
19.31879
30
0
11
26.98416
21
19.31879
31
0
0
LINE
8
A-WALL
10
26.88911
20
19.31879
30
0
11
25.46918
21
19.31879
31
0
0
LINE
8
A-WALL
10
25.4197
20
19.31879
30
0
11
23.8572
21
19.31879
31
0
0
LINE
8
A-WALL
10
23.78168
20
19.31879
30
0
11
23.25694
21
19.31879
31
0
0
LINE
8
A-WALL
10
22.63194
20
19.31879
30
0
11
21.6365
21
19.31879
31
0
0
LINE
8
A-WALL
10
21.58572
20
19.31879
30
0
11
19.75694
21
19.31879
31
0
0
LINE
8
A-WALL
10
19.13194
20
19.31879
30
0
11
17.8865
21
19.31879
31
0
0
LINE
8
A-WALL
10
17.83572
20
19.31879
30
0
11
16.00694
21
19.31879
31
0
0
LINE
8
A-WALL
10
15.38194
20
19.31879
30
0
11
14.14887
21
19.31879
31
0
0
LINE
8
A-WALL
10
14.07335
20
19.31879
30
0
11
13.50694
21
19.31879
31
0
0
LINE
8
A-WALL
10
12.88194
20
19.31879
30
0
11
11.96984
21
19.31879
31
0
0
LINE
8
A-WALL
10
11.91905
20
19.31879
30
0
11
9.46984
21
19.31879
31
0
0
LINE
8
A-WALL
10
9.41905
20
19.31879
30
0
11
8.50694
21
19.31879
31
0
0
LINE
8
A-WALL
10
7.88194
20
19.31879
30
0
11
6.96984
21
19.31879
31
0
0
LINE
8
A-WALL
10
6.91905
20
19.31879
30
0
11
6.00694
21
19.31879
31
0
0
LINE
8
A-WALL
10
5.38194
20
19.31879
30
0
11
4.71984
21
19.31879
31
0
0
LINE
8
A-WALL
10
4.66905
20
19.31879
30
0
11
3.15734
21
19.31879
31
0
0
LINE
8
A-WALL
10
29.14822
20
19.3253
30
0
11
28.38194
21
19.3253
31
0
0
LINE
8
A-WALL
10
28.00694
20
19.3253
30
0
11
26.98416
21
19.3253
31
0
0
LINE
8
A-WALL
10
26.88911
20
19.3253
30
0
11
25.46918
21
19.3253
31
0
0
LINE
8
A-WALL
10
25.4197
20
19.3253
30
0
11
23.8572
21
19.3253
31
0
0
LINE
8
A-WALL
10
23.78168
20
19.3253
30
0
11
23.25694
21
19.3253
31
0
0
LINE
8
A-WALL
10
22.63194
20
19.3253
30
0
11
21.6365
21
19.3253
31
0
0
LINE
8
A-WALL
10
21.58572
20
19.3253
30
0
11
19.75694
21
19.3253
31
0
0
LINE
8
A-WALL
10
19.13194
20
19.3253
30
0
11
17.8865
21
19.3253
31
0
0
LINE
8
A-WALL
10
17.83572
20
19.3253
30
0
11
16.00694
21
19.3253
31
0
0
LINE
8
A-WALL
10
15.38194
20
19.3253
30
0
11
14.14887
21
19.3253
31
0
0
LINE
8
A-WALL
10
14.07335
20
19.3253
30
0
11
13.50694
21
19.3253
31
0
0
LINE
8
A-WALL
10
12.88194
20
19.3253
30
0
11
11.96984
21
19.3253
31
0
0
LINE
8
A-WALL
10
11.91905
20
19.3253
30
0
11
9.46984
21
19.3253
31
0
0
LINE
8
A-WALL
10
9.41905
20
19.3253
30
0
11
8.50694
21
19.3253
31
0
0
LINE
8
A-WALL
10
7.88194
20
19.3253
30
0
11
6.96984
21
19.3253
31
0
0
LINE
8
A-WALL
10
6.91905
20
19.3253
30
0
11
6.00694
21
19.3253
31
0
0
LINE
8
A-WALL
10
5.38194
20
19.3253
30
0
11
4.71984
21
19.3253
31
0
0
LINE
8
A-WALL
10
4.66905
20
19.3253
30
0
11
3.15734
21
19.3253
31
0
0
LINE
8
A-WALL
10
29.24067
20
19.3878
30
0
11
28.38194
21
19.3878
31
0
0
LINE
8
A-WALL
10
28.00694
20
19.3878
30
0
11
23.25694
21
19.3878
31
0
0
LINE
8
A-WALL
10
22.63194
20
19.3878
30
0
11
19.75694
21
19.3878
31
0
0
LINE
8
A-WALL
10
19.13194
20
19.3878
30
0
11
16.00694
21
19.3878
31
0
0
LINE
8
A-WALL
10
15.38194
20
19.3878
30
0
11
13.50694
21
19.3878
31
0
0
LINE
8
A-WALL
10
12.88194
20
19.3878
30
0
11
8.50694
21
19.3878
31
0
0
LINE
8
A-WALL
10
7.88194
20
19.3878
30
0
11
6.00694
21
19.3878
31
0
0
LINE
8
A-WALL
10
5.38194
20
19.3878
30
0
11
3.06489
21
19.3878
31
0
0
LINE
8
A-WALL
10
29.24067
20
19.40343
30
0
11
28.38194
21
19.40343
31
0
0
LINE
8
A-WALL
10
28.00694
20
19.40343
30
0
11
23.25694
21
19.40343
31
0
0
LINE
8
A-WALL
10
22.63194
20
19.40343
30
0
11
19.75694
21
19.40343
31
0
0
LINE
8
A-WALL
10
19.13194
20
19.40343
30
0
11
16.00694
21
19.40343
31
0
0
LINE
8
A-WALL
10
15.38194
20
19.40343
30
0
11
13.50694
21
19.40343
31
0
0
LINE
8
A-WALL
10
12.88194
20
19.40343
30
0
11
8.50694
21
19.40343
31
0
0
LINE
8
A-WALL
10
7.88194
20
19.40343
30
0
11
6.00694
21
19.40343
31
0
0
LINE
8
A-WALL
10
5.38194
20
19.40343
30
0
11
3.06489
21
19.40343
31
0
0
LINE
8
A-WALL
10
6.00694
20
19.31879
30
0
11
6.00694
21
19.40343
31
0
0
LINE
8
A-WALL
10
5.38194
20
19.31879
30
0
11
5.38194
21
19.40343
31
0
0
LINE
8
A-WALL
10
8.50694
20
19.31879
30
0
11
8.50694
21
19.40343
31
0
0
LINE
8
A-WALL
10
7.88194
20
19.31879
30
0
11
7.88194
21
19.40343
31
0
0
LINE
8
A-WALL
10
13.50694
20
19.31879
30
0
11
13.50694
21
19.40343
31
0
0
LINE
8
A-WALL
10
12.88194
20
19.31879
30
0
11
12.88194
21
19.40343
31
0
0
LINE
8
A-WALL
10
16.00694
20
19.31879
30
0
11
16.00694
21
19.40343
31
0
0
LINE
8
A-WALL
10
15.38194
20
19.31879
30
0
11
15.38194
21
19.40343
31
0
0
LINE
8
A-WALL
10
19.75694
20
19.31879
30
0
11
19.75694
21
19.40343
31
0
0
LINE
8
A-WALL
10
19.13194
20
19.31879
30
0
11
19.13194
21
19.40343
31
0
0
LINE
8
A-WALL
10
23.25694
20
19.31879
30
0
11
23.25694
21
19.40343
31
0
0
LINE
8
A-WALL
10
22.63194
20
19.31879
30
0
11
22.63194
21
19.40343
31
0
0
LINE
8
A-WALL
10
28.38194
20
19.31879
30
0
11
28.38194
21
19.40343
31
0
0
LINE
8
A-WALL
10
28.00694
20
19.31879
30
0
11
28.00694
21
19.40343
31
0
0
LINE
8
A-GLAZ
10
6.00694
20
19.40343
30
0
11
5.38194
21
19.40343
31
0
0
LINE
8
A-GLAZ
10
6.00694
20
19.36111
30
0
11
5.38194
21
19.36111
31
0
0
LINE
8
A-GLAZ
10
6.00694
20
19.31879
30
0
11
5.38194
21
19.31879
31
0
0
LINE
8
A-GLAZ
10
8.50694
20
19.40343
30
0
11
7.88194
21
19.40343
31
0
0
LINE
8
A-GLAZ
10
8.50694
20
19.36111
30
0
11
7.88194
21
19.36111
31
0
0
LINE
8
A-GLAZ
10
8.50694
20
19.31879
30
0
11
7.88194
21
19.31879
31
0
0
LINE
8
A-GLAZ
10
13.50694
20
19.40343
30
0
11
12.88194
21
19.40343
31
0
0
LINE
8
A-GLAZ
10
13.50694
20
19.36111
30
0
11
12.88194
21
19.36111
31
0
0
LINE
8
A-GLAZ
10
13.50694
20
19.31879
30
0
11
12.88194
21
19.31879
31
0
0
LINE
8
A-GLAZ
10
16.00694
20
19.40343
30
0
11
15.38194
21
19.40343
31
0
0
LINE
8
A-GLAZ
10
16.00694
20
19.36111
30
0
11
15.38194
21
19.36111
31
0
0
LINE
8
A-GLAZ
10
16.00694
20
19.31879
30
0
11
15.38194
21
19.31879
31
0
0
LINE
8
A-GLAZ
10
19.75694
20
19.40343
30
0
11
19.13194
21
19.40343
31
0
0
LINE
8
A-GLAZ
10
19.75694
20
19.36111
30
0
11
19.13194
21
19.36111
31
0
0
LINE
8
A-GLAZ
10
19.75694
20
19.31879
30
0
11
19.13194
21
19.31879
31
0
0
LINE
8
A-GLAZ
10
23.25694
20
19.40343
30
0
11
22.63194
21
19.40343
31
0
0
LINE
8
A-GLAZ
10
23.25694
20
19.36111
30
0
11
22.63194
21
19.36111
31
0
0
LINE
8
A-GLAZ
10
23.25694
20
19.31879
30
0
11
22.63194
21
19.31879
31
0
0
LINE
8
A-DOOR
10
28.38194
20
19.31879
30
0
11
28.38194
21
18.94379
31
0
0
LINE
8
A-DOOR
10
28.38194
20
18.94379
30
0
11
28.36372
21
18.94379
31
0
0
LINE
8
A-DOOR
10
28.36372
20
18.94379
30
0
11
28.36372
21
19.31879
31
0
0
LINE
8
A-DOOR
10
28.36372
20
19.31879
30
0
11
28.38194
21
19.31879
31
0
0
LINE
8
A-DOOR
10
28.00694
20
19.31879
30
0
11
28.01456
21
19.24322
31
0
0
LINE
8
A-DOOR
10
28.01456
20
19.24322
30
0
11
28.03641
21
19.17283
31
0
0
LINE
8
A-DOOR
10
28.03641
20
19.17283
30
0
11
28.07099
21
19.10913
31
0
0
LINE
8
A-DOOR
10
28.07099
20
19.10913
30
0
11
28.11678
21
19.05363
31
0
0
LINE
8
A-DOOR
10
28.11678
20
19.05363
30
0
11
28.17228
21
19.00784
31
0
0
LINE
8
A-DOOR
10
28.17228
20
19.00784
30
0
11
28.23598
21
18.97326
31
0
0
LINE
8
A-DOOR
10
28.23598
20
18.97326
30
0
11
28.30637
21
18.95141
31
0
0
LINE
8
A-DOOR
10
28.30637
20
18.95141
30
0
11
28.38194
21
18.94379
31
0
0
LINE
8
A-ANNO-SYMB
10
28.26389
20
19.67843
30
0
11
28.26248
21
19.69242
31
0
0
LINE
8
A-ANNO-SYMB
10
28.26248
20
19.69242
30
0
11
28.25843
21
19.70546
31
0
0
LINE
8
A-ANNO-SYMB
10
28.25843
20
19.70546
30
0
11
28.25203
21
19.71726
31
0
0
LINE
8
A-ANNO-SYMB
10
28.25203
20
19.71726
30
0
11
28.24355
21
19.72753
31
0
0
LINE
8
A-ANNO-SYMB
10
28.24355
20
19.72753
30
0
11
28.23327
21
19.73601
31
0
0
LINE
8
A-ANNO-SYMB
10
28.23327
20
19.73601
30
0
11
28.22148
21
19.74242
31
0
0
LINE
8
A-ANNO-SYMB
10
28.22148
20
19.74242
30
0
11
28.20844
21
19.74646
31
0
0
LINE
8
A-ANNO-SYMB
10
28.20844
20
19.74646
30
0
11
28.19444
21
19.74787
31
0
0
LINE
8
A-ANNO-SYMB
10
28.19444
20
19.74787
30
0
11
28.18045
21
19.74646
31
0
0
LINE
8
A-ANNO-SYMB
10
28.18045
20
19.74646
30
0
11
28.16741
21
19.74242
31
0
0
LINE
8
A-ANNO-SYMB
10
28.16741
20
19.74242
30
0
11
28.15562
21
19.73601
31
0
0
LINE
8
A-ANNO-SYMB
10
28.15562
20
19.73601
30
0
11
28.14534
21
19.72753
31
0
0
LINE
8
A-ANNO-SYMB
10
28.14534
20
19.72753
30
0
11
28.13686
21
19.71726
31
0
0
LINE
8
A-ANNO-SYMB
10
28.13686
20
19.71726
30
0
11
28.13046
21
19.70546
31
0
0
LINE
8
A-ANNO-SYMB
10
28.13046
20
19.70546
30
0
11
28.12641
21
19.69242
31
0
0
LINE
8
A-ANNO-SYMB
10
28.12641
20
19.69242
30
0
11
28.125
21
19.67843
31
0
0
LINE
8
A-ANNO-SYMB
10
28.125
20
19.67843
30
0
11
28.12641
21
19.66443
31
0
0
LINE
8
A-ANNO-SYMB
10
28.12641
20
19.66443
30
0
11
28.13046
21
19.6514
31
0
0
LINE
8
A-ANNO-SYMB
10
28.13046
20
19.6514
30
0
11
28.13686
21
19.6396
31
0
0
LINE
8
A-ANNO-SYMB
10
28.13686
20
19.6396
30
0
11
28.14534
21
19.62932
31
0
0
LINE
8
A-ANNO-SYMB
10
28.14534
20
19.62932
30
0
11
28.15562
21
19.62084
31
0
0
LINE
8
A-ANNO-SYMB
10
28.15562
20
19.62084
30
0
11
28.16741
21
19.61444
31
0
0
LINE
8
A-ANNO-SYMB
10
28.16741
20
19.61444
30
0
11
28.18045
21
19.6104
31
0
0
LINE
8
A-ANNO-SYMB
10
28.18045
20
19.6104
30
0
11
28.19444
21
19.60898
31
0
0
LINE
8
A-ANNO-SYMB
10
28.19444
20
19.60898
30
0
11
28.20844
21
19.6104
31
0
0
LINE
8
A-ANNO-SYMB
10
28.20844
20
19.6104
30
0
11
28.22148
21
19.61444
31
0
0
LINE
8
A-ANNO-SYMB
10
28.22148
20
19.61444
30
0
11
28.23327
21
19.62084
31
0
0
LINE
8
A-ANNO-SYMB
10
28.23327
20
19.62084
30
0
11
28.24355
21
19.62932
31
0
0
LINE
8
A-ANNO-SYMB
10
28.24355
20
19.62932
30
0
11
28.25203
21
19.6396
31
0
0
LINE
8
A-ANNO-SYMB
10
28.25203
20
19.6396
30
0
11
28.25843
21
19.6514
31
0
0
LINE
8
A-ANNO-SYMB
10
28.25843
20
19.6514
30
0
11
28.26248
21
19.66443
31
0
0
LINE
8
A-ANNO-SYMB
10
28.26248
20
19.66443
30
0
11
28.26389
21
19.67843
31
0
0
TEXT
8
A-ANNO-SYMB
10
28.19444
20
19.65065
30
0
40
0.05
1
150A
50
0
72
1
11
28.19444
21
19.65065
31
0
0
LINE
8
A-WALL
10
3.15734
20
19.31879
30
0
11
3.15734
21
17.40278
31
0
0
LINE
8
A-WALL
10
3.15734
20
16.90278
30
0
11
3.15734
21
15.30317
31
0
0
LINE
8
A-WALL
10
3.15734
20
15.25239
30
0
11
3.15734
21
11.77778
31
0
0
LINE
8
A-WALL
10
3.15734
20
11.27778
30
0
11
3.15734
21
7.74067
31
0
0
LINE
8
A-WALL
10
3.15082
20
19.31879
30
0
11
3.15082
21
17.40278
31
0
0
LINE
8
A-WALL
10
3.15082
20
16.90278
30
0
11
3.15082
21
15.30317
31
0
0
LINE
8
A-WALL
10
3.15082
20
15.25239
30
0
11
3.15082
21
11.77778
31
0
0
LINE
8
A-WALL
10
3.15082
20
11.27778
30
0
11
3.15082
21
7.74067
31
0
0
LINE
8
A-WALL
10
3.08832
20
19.40343
30
0
11
3.08832
21
17.40278
31
0
0
LINE
8
A-WALL
10
3.08832
20
16.90278
30
0
11
3.08832
21
11.77778
31
0
0
LINE
8
A-WALL
10
3.08832
20
11.27778
30
0
11
3.08832
21
7.64822
31
0
0
LINE
8
A-WALL
10
3.08181
20
19.40343
30
0
11
3.08181
21
17.40278
31
0
0
LINE
8
A-WALL
10
3.08181
20
16.90278
30
0
11
3.08181
21
11.77778
31
0
0
LINE
8
A-WALL
10
3.08181
20
11.27778
30
0
11
3.08181
21
7.64822
31
0
0
LINE
8
A-WALL
10
3.06489
20
19.40343
30
0
11
3.06489
21
17.40278
31
0
0
LINE
8
A-WALL
10
3.06489
20
16.90278
30
0
11
3.06489
21
11.77778
31
0
0
LINE
8
A-WALL
10
3.06489
20
11.27778
30
0
11
3.06489
21
7.64822
31
0
0
LINE
8
A-WALL
10
3.15734
20
11.77778
30
0
11
3.06489
21
11.77778
31
0
0
LINE
8
A-WALL
10
3.15734
20
11.27778
30
0
11
3.06489
21
11.27778
31
0
0
LINE
8
A-WALL
10
3.15734
20
17.40278
30
0
11
3.06489
21
17.40278
31
0
0
LINE
8
A-WALL
10
3.15734
20
16.90278
30
0
11
3.06489
21
16.90278
31
0
0
LINE
8
A-GLAZ
10
3.06489
20
11.77778
30
0
11
3.06489
21
11.27778
31
0
0
LINE
8
A-GLAZ
10
3.11111
20
11.77778
30
0
11
3.11111
21
11.27778
31
0
0
LINE
8
A-GLAZ
10
3.15734
20
11.77778
30
0
11
3.15734
21
11.27778
31
0
0
LINE
8
A-GLAZ
10
3.06489
20
17.40278
30
0
11
3.06489
21
16.90278
31
0
0
LINE
8
A-GLAZ
10
3.11111
20
17.40278
30
0
11
3.11111
21
16.90278
31
0
0
LINE
8
A-GLAZ
10
3.15734
20
17.40278
30
0
11
3.15734
21
16.90278
31
0
0
LINE
8
A-WALL
10
3.81944
20
7.71788
30
0
11
3.81944
21
7.67101
31
0
0
LINE
8
A-WALL
10
6.31944
20
7.71788
30
0
11
6.31944
21
7.67101
31
0
0
LINE
8
A-WALL
10
3.81944
20
7.71788
30
0
11
3.81944
21
7.67101
31
0
0
LINE
8
A-WALL
10
6.31944
20
7.71788
30
0
11
6.31944
21
7.67101
31
0
0
LINE
8
A-WALL
10
6.91905
20
13.17817
30
0
11
7.38194
21
13.17817
31
0
0
LINE
8
A-WALL
10
7.75694
20
13.17817
30
0
11
8.63194
21
13.17817
31
0
0
LINE
8
A-WALL
10
9.00694
20
13.17817
30
0
11
9.88194
21
13.17817
31
0
0
LINE
8
A-WALL
10
10.25694
20
13.17817
30
0
11
11.13194
21
13.17817
31
0
0
LINE
8
A-WALL
10
11.50694
20
13.17817
30
0
11
12.38194
21
13.17817
31
0
0
LINE
8
A-WALL
10
12.75694
20
13.17817
30
0
11
15.50694
21
13.17817
31
0
0
LINE
8
A-WALL
10
15.88194
20
13.17817
30
0
11
19.50694
21
13.17817
31
0
0
LINE
8
A-WALL
10
19.88194
20
13.17817
30
0
11
22.31944
21
13.17817
31
0
0
LINE
8
A-WALL
10
23.06944
20
13.17817
30
0
11
24.38194
21
13.17817
31
0
0
LINE
8
A-WALL
10
24.75694
20
13.17817
30
0
11
28.00694
21
13.17817
31
0
0
LINE
8
A-WALL
10
28.38194
20
13.17817
30
0
11
29.14822
21
13.17817
31
0
0
LINE
8
A-WALL
10
6.96984
20
13.12739
30
0
11
7.38194
21
13.12739
31
0
0
LINE
8
A-WALL
10
7.75694
20
13.12739
30
0
11
8.16905
21
13.12739
31
0
0
LINE
8
A-WALL
10
8.21984
20
13.12739
30
0
11
8.63194
21
13.12739
31
0
0
LINE
8
A-WALL
10
9.00694
20
13.12739
30
0
11
9.41905
21
13.12739
31
0
0
LINE
8
A-WALL
10
9.46984
20
13.12739
30
0
11
9.88194
21
13.12739
31
0
0
LINE
8
A-WALL
10
10.25694
20
13.12739
30
0
11
10.66905
21
13.12739
31
0
0
LINE
8
A-WALL
10
10.71984
20
13.12739
30
0
11
11.13194
21
13.12739
31
0
0
LINE
8
A-WALL
10
11.50694
20
13.12739
30
0
11
11.91905
21
13.12739
31
0
0
LINE
8
A-WALL
10
11.96984
20
13.12739
30
0
11
12.38194
21
13.12739
31
0
0
LINE
8
A-WALL
10
12.75694
20
13.12739
30
0
11
13.16905
21
13.12739
31
0
0
LINE
8
A-WALL
10
13.21984
20
13.12739
30
0
11
14.07335
21
13.12739
31
0
0
LINE
8
A-WALL
10
14.14887
20
13.12739
30
0
11
15.50694
21
13.12739
31
0
0
LINE
8
A-WALL
10
15.88194
20
13.12739
30
0
11
17.83572
21
13.12739
31
0
0
LINE
8
A-WALL
10
17.8865
20
13.12739
30
0
11
19.50694
21
13.12739
31
0
0
LINE
8
A-WALL
10
19.88194
20
13.12739
30
0
11
21.58572
21
13.12739
31
0
0
LINE
8
A-WALL
10
21.6365
20
13.12739
30
0
11
22.31944
21
13.12739
31
0
0
LINE
8
A-WALL
10
23.06944
20
13.12739
30
0
11
23.79405
21
13.12739
31
0
0
LINE
8
A-WALL
10
23.84484
20
13.12739
30
0
11
24.38194
21
13.12739
31
0
0
LINE
8
A-WALL
10
24.75694
20
13.12739
30
0
11
26.36892
21
13.12739
31
0
0
LINE
8
A-WALL
10
26.51997
20
13.12739
30
0
11
28.00694
21
13.12739
31
0
0
LINE
8
A-WALL
10
28.38194
20
13.12739
30
0
11
29.14822
21
13.12739
31
0
0
LINE
8
A-WALL
10
7.38194
20
13.17817
30
0
11
7.38194
21
13.12739
31
0
0
LINE
8
A-WALL
10
7.75694
20
13.17817
30
0
11
7.75694
21
13.12739
31
0
0
LINE
8
A-WALL
10
8.63194
20
13.17817
30
0
11
8.63194
21
13.12739
31
0
0
LINE
8
A-WALL
10
9.00694
20
13.17817
30
0
11
9.00694
21
13.12739
31
0
0
LINE
8
A-WALL
10
9.88194
20
13.17817
30
0
11
9.88194
21
13.12739
31
0
0
LINE
8
A-WALL
10
10.25694
20
13.17817
30
0
11
10.25694
21
13.12739
31
0
0
LINE
8
A-WALL
10
11.13194
20
13.17817
30
0
11
11.13194
21
13.12739
31
0
0
LINE
8
A-WALL
10
11.50694
20
13.17817
30
0
11
11.50694
21
13.12739
31
0
0
LINE
8
A-WALL
10
12.38194
20
13.17817
30
0
11
12.38194
21
13.12739
31
0
0
LINE
8
A-WALL
10
12.75694
20
13.17817
30
0
11
12.75694
21
13.12739
31
0
0
LINE
8
A-WALL
10
15.50694
20
13.17817
30
0
11
15.50694
21
13.12739
31
0
0
LINE
8
A-WALL
10
15.88194
20
13.17817
30
0
11
15.88194
21
13.12739
31
0
0
LINE
8
A-WALL
10
19.50694
20
13.17817
30
0
11
19.50694
21
13.12739
31
0
0
LINE
8
A-WALL
10
19.88194
20
13.17817
30
0
11
19.88194
21
13.12739
31
0
0
LINE
8
A-WALL
10
22.31944
20
13.17817
30
0
11
22.31944
21
13.12739
31
0
0
LINE
8
A-WALL
10
23.06944
20
13.17817
30
0
11
23.06944
21
13.12739
31
0
0
LINE
8
A-WALL
10
24.38194
20
13.17817
30
0
11
24.38194
21
13.12739
31
0
0
LINE
8
A-WALL
10
24.75694
20
13.17817
30
0
11
24.75694
21
13.12739
31
0
0
LINE
8
A-WALL
10
28.00694
20
13.17817
30
0
11
28.00694
21
13.12739
31
0
0
LINE
8
A-WALL
10
28.38194
20
13.17817
30
0
11
28.38194
21
13.12739
31
0
0
LINE
8
A-DOOR
10
7.38194
20
13.17817
30
0
11
7.38194
21
13.55317
31
0
0
LINE
8
A-DOOR
10
7.38194
20
13.55317
30
0
11
7.40017
21
13.55317
31
0
0
LINE
8
A-DOOR
10
7.40017
20
13.55317
30
0
11
7.40017
21
13.17817
31
0
0
LINE
8
A-DOOR
10
7.40017
20
13.17817
30
0
11
7.38194
21
13.17817
31
0
0
LINE
8
A-DOOR
10
7.75694
20
13.17817
30
0
11
7.74933
21
13.25374
31
0
0
LINE
8
A-DOOR
10
7.74933
20
13.25374
30
0
11
7.72748
21
13.32414
31
0
0
LINE
8
A-DOOR
10
7.72748
20
13.32414
30
0
11
7.6929
21
13.38783
31
0
0
LINE
8
A-DOOR
10
7.6929
20
13.38783
30
0
11
7.64711
21
13.44333
31
0
0
LINE
8
A-DOOR
10
7.64711
20
13.44333
30
0
11
7.59161
21
13.48912
31
0
0
LINE
8
A-DOOR
10
7.59161
20
13.48912
30
0
11
7.52791
21
13.5237
31
0
0
LINE
8
A-DOOR
10
7.52791
20
13.5237
30
0
11
7.45752
21
13.54555
31
0
0
LINE
8
A-DOOR
10
7.45752
20
13.54555
30
0
11
7.38194
21
13.55317
31
0
0
LINE
8
A-ANNO-SYMB
10
7.63889
20
12.85239
30
0
11
7.63748
21
12.86638
31
0
0
LINE
8
A-ANNO-SYMB
10
7.63748
20
12.86638
30
0
11
7.63343
21
12.87942
31
0
0
LINE
8
A-ANNO-SYMB
10
7.63343
20
12.87942
30
0
11
7.62703
21
12.89121
31
0
0
LINE
8
A-ANNO-SYMB
10
7.62703
20
12.89121
30
0
11
7.61855
21
12.90149
31
0
0
LINE
8
A-ANNO-SYMB
10
7.61855
20
12.90149
30
0
11
7.60827
21
12.90997
31
0
0
LINE
8
A-ANNO-SYMB
10
7.60827
20
12.90997
30
0
11
7.59648
21
12.91637
31
0
0
LINE
8
A-ANNO-SYMB
10
7.59648
20
12.91637
30
0
11
7.58344
21
12.92042
31
0
0
LINE
8
A-ANNO-SYMB
10
7.58344
20
12.92042
30
0
11
7.56944
21
12.92183
31
0
0
LINE
8
A-ANNO-SYMB
10
7.56944
20
12.92183
30
0
11
7.55545
21
12.92042
31
0
0
LINE
8
A-ANNO-SYMB
10
7.55545
20
12.92042
30
0
11
7.54241
21
12.91637
31
0
0
LINE
8
A-ANNO-SYMB
10
7.54241
20
12.91637
30
0
11
7.53062
21
12.90997
31
0
0
LINE
8
A-ANNO-SYMB
10
7.53062
20
12.90997
30
0
11
7.52034
21
12.90149
31
0
0
LINE
8
A-ANNO-SYMB
10
7.52034
20
12.90149
30
0
11
7.51186
21
12.89121
31
0
0
LINE
8
A-ANNO-SYMB
10
7.51186
20
12.89121
30
0
11
7.50546
21
12.87942
31
0
0
LINE
8
A-ANNO-SYMB
10
7.50546
20
12.87942
30
0
11
7.50141
21
12.86638
31
0
0
LINE
8
A-ANNO-SYMB
10
7.50141
20
12.86638
30
0
11
7.5
21
12.85239
31
0
0
LINE
8
A-ANNO-SYMB
10
7.5
20
12.85239
30
0
11
7.50141
21
12.83839
31
0
0
LINE
8
A-ANNO-SYMB
10
7.50141
20
12.83839
30
0
11
7.50546
21
12.82536
31
0
0
LINE
8
A-ANNO-SYMB
10
7.50546
20
12.82536
30
0
11
7.51186
21
12.81356
31
0
0
LINE
8
A-ANNO-SYMB
10
7.51186
20
12.81356
30
0
11
7.52034
21
12.80328
31
0
0
LINE
8
A-ANNO-SYMB
10
7.52034
20
12.80328
30
0
11
7.53062
21
12.7948
31
0
0
LINE
8
A-ANNO-SYMB
10
7.53062
20
12.7948
30
0
11
7.54241
21
12.7884
31
0
0
LINE
8
A-ANNO-SYMB
10
7.54241
20
12.7884
30
0
11
7.55545
21
12.78435
31
0
0
LINE
8
A-ANNO-SYMB
10
7.55545
20
12.78435
30
0
11
7.56944
21
12.78294
31
0
0
LINE
8
A-ANNO-SYMB
10
7.56944
20
12.78294
30
0
11
7.58344
21
12.78435
31
0
0
LINE
8
A-ANNO-SYMB
10
7.58344
20
12.78435
30
0
11
7.59648
21
12.7884
31
0
0
LINE
8
A-ANNO-SYMB
10
7.59648
20
12.7884
30
0
11
7.60827
21
12.7948
31
0
0
LINE
8
A-ANNO-SYMB
10
7.60827
20
12.7948
30
0
11
7.61855
21
12.80328
31
0
0
LINE
8
A-ANNO-SYMB
10
7.61855
20
12.80328
30
0
11
7.62703
21
12.81356
31
0
0
LINE
8
A-ANNO-SYMB
10
7.62703
20
12.81356
30
0
11
7.63343
21
12.82536
31
0
0
LINE
8
A-ANNO-SYMB
10
7.63343
20
12.82536
30
0
11
7.63748
21
12.83839
31
0
0
LINE
8
A-ANNO-SYMB
10
7.63748
20
12.83839
30
0
11
7.63889
21
12.85239
31
0
0
TEXT
8
A-ANNO-SYMB
10
7.56944
20
12.82461
30
0
40
0.05
1
130
50
0
72
1
11
7.56944
21
12.82461
31
0
0
LINE
8
A-DOOR
10
8.63194
20
13.17817
30
0
11
8.63194
21
13.55317
31
0
0
LINE
8
A-DOOR
10
8.63194
20
13.55317
30
0
11
8.65017
21
13.55317
31
0
0
LINE
8
A-DOOR
10
8.65017
20
13.55317
30
0
11
8.65017
21
13.17817
31
0
0
LINE
8
A-DOOR
10
8.65017
20
13.17817
30
0
11
8.63194
21
13.17817
31
0
0
LINE
8
A-DOOR
10
9.00694
20
13.17817
30
0
11
8.99933
21
13.25374
31
0
0
LINE
8
A-DOOR
10
8.99933
20
13.25374
30
0
11
8.97748
21
13.32414
31
0
0
LINE
8
A-DOOR
10
8.97748
20
13.32414
30
0
11
8.9429
21
13.38783
31
0
0
LINE
8
A-DOOR
10
8.9429
20
13.38783
30
0
11
8.89711
21
13.44333
31
0
0
LINE
8
A-DOOR
10
8.89711
20
13.44333
30
0
11
8.84161
21
13.48912
31
0
0
LINE
8
A-DOOR
10
8.84161
20
13.48912
30
0
11
8.77791
21
13.5237
31
0
0
LINE
8
A-DOOR
10
8.77791
20
13.5237
30
0
11
8.70752
21
13.54555
31
0
0
LINE
8
A-DOOR
10
8.70752
20
13.54555
30
0
11
8.63194
21
13.55317
31
0
0
LINE
8
A-ANNO-SYMB
10
8.88889
20
12.85239
30
0
11
8.88748
21
12.86638
31
0
0
LINE
8
A-ANNO-SYMB
10
8.88748
20
12.86638
30
0
11
8.88343
21
12.87942
31
0
0
LINE
8
A-ANNO-SYMB
10
8.88343
20
12.87942
30
0
11
8.87703
21
12.89121
31
0
0
LINE
8
A-ANNO-SYMB
10
8.87703
20
12.89121
30
0
11
8.86855
21
12.90149
31
0
0
LINE
8
A-ANNO-SYMB
10
8.86855
20
12.90149
30
0
11
8.85827
21
12.90997
31
0
0
LINE
8
A-ANNO-SYMB
10
8.85827
20
12.90997
30
0
11
8.84648
21
12.91637
31
0
0
LINE
8
A-ANNO-SYMB
10
8.84648
20
12.91637
30
0
11
8.83344
21
12.92042
31
0
0
LINE
8
A-ANNO-SYMB
10
8.83344
20
12.92042
30
0
11
8.81944
21
12.92183
31
0
0
LINE
8
A-ANNO-SYMB
10
8.81944
20
12.92183
30
0
11
8.80545
21
12.92042
31
0
0
LINE
8
A-ANNO-SYMB
10
8.80545
20
12.92042
30
0
11
8.79241
21
12.91637
31
0
0
LINE
8
A-ANNO-SYMB
10
8.79241
20
12.91637
30
0
11
8.78062
21
12.90997
31
0
0
LINE
8
A-ANNO-SYMB
10
8.78062
20
12.90997
30
0
11
8.77034
21
12.90149
31
0
0
LINE
8
A-ANNO-SYMB
10
8.77034
20
12.90149
30
0
11
8.76186
21
12.89121
31
0
0
LINE
8
A-ANNO-SYMB
10
8.76186
20
12.89121
30
0
11
8.75546
21
12.87942
31
0
0
LINE
8
A-ANNO-SYMB
10
8.75546
20
12.87942
30
0
11
8.75141
21
12.86638
31
0
0
LINE
8
A-ANNO-SYMB
10
8.75141
20
12.86638
30
0
11
8.75
21
12.85239
31
0
0
LINE
8
A-ANNO-SYMB
10
8.75
20
12.85239
30
0
11
8.75141
21
12.83839
31
0
0
LINE
8
A-ANNO-SYMB
10
8.75141
20
12.83839
30
0
11
8.75546
21
12.82536
31
0
0
LINE
8
A-ANNO-SYMB
10
8.75546
20
12.82536
30
0
11
8.76186
21
12.81356
31
0
0
LINE
8
A-ANNO-SYMB
10
8.76186
20
12.81356
30
0
11
8.77034
21
12.80328
31
0
0
LINE
8
A-ANNO-SYMB
10
8.77034
20
12.80328
30
0
11
8.78062
21
12.7948
31
0
0
LINE
8
A-ANNO-SYMB
10
8.78062
20
12.7948
30
0
11
8.79241
21
12.7884
31
0
0
LINE
8
A-ANNO-SYMB
10
8.79241
20
12.7884
30
0
11
8.80545
21
12.78435
31
0
0
LINE
8
A-ANNO-SYMB
10
8.80545
20
12.78435
30
0
11
8.81944
21
12.78294
31
0
0
LINE
8
A-ANNO-SYMB
10
8.81944
20
12.78294
30
0
11
8.83344
21
12.78435
31
0
0
LINE
8
A-ANNO-SYMB
10
8.83344
20
12.78435
30
0
11
8.84648
21
12.7884
31
0
0
LINE
8
A-ANNO-SYMB
10
8.84648
20
12.7884
30
0
11
8.85827
21
12.7948
31
0
0
LINE
8
A-ANNO-SYMB
10
8.85827
20
12.7948
30
0
11
8.86855
21
12.80328
31
0
0
LINE
8
A-ANNO-SYMB
10
8.86855
20
12.80328
30
0
11
8.87703
21
12.81356
31
0
0
LINE
8
A-ANNO-SYMB
10
8.87703
20
12.81356
30
0
11
8.88343
21
12.82536
31
0
0
LINE
8
A-ANNO-SYMB
10
8.88343
20
12.82536
30
0
11
8.88748
21
12.83839
31
0
0
LINE
8
A-ANNO-SYMB
10
8.88748
20
12.83839
30
0
11
8.88889
21
12.85239
31
0
0
TEXT
8
A-ANNO-SYMB
10
8.81944
20
12.82461
30
0
40
0.05
1
131
50
0
72
1
11
8.81944
21
12.82461
31
0
0
LINE
8
A-DOOR
10
9.88194
20
13.17817
30
0
11
9.88194
21
13.55317
31
0
0
LINE
8
A-DOOR
10
9.88194
20
13.55317
30
0
11
9.90017
21
13.55317
31
0
0
LINE
8
A-DOOR
10
9.90017
20
13.55317
30
0
11
9.90017
21
13.17817
31
0
0
LINE
8
A-DOOR
10
9.90017
20
13.17817
30
0
11
9.88194
21
13.17817
31
0
0
LINE
8
A-DOOR
10
10.25694
20
13.17817
30
0
11
10.24933
21
13.25374
31
0
0
LINE
8
A-DOOR
10
10.24933
20
13.25374
30
0
11
10.22748
21
13.32414
31
0
0
LINE
8
A-DOOR
10
10.22748
20
13.32414
30
0
11
10.1929
21
13.38783
31
0
0
LINE
8
A-DOOR
10
10.1929
20
13.38783
30
0
11
10.14711
21
13.44333
31
0
0
LINE
8
A-DOOR
10
10.14711
20
13.44333
30
0
11
10.09161
21
13.48912
31
0
0
LINE
8
A-DOOR
10
10.09161
20
13.48912
30
0
11
10.02791
21
13.5237
31
0
0
LINE
8
A-DOOR
10
10.02791
20
13.5237
30
0
11
9.95752
21
13.54555
31
0
0
LINE
8
A-DOOR
10
9.95752
20
13.54555
30
0
11
9.88194
21
13.55317
31
0
0
LINE
8
A-ANNO-SYMB
10
10.13889
20
12.85239
30
0
11
10.13748
21
12.86638
31
0
0
LINE
8
A-ANNO-SYMB
10
10.13748
20
12.86638
30
0
11
10.13343
21
12.87942
31
0
0
LINE
8
A-ANNO-SYMB
10
10.13343
20
12.87942
30
0
11
10.12703
21
12.89121
31
0
0
LINE
8
A-ANNO-SYMB
10
10.12703
20
12.89121
30
0
11
10.11855
21
12.90149
31
0
0
LINE
8
A-ANNO-SYMB
10
10.11855
20
12.90149
30
0
11
10.10827
21
12.90997
31
0
0
LINE
8
A-ANNO-SYMB
10
10.10827
20
12.90997
30
0
11
10.09648
21
12.91637
31
0
0
LINE
8
A-ANNO-SYMB
10
10.09648
20
12.91637
30
0
11
10.08344
21
12.92042
31
0
0
LINE
8
A-ANNO-SYMB
10
10.08344
20
12.92042
30
0
11
10.06944
21
12.92183
31
0
0
LINE
8
A-ANNO-SYMB
10
10.06944
20
12.92183
30
0
11
10.05545
21
12.92042
31
0
0
LINE
8
A-ANNO-SYMB
10
10.05545
20
12.92042
30
0
11
10.04241
21
12.91637
31
0
0
LINE
8
A-ANNO-SYMB
10
10.04241
20
12.91637
30
0
11
10.03062
21
12.90997
31
0
0
LINE
8
A-ANNO-SYMB
10
10.03062
20
12.90997
30
0
11
10.02034
21
12.90149
31
0
0
LINE
8
A-ANNO-SYMB
10
10.02034
20
12.90149
30
0
11
10.01186
21
12.89121
31
0
0
LINE
8
A-ANNO-SYMB
10
10.01186
20
12.89121
30
0
11
10.00546
21
12.87942
31
0
0
LINE
8
A-ANNO-SYMB
10
10.00546
20
12.87942
30
0
11
10.00141
21
12.86638
31
0
0
LINE
8
A-ANNO-SYMB
10
10.00141
20
12.86638
30
0
11
10
21
12.85239
31
0
0
LINE
8
A-ANNO-SYMB
10
10
20
12.85239
30
0
11
10.00141
21
12.83839
31
0
0
LINE
8
A-ANNO-SYMB
10
10.00141
20
12.83839
30
0
11
10.00546
21
12.82536
31
0
0
LINE
8
A-ANNO-SYMB
10
10.00546
20
12.82536
30
0
11
10.01186
21
12.81356
31
0
0
LINE
8
A-ANNO-SYMB
10
10.01186
20
12.81356
30
0
11
10.02034
21
12.80328
31
0
0
LINE
8
A-ANNO-SYMB
10
10.02034
20
12.80328
30
0
11
10.03062
21
12.7948
31
0
0
LINE
8
A-ANNO-SYMB
10
10.03062
20
12.7948
30
0
11
10.04241
21
12.7884
31
0
0
LINE
8
A-ANNO-SYMB
10
10.04241
20
12.7884
30
0
11
10.05545
21
12.78435
31
0
0
LINE
8
A-ANNO-SYMB
10
10.05545
20
12.78435
30
0
11
10.06944
21
12.78294
31
0
0
LINE
8
A-ANNO-SYMB
10
10.06944
20
12.78294
30
0
11
10.08344
21
12.78435
31
0
0
LINE
8
A-ANNO-SYMB
10
10.08344
20
12.78435
30
0
11
10.09648
21
12.7884
31
0
0
LINE
8
A-ANNO-SYMB
10
10.09648
20
12.7884
30
0
11
10.10827
21
12.7948
31
0
0
LINE
8
A-ANNO-SYMB
10
10.10827
20
12.7948
30
0
11
10.11855
21
12.80328
31
0
0
LINE
8
A-ANNO-SYMB
10
10.11855
20
12.80328
30
0
11
10.12703
21
12.81356
31
0
0
LINE
8
A-ANNO-SYMB
10
10.12703
20
12.81356
30
0
11
10.13343
21
12.82536
31
0
0
LINE
8
A-ANNO-SYMB
10
10.13343
20
12.82536
30
0
11
10.13748
21
12.83839
31
0
0
LINE
8
A-ANNO-SYMB
10
10.13748
20
12.83839
30
0
11
10.13889
21
12.85239
31
0
0
TEXT
8
A-ANNO-SYMB
10
10.06944
20
12.82461
30
0
40
0.05
1
132
50
0
72
1
11
10.06944
21
12.82461
31
0
0
LINE
8
A-DOOR
10
11.13194
20
13.17817
30
0
11
11.13194
21
13.55317
31
0
0
LINE
8
A-DOOR
10
11.13194
20
13.55317
30
0
11
11.15017
21
13.55317
31
0
0
LINE
8
A-DOOR
10
11.15017
20
13.55317
30
0
11
11.15017
21
13.17817
31
0
0
LINE
8
A-DOOR
10
11.15017
20
13.17817
30
0
11
11.13194
21
13.17817
31
0
0
LINE
8
A-DOOR
10
11.50694
20
13.17817
30
0
11
11.49933
21
13.25374
31
0
0
LINE
8
A-DOOR
10
11.49933
20
13.25374
30
0
11
11.47748
21
13.32414
31
0
0
LINE
8
A-DOOR
10
11.47748
20
13.32414
30
0
11
11.4429
21
13.38783
31
0
0
LINE
8
A-DOOR
10
11.4429
20
13.38783
30
0
11
11.39711
21
13.44333
31
0
0
LINE
8
A-DOOR
10
11.39711
20
13.44333
30
0
11
11.34161
21
13.48912
31
0
0
LINE
8
A-DOOR
10
11.34161
20
13.48912
30
0
11
11.27791
21
13.5237
31
0
0
LINE
8
A-DOOR
10
11.27791
20
13.5237
30
0
11
11.20752
21
13.54555
31
0
0
LINE
8
A-DOOR
10
11.20752
20
13.54555
30
0
11
11.13194
21
13.55317
31
0
0
LINE
8
A-ANNO-SYMB
10
11.38889
20
12.85239
30
0
11
11.38748
21
12.86638
31
0
0
LINE
8
A-ANNO-SYMB
10
11.38748
20
12.86638
30
0
11
11.38343
21
12.87942
31
0
0
LINE
8
A-ANNO-SYMB
10
11.38343
20
12.87942
30
0
11
11.37703
21
12.89121
31
0
0
LINE
8
A-ANNO-SYMB
10
11.37703
20
12.89121
30
0
11
11.36855
21
12.90149
31
0
0
LINE
8
A-ANNO-SYMB
10
11.36855
20
12.90149
30
0
11
11.35827
21
12.90997
31
0
0
LINE
8
A-ANNO-SYMB
10
11.35827
20
12.90997
30
0
11
11.34648
21
12.91637
31
0
0
LINE
8
A-ANNO-SYMB
10
11.34648
20
12.91637
30
0
11
11.33344
21
12.92042
31
0
0
LINE
8
A-ANNO-SYMB
10
11.33344
20
12.92042
30
0
11
11.31944
21
12.92183
31
0
0
LINE
8
A-ANNO-SYMB
10
11.31944
20
12.92183
30
0
11
11.30545
21
12.92042
31
0
0
LINE
8
A-ANNO-SYMB
10
11.30545
20
12.92042
30
0
11
11.29241
21
12.91637
31
0
0
LINE
8
A-ANNO-SYMB
10
11.29241
20
12.91637
30
0
11
11.28062
21
12.90997
31
0
0
LINE
8
A-ANNO-SYMB
10
11.28062
20
12.90997
30
0
11
11.27034
21
12.90149
31
0
0
LINE
8
A-ANNO-SYMB
10
11.27034
20
12.90149
30
0
11
11.26186
21
12.89121
31
0
0
LINE
8
A-ANNO-SYMB
10
11.26186
20
12.89121
30
0
11
11.25546
21
12.87942
31
0
0
LINE
8
A-ANNO-SYMB
10
11.25546
20
12.87942
30
0
11
11.25141
21
12.86638
31
0
0
LINE
8
A-ANNO-SYMB
10
11.25141
20
12.86638
30
0
11
11.25
21
12.85239
31
0
0
LINE
8
A-ANNO-SYMB
10
11.25
20
12.85239
30
0
11
11.25141
21
12.83839
31
0
0
LINE
8
A-ANNO-SYMB
10
11.25141
20
12.83839
30
0
11
11.25546
21
12.82536
31
0
0
LINE
8
A-ANNO-SYMB
10
11.25546
20
12.82536
30
0
11
11.26186
21
12.81356
31
0
0
LINE
8
A-ANNO-SYMB
10
11.26186
20
12.81356
30
0
11
11.27034
21
12.80328
31
0
0
LINE
8
A-ANNO-SYMB
10
11.27034
20
12.80328
30
0
11
11.28062
21
12.7948
31
0
0
LINE
8
A-ANNO-SYMB
10
11.28062
20
12.7948
30
0
11
11.29241
21
12.7884
31
0
0
LINE
8
A-ANNO-SYMB
10
11.29241
20
12.7884
30
0
11
11.30545
21
12.78435
31
0
0
LINE
8
A-ANNO-SYMB
10
11.30545
20
12.78435
30
0
11
11.31944
21
12.78294
31
0
0
LINE
8
A-ANNO-SYMB
10
11.31944
20
12.78294
30
0
11
11.33344
21
12.78435
31
0
0
LINE
8
A-ANNO-SYMB
10
11.33344
20
12.78435
30
0
11
11.34648
21
12.7884
31
0
0
LINE
8
A-ANNO-SYMB
10
11.34648
20
12.7884
30
0
11
11.35827
21
12.7948
31
0
0
LINE
8
A-ANNO-SYMB
10
11.35827
20
12.7948
30
0
11
11.36855
21
12.80328
31
0
0
LINE
8
A-ANNO-SYMB
10
11.36855
20
12.80328
30
0
11
11.37703
21
12.81356
31
0
0
LINE
8
A-ANNO-SYMB
10
11.37703
20
12.81356
30
0
11
11.38343
21
12.82536
31
0
0
LINE
8
A-ANNO-SYMB
10
11.38343
20
12.82536
30
0
11
11.38748
21
12.83839
31
0
0
LINE
8
A-ANNO-SYMB
10
11.38748
20
12.83839
30
0
11
11.38889
21
12.85239
31
0
0
TEXT
8
A-ANNO-SYMB
10
11.31944
20
12.82461
30
0
40
0.05
1
133
50
0
72
1
11
11.31944
21
12.82461
31
0
0
LINE
8
A-DOOR
10
12.38194
20
13.17817
30
0
11
12.38194
21
13.55317
31
0
0
LINE
8
A-DOOR
10
12.38194
20
13.55317
30
0
11
12.40017
21
13.55317
31
0
0
LINE
8
A-DOOR
10
12.40017
20
13.55317
30
0
11
12.40017
21
13.17817
31
0
0
LINE
8
A-DOOR
10
12.40017
20
13.17817
30
0
11
12.38194
21
13.17817
31
0
0
LINE
8
A-DOOR
10
12.75694
20
13.17817
30
0
11
12.74933
21
13.25374
31
0
0
LINE
8
A-DOOR
10
12.74933
20
13.25374
30
0
11
12.72748
21
13.32414
31
0
0
LINE
8
A-DOOR
10
12.72748
20
13.32414
30
0
11
12.6929
21
13.38783
31
0
0
LINE
8
A-DOOR
10
12.6929
20
13.38783
30
0
11
12.64711
21
13.44333
31
0
0
LINE
8
A-DOOR
10
12.64711
20
13.44333
30
0
11
12.59161
21
13.48912
31
0
0
LINE
8
A-DOOR
10
12.59161
20
13.48912
30
0
11
12.52791
21
13.5237
31
0
0
LINE
8
A-DOOR
10
12.52791
20
13.5237
30
0
11
12.45752
21
13.54555
31
0
0
LINE
8
A-DOOR
10
12.45752
20
13.54555
30
0
11
12.38194
21
13.55317
31
0
0
LINE
8
A-ANNO-SYMB
10
12.63889
20
12.85239
30
0
11
12.63748
21
12.86638
31
0
0
LINE
8
A-ANNO-SYMB
10
12.63748
20
12.86638
30
0
11
12.63343
21
12.87942
31
0
0
LINE
8
A-ANNO-SYMB
10
12.63343
20
12.87942
30
0
11
12.62703
21
12.89121
31
0
0
LINE
8
A-ANNO-SYMB
10
12.62703
20
12.89121
30
0
11
12.61855
21
12.90149
31
0
0
LINE
8
A-ANNO-SYMB
10
12.61855
20
12.90149
30
0
11
12.60827
21
12.90997
31
0
0
LINE
8
A-ANNO-SYMB
10
12.60827
20
12.90997
30
0
11
12.59648
21
12.91637
31
0
0
LINE
8
A-ANNO-SYMB
10
12.59648
20
12.91637
30
0
11
12.58344
21
12.92042
31
0
0
LINE
8
A-ANNO-SYMB
10
12.58344
20
12.92042
30
0
11
12.56944
21
12.92183
31
0
0
LINE
8
A-ANNO-SYMB
10
12.56944
20
12.92183
30
0
11
12.55545
21
12.92042
31
0
0
LINE
8
A-ANNO-SYMB
10
12.55545
20
12.92042
30
0
11
12.54241
21
12.91637
31
0
0
LINE
8
A-ANNO-SYMB
10
12.54241
20
12.91637
30
0
11
12.53062
21
12.90997
31
0
0
LINE
8
A-ANNO-SYMB
10
12.53062
20
12.90997
30
0
11
12.52034
21
12.90149
31
0
0
LINE
8
A-ANNO-SYMB
10
12.52034
20
12.90149
30
0
11
12.51186
21
12.89121
31
0
0
LINE
8
A-ANNO-SYMB
10
12.51186
20
12.89121
30
0
11
12.50546
21
12.87942
31
0
0
LINE
8
A-ANNO-SYMB
10
12.50546
20
12.87942
30
0
11
12.50141
21
12.86638
31
0
0
LINE
8
A-ANNO-SYMB
10
12.50141
20
12.86638
30
0
11
12.5
21
12.85239
31
0
0
LINE
8
A-ANNO-SYMB
10
12.5
20
12.85239
30
0
11
12.50141
21
12.83839
31
0
0
LINE
8
A-ANNO-SYMB
10
12.50141
20
12.83839
30
0
11
12.50546
21
12.82536
31
0
0
LINE
8
A-ANNO-SYMB
10
12.50546
20
12.82536
30
0
11
12.51186
21
12.81356
31
0
0
LINE
8
A-ANNO-SYMB
10
12.51186
20
12.81356
30
0
11
12.52034
21
12.80328
31
0
0
LINE
8
A-ANNO-SYMB
10
12.52034
20
12.80328
30
0
11
12.53062
21
12.7948
31
0
0
LINE
8
A-ANNO-SYMB
10
12.53062
20
12.7948
30
0
11
12.54241
21
12.7884
31
0
0
LINE
8
A-ANNO-SYMB
10
12.54241
20
12.7884
30
0
11
12.55545
21
12.78435
31
0
0
LINE
8
A-ANNO-SYMB
10
12.55545
20
12.78435
30
0
11
12.56944
21
12.78294
31
0
0
LINE
8
A-ANNO-SYMB
10
12.56944
20
12.78294
30
0
11
12.58344
21
12.78435
31
0
0
LINE
8
A-ANNO-SYMB
10
12.58344
20
12.78435
30
0
11
12.59648
21
12.7884
31
0
0
LINE
8
A-ANNO-SYMB
10
12.59648
20
12.7884
30
0
11
12.60827
21
12.7948
31
0
0
LINE
8
A-ANNO-SYMB
10
12.60827
20
12.7948
30
0
11
12.61855
21
12.80328
31
0
0
LINE
8
A-ANNO-SYMB
10
12.61855
20
12.80328
30
0
11
12.62703
21
12.81356
31
0
0
LINE
8
A-ANNO-SYMB
10
12.62703
20
12.81356
30
0
11
12.63343
21
12.82536
31
0
0
LINE
8
A-ANNO-SYMB
10
12.63343
20
12.82536
30
0
11
12.63748
21
12.83839
31
0
0
LINE
8
A-ANNO-SYMB
10
12.63748
20
12.83839
30
0
11
12.63889
21
12.85239
31
0
0
TEXT
8
A-ANNO-SYMB
10
12.56944
20
12.82461
30
0
40
0.05
1
134
50
0
72
1
11
12.56944
21
12.82461
31
0
0
LINE
8
A-DOOR
10
15.50694
20
13.17817
30
0
11
15.50694
21
13.55317
31
0
0
LINE
8
A-DOOR
10
15.50694
20
13.55317
30
0
11
15.52517
21
13.55317
31
0
0
LINE
8
A-DOOR
10
15.52517
20
13.55317
30
0
11
15.52517
21
13.17817
31
0
0
LINE
8
A-DOOR
10
15.52517
20
13.17817
30
0
11
15.50694
21
13.17817
31
0
0
LINE
8
A-DOOR
10
15.88194
20
13.17817
30
0
11
15.87433
21
13.25374
31
0
0
LINE
8
A-DOOR
10
15.87433
20
13.25374
30
0
11
15.85248
21
13.32414
31
0
0
LINE
8
A-DOOR
10
15.85248
20
13.32414
30
0
11
15.8179
21
13.38783
31
0
0
LINE
8
A-DOOR
10
15.8179
20
13.38783
30
0
11
15.77211
21
13.44333
31
0
0
LINE
8
A-DOOR
10
15.77211
20
13.44333
30
0
11
15.71661
21
13.48912
31
0
0
LINE
8
A-DOOR
10
15.71661
20
13.48912
30
0
11
15.65291
21
13.5237
31
0
0
LINE
8
A-DOOR
10
15.65291
20
13.5237
30
0
11
15.58252
21
13.54555
31
0
0
LINE
8
A-DOOR
10
15.58252
20
13.54555
30
0
11
15.50694
21
13.55317
31
0
0
LINE
8
A-ANNO-SYMB
10
15.76389
20
12.85239
30
0
11
15.76248
21
12.86638
31
0
0
LINE
8
A-ANNO-SYMB
10
15.76248
20
12.86638
30
0
11
15.75843
21
12.87942
31
0
0
LINE
8
A-ANNO-SYMB
10
15.75843
20
12.87942
30
0
11
15.75203
21
12.89121
31
0
0
LINE
8
A-ANNO-SYMB
10
15.75203
20
12.89121
30
0
11
15.74355
21
12.90149
31
0
0
LINE
8
A-ANNO-SYMB
10
15.74355
20
12.90149
30
0
11
15.73327
21
12.90997
31
0
0
LINE
8
A-ANNO-SYMB
10
15.73327
20
12.90997
30
0
11
15.72148
21
12.91637
31
0
0
LINE
8
A-ANNO-SYMB
10
15.72148
20
12.91637
30
0
11
15.70844
21
12.92042
31
0
0
LINE
8
A-ANNO-SYMB
10
15.70844
20
12.92042
30
0
11
15.69444
21
12.92183
31
0
0
LINE
8
A-ANNO-SYMB
10
15.69444
20
12.92183
30
0
11
15.68045
21
12.92042
31
0
0
LINE
8
A-ANNO-SYMB
10
15.68045
20
12.92042
30
0
11
15.66741
21
12.91637
31
0
0
LINE
8
A-ANNO-SYMB
10
15.66741
20
12.91637
30
0
11
15.65562
21
12.90997
31
0
0
LINE
8
A-ANNO-SYMB
10
15.65562
20
12.90997
30
0
11
15.64534
21
12.90149
31
0
0
LINE
8
A-ANNO-SYMB
10
15.64534
20
12.90149
30
0
11
15.63686
21
12.89121
31
0
0
LINE
8
A-ANNO-SYMB
10
15.63686
20
12.89121
30
0
11
15.63046
21
12.87942
31
0
0
LINE
8
A-ANNO-SYMB
10
15.63046
20
12.87942
30
0
11
15.62641
21
12.86638
31
0
0
LINE
8
A-ANNO-SYMB
10
15.62641
20
12.86638
30
0
11
15.625
21
12.85239
31
0
0
LINE
8
A-ANNO-SYMB
10
15.625
20
12.85239
30
0
11
15.62641
21
12.83839
31
0
0
LINE
8
A-ANNO-SYMB
10
15.62641
20
12.83839
30
0
11
15.63046
21
12.82536
31
0
0
LINE
8
A-ANNO-SYMB
10
15.63046
20
12.82536
30
0
11
15.63686
21
12.81356
31
0
0
LINE
8
A-ANNO-SYMB
10
15.63686
20
12.81356
30
0
11
15.64534
21
12.80328
31
0
0
LINE
8
A-ANNO-SYMB
10
15.64534
20
12.80328
30
0
11
15.65562
21
12.7948
31
0
0
LINE
8
A-ANNO-SYMB
10
15.65562
20
12.7948
30
0
11
15.66741
21
12.7884
31
0
0
LINE
8
A-ANNO-SYMB
10
15.66741
20
12.7884
30
0
11
15.68045
21
12.78435
31
0
0
LINE
8
A-ANNO-SYMB
10
15.68045
20
12.78435
30
0
11
15.69444
21
12.78294
31
0
0
LINE
8
A-ANNO-SYMB
10
15.69444
20
12.78294
30
0
11
15.70844
21
12.78435
31
0
0
LINE
8
A-ANNO-SYMB
10
15.70844
20
12.78435
30
0
11
15.72148
21
12.7884
31
0
0
LINE
8
A-ANNO-SYMB
10
15.72148
20
12.7884
30
0
11
15.73327
21
12.7948
31
0
0
LINE
8
A-ANNO-SYMB
10
15.73327
20
12.7948
30
0
11
15.74355
21
12.80328
31
0
0
LINE
8
A-ANNO-SYMB
10
15.74355
20
12.80328
30
0
11
15.75203
21
12.81356
31
0
0
LINE
8
A-ANNO-SYMB
10
15.75203
20
12.81356
30
0
11
15.75843
21
12.82536
31
0
0
LINE
8
A-ANNO-SYMB
10
15.75843
20
12.82536
30
0
11
15.76248
21
12.83839
31
0
0
LINE
8
A-ANNO-SYMB
10
15.76248
20
12.83839
30
0
11
15.76389
21
12.85239
31
0
0
TEXT
8
A-ANNO-SYMB
10
15.69444
20
12.82461
30
0
40
0.05
1
140
50
0
72
1
11
15.69444
21
12.82461
31
0
0
LINE
8
A-DOOR
10
19.50694
20
13.17817
30
0
11
19.50694
21
13.55317
31
0
0
LINE
8
A-DOOR
10
19.50694
20
13.55317
30
0
11
19.52517
21
13.55317
31
0
0
LINE
8
A-DOOR
10
19.52517
20
13.55317
30
0
11
19.52517
21
13.17817
31
0
0
LINE
8
A-DOOR
10
19.52517
20
13.17817
30
0
11
19.50694
21
13.17817
31
0
0
LINE
8
A-DOOR
10
19.88194
20
13.17817
30
0
11
19.87433
21
13.25374
31
0
0
LINE
8
A-DOOR
10
19.87433
20
13.25374
30
0
11
19.85248
21
13.32414
31
0
0
LINE
8
A-DOOR
10
19.85248
20
13.32414
30
0
11
19.8179
21
13.38783
31
0
0
LINE
8
A-DOOR
10
19.8179
20
13.38783
30
0
11
19.77211
21
13.44333
31
0
0
LINE
8
A-DOOR
10
19.77211
20
13.44333
30
0
11
19.71661
21
13.48912
31
0
0
LINE
8
A-DOOR
10
19.71661
20
13.48912
30
0
11
19.65291
21
13.5237
31
0
0
LINE
8
A-DOOR
10
19.65291
20
13.5237
30
0
11
19.58252
21
13.54555
31
0
0
LINE
8
A-DOOR
10
19.58252
20
13.54555
30
0
11
19.50694
21
13.55317
31
0
0
LINE
8
A-ANNO-SYMB
10
19.76389
20
12.85239
30
0
11
19.76248
21
12.86638
31
0
0
LINE
8
A-ANNO-SYMB
10
19.76248
20
12.86638
30
0
11
19.75843
21
12.87942
31
0
0
LINE
8
A-ANNO-SYMB
10
19.75843
20
12.87942
30
0
11
19.75203
21
12.89121
31
0
0
LINE
8
A-ANNO-SYMB
10
19.75203
20
12.89121
30
0
11
19.74355
21
12.90149
31
0
0
LINE
8
A-ANNO-SYMB
10
19.74355
20
12.90149
30
0
11
19.73327
21
12.90997
31
0
0
LINE
8
A-ANNO-SYMB
10
19.73327
20
12.90997
30
0
11
19.72148
21
12.91637
31
0
0
LINE
8
A-ANNO-SYMB
10
19.72148
20
12.91637
30
0
11
19.70844
21
12.92042
31
0
0
LINE
8
A-ANNO-SYMB
10
19.70844
20
12.92042
30
0
11
19.69444
21
12.92183
31
0
0
LINE
8
A-ANNO-SYMB
10
19.69444
20
12.92183
30
0
11
19.68045
21
12.92042
31
0
0
LINE
8
A-ANNO-SYMB
10
19.68045
20
12.92042
30
0
11
19.66741
21
12.91637
31
0
0
LINE
8
A-ANNO-SYMB
10
19.66741
20
12.91637
30
0
11
19.65562
21
12.90997
31
0
0
LINE
8
A-ANNO-SYMB
10
19.65562
20
12.90997
30
0
11
19.64534
21
12.90149
31
0
0
LINE
8
A-ANNO-SYMB
10
19.64534
20
12.90149
30
0
11
19.63686
21
12.89121
31
0
0
LINE
8
A-ANNO-SYMB
10
19.63686
20
12.89121
30
0
11
19.63046
21
12.87942
31
0
0
LINE
8
A-ANNO-SYMB
10
19.63046
20
12.87942
30
0
11
19.62641
21
12.86638
31
0
0
LINE
8
A-ANNO-SYMB
10
19.62641
20
12.86638
30
0
11
19.625
21
12.85239
31
0
0
LINE
8
A-ANNO-SYMB
10
19.625
20
12.85239
30
0
11
19.62641
21
12.83839
31
0
0
LINE
8
A-ANNO-SYMB
10
19.62641
20
12.83839
30
0
11
19.63046
21
12.82536
31
0
0
LINE
8
A-ANNO-SYMB
10
19.63046
20
12.82536
30
0
11
19.63686
21
12.81356
31
0
0
LINE
8
A-ANNO-SYMB
10
19.63686
20
12.81356
30
0
11
19.64534
21
12.80328
31
0
0
LINE
8
A-ANNO-SYMB
10
19.64534
20
12.80328
30
0
11
19.65562
21
12.7948
31
0
0
LINE
8
A-ANNO-SYMB
10
19.65562
20
12.7948
30
0
11
19.66741
21
12.7884
31
0
0
LINE
8
A-ANNO-SYMB
10
19.66741
20
12.7884
30
0
11
19.68045
21
12.78435
31
0
0
LINE
8
A-ANNO-SYMB
10
19.68045
20
12.78435
30
0
11
19.69444
21
12.78294
31
0
0
LINE
8
A-ANNO-SYMB
10
19.69444
20
12.78294
30
0
11
19.70844
21
12.78435
31
0
0
LINE
8
A-ANNO-SYMB
10
19.70844
20
12.78435
30
0
11
19.72148
21
12.7884
31
0
0
LINE
8
A-ANNO-SYMB
10
19.72148
20
12.7884
30
0
11
19.73327
21
12.7948
31
0
0
LINE
8
A-ANNO-SYMB
10
19.73327
20
12.7948
30
0
11
19.74355
21
12.80328
31
0
0
LINE
8
A-ANNO-SYMB
10
19.74355
20
12.80328
30
0
11
19.75203
21
12.81356
31
0
0
LINE
8
A-ANNO-SYMB
10
19.75203
20
12.81356
30
0
11
19.75843
21
12.82536
31
0
0
LINE
8
A-ANNO-SYMB
10
19.75843
20
12.82536
30
0
11
19.76248
21
12.83839
31
0
0
LINE
8
A-ANNO-SYMB
10
19.76248
20
12.83839
30
0
11
19.76389
21
12.85239
31
0
0
TEXT
8
A-ANNO-SYMB
10
19.69444
20
12.82461
30
0
40
0.05
1
141
50
0
72
1
11
19.69444
21
12.82461
31
0
0
LINE
8
A-DOOR
10
22.31944
20
13.17817
30
0
11
22.31944
21
13.55317
31
0
0
LINE
8
A-DOOR
10
22.31944
20
13.55317
30
0
11
22.33767
21
13.55317
31
0
0
LINE
8
A-DOOR
10
22.33767
20
13.55317
30
0
11
22.33767
21
13.17817
31
0
0
LINE
8
A-DOOR
10
22.33767
20
13.17817
30
0
11
22.31944
21
13.17817
31
0
0
LINE
8
A-DOOR
10
22.69444
20
13.17817
30
0
11
22.68683
21
13.25374
31
0
0
LINE
8
A-DOOR
10
22.68683
20
13.25374
30
0
11
22.66498
21
13.32414
31
0
0
LINE
8
A-DOOR
10
22.66498
20
13.32414
30
0
11
22.6304
21
13.38783
31
0
0
LINE
8
A-DOOR
10
22.6304
20
13.38783
30
0
11
22.58461
21
13.44333
31
0
0
LINE
8
A-DOOR
10
22.58461
20
13.44333
30
0
11
22.52911
21
13.48912
31
0
0
LINE
8
A-DOOR
10
22.52911
20
13.48912
30
0
11
22.46541
21
13.5237
31
0
0
LINE
8
A-DOOR
10
22.46541
20
13.5237
30
0
11
22.39502
21
13.54555
31
0
0
LINE
8
A-DOOR
10
22.39502
20
13.54555
30
0
11
22.31944
21
13.55317
31
0
0
LINE
8
A-DOOR
10
23.06944
20
13.17817
30
0
11
23.06944
21
13.55317
31
0
0
LINE
8
A-DOOR
10
23.06944
20
13.55317
30
0
11
23.05122
21
13.55317
31
0
0
LINE
8
A-DOOR
10
23.05122
20
13.55317
30
0
11
23.05122
21
13.17817
31
0
0
LINE
8
A-DOOR
10
23.05122
20
13.17817
30
0
11
23.06944
21
13.17817
31
0
0
LINE
8
A-DOOR
10
23.06944
20
13.55317
30
0
11
22.99387
21
13.54555
31
0
0
LINE
8
A-DOOR
10
22.99387
20
13.54555
30
0
11
22.92348
21
13.5237
31
0
0
LINE
8
A-DOOR
10
22.92348
20
13.5237
30
0
11
22.85978
21
13.48912
31
0
0
LINE
8
A-DOOR
10
22.85978
20
13.48912
30
0
11
22.80428
21
13.44333
31
0
0
LINE
8
A-DOOR
10
22.80428
20
13.44333
30
0
11
22.75849
21
13.38783
31
0
0
LINE
8
A-DOOR
10
22.75849
20
13.38783
30
0
11
22.72391
21
13.32414
31
0
0
LINE
8
A-DOOR
10
22.72391
20
13.32414
30
0
11
22.70206
21
13.25374
31
0
0
LINE
8
A-DOOR
10
22.70206
20
13.25374
30
0
11
22.69444
21
13.17817
31
0
0
LINE
8
A-ANNO-SYMB
10
22.76389
20
12.85239
30
0
11
22.76248
21
12.86638
31
0
0
LINE
8
A-ANNO-SYMB
10
22.76248
20
12.86638
30
0
11
22.75843
21
12.87942
31
0
0
LINE
8
A-ANNO-SYMB
10
22.75843
20
12.87942
30
0
11
22.75203
21
12.89121
31
0
0
LINE
8
A-ANNO-SYMB
10
22.75203
20
12.89121
30
0
11
22.74355
21
12.90149
31
0
0
LINE
8
A-ANNO-SYMB
10
22.74355
20
12.90149
30
0
11
22.73327
21
12.90997
31
0
0
LINE
8
A-ANNO-SYMB
10
22.73327
20
12.90997
30
0
11
22.72148
21
12.91637
31
0
0
LINE
8
A-ANNO-SYMB
10
22.72148
20
12.91637
30
0
11
22.70844
21
12.92042
31
0
0
LINE
8
A-ANNO-SYMB
10
22.70844
20
12.92042
30
0
11
22.69444
21
12.92183
31
0
0
LINE
8
A-ANNO-SYMB
10
22.69444
20
12.92183
30
0
11
22.68045
21
12.92042
31
0
0
LINE
8
A-ANNO-SYMB
10
22.68045
20
12.92042
30
0
11
22.66741
21
12.91637
31
0
0
LINE
8
A-ANNO-SYMB
10
22.66741
20
12.91637
30
0
11
22.65562
21
12.90997
31
0
0
LINE
8
A-ANNO-SYMB
10
22.65562
20
12.90997
30
0
11
22.64534
21
12.90149
31
0
0
LINE
8
A-ANNO-SYMB
10
22.64534
20
12.90149
30
0
11
22.63686
21
12.89121
31
0
0
LINE
8
A-ANNO-SYMB
10
22.63686
20
12.89121
30
0
11
22.63046
21
12.87942
31
0
0
LINE
8
A-ANNO-SYMB
10
22.63046
20
12.87942
30
0
11
22.62641
21
12.86638
31
0
0
LINE
8
A-ANNO-SYMB
10
22.62641
20
12.86638
30
0
11
22.625
21
12.85239
31
0
0
LINE
8
A-ANNO-SYMB
10
22.625
20
12.85239
30
0
11
22.62641
21
12.83839
31
0
0
LINE
8
A-ANNO-SYMB
10
22.62641
20
12.83839
30
0
11
22.63046
21
12.82536
31
0
0
LINE
8
A-ANNO-SYMB
10
22.63046
20
12.82536
30
0
11
22.63686
21
12.81356
31
0
0
LINE
8
A-ANNO-SYMB
10
22.63686
20
12.81356
30
0
11
22.64534
21
12.80328
31
0
0
LINE
8
A-ANNO-SYMB
10
22.64534
20
12.80328
30
0
11
22.65562
21
12.7948
31
0
0
LINE
8
A-ANNO-SYMB
10
22.65562
20
12.7948
30
0
11
22.66741
21
12.7884
31
0
0
LINE
8
A-ANNO-SYMB
10
22.66741
20
12.7884
30
0
11
22.68045
21
12.78435
31
0
0
LINE
8
A-ANNO-SYMB
10
22.68045
20
12.78435
30
0
11
22.69444
21
12.78294
31
0
0
LINE
8
A-ANNO-SYMB
10
22.69444
20
12.78294
30
0
11
22.70844
21
12.78435
31
0
0
LINE
8
A-ANNO-SYMB
10
22.70844
20
12.78435
30
0
11
22.72148
21
12.7884
31
0
0
LINE
8
A-ANNO-SYMB
10
22.72148
20
12.7884
30
0
11
22.73327
21
12.7948
31
0
0
LINE
8
A-ANNO-SYMB
10
22.73327
20
12.7948
30
0
11
22.74355
21
12.80328
31
0
0
LINE
8
A-ANNO-SYMB
10
22.74355
20
12.80328
30
0
11
22.75203
21
12.81356
31
0
0
LINE
8
A-ANNO-SYMB
10
22.75203
20
12.81356
30
0
11
22.75843
21
12.82536
31
0
0
LINE
8
A-ANNO-SYMB
10
22.75843
20
12.82536
30
0
11
22.76248
21
12.83839
31
0
0
LINE
8
A-ANNO-SYMB
10
22.76248
20
12.83839
30
0
11
22.76389
21
12.85239
31
0
0
TEXT
8
A-ANNO-SYMB
10
22.69444
20
12.82461
30
0
40
0.05
1
142
50
0
72
1
11
22.69444
21
12.82461
31
0
0
LINE
8
A-DOOR
10
24.38194
20
13.17817
30
0
11
24.38194
21
13.55317
31
0
0
LINE
8
A-DOOR
10
24.38194
20
13.55317
30
0
11
24.40017
21
13.55317
31
0
0
LINE
8
A-DOOR
10
24.40017
20
13.55317
30
0
11
24.40017
21
13.17817
31
0
0
LINE
8
A-DOOR
10
24.40017
20
13.17817
30
0
11
24.38194
21
13.17817
31
0
0
LINE
8
A-DOOR
10
24.75694
20
13.17817
30
0
11
24.74933
21
13.25374
31
0
0
LINE
8
A-DOOR
10
24.74933
20
13.25374
30
0
11
24.72748
21
13.32414
31
0
0
LINE
8
A-DOOR
10
24.72748
20
13.32414
30
0
11
24.6929
21
13.38783
31
0
0
LINE
8
A-DOOR
10
24.6929
20
13.38783
30
0
11
24.64711
21
13.44333
31
0
0
LINE
8
A-DOOR
10
24.64711
20
13.44333
30
0
11
24.59161
21
13.48912
31
0
0
LINE
8
A-DOOR
10
24.59161
20
13.48912
30
0
11
24.52791
21
13.5237
31
0
0
LINE
8
A-DOOR
10
24.52791
20
13.5237
30
0
11
24.45752
21
13.54555
31
0
0
LINE
8
A-DOOR
10
24.45752
20
13.54555
30
0
11
24.38194
21
13.55317
31
0
0
LINE
8
A-ANNO-SYMB
10
24.63889
20
12.85239
30
0
11
24.63748
21
12.86638
31
0
0
LINE
8
A-ANNO-SYMB
10
24.63748
20
12.86638
30
0
11
24.63343
21
12.87942
31
0
0
LINE
8
A-ANNO-SYMB
10
24.63343
20
12.87942
30
0
11
24.62703
21
12.89121
31
0
0
LINE
8
A-ANNO-SYMB
10
24.62703
20
12.89121
30
0
11
24.61855
21
12.90149
31
0
0
LINE
8
A-ANNO-SYMB
10
24.61855
20
12.90149
30
0
11
24.60827
21
12.90997
31
0
0
LINE
8
A-ANNO-SYMB
10
24.60827
20
12.90997
30
0
11
24.59648
21
12.91637
31
0
0
LINE
8
A-ANNO-SYMB
10
24.59648
20
12.91637
30
0
11
24.58344
21
12.92042
31
0
0
LINE
8
A-ANNO-SYMB
10
24.58344
20
12.92042
30
0
11
24.56944
21
12.92183
31
0
0
LINE
8
A-ANNO-SYMB
10
24.56944
20
12.92183
30
0
11
24.55545
21
12.92042
31
0
0
LINE
8
A-ANNO-SYMB
10
24.55545
20
12.92042
30
0
11
24.54241
21
12.91637
31
0
0
LINE
8
A-ANNO-SYMB
10
24.54241
20
12.91637
30
0
11
24.53062
21
12.90997
31
0
0
LINE
8
A-ANNO-SYMB
10
24.53062
20
12.90997
30
0
11
24.52034
21
12.90149
31
0
0
LINE
8
A-ANNO-SYMB
10
24.52034
20
12.90149
30
0
11
24.51186
21
12.89121
31
0
0
LINE
8
A-ANNO-SYMB
10
24.51186
20
12.89121
30
0
11
24.50546
21
12.87942
31
0
0
LINE
8
A-ANNO-SYMB
10
24.50546
20
12.87942
30
0
11
24.50141
21
12.86638
31
0
0
LINE
8
A-ANNO-SYMB
10
24.50141
20
12.86638
30
0
11
24.5
21
12.85239
31
0
0
LINE
8
A-ANNO-SYMB
10
24.5
20
12.85239
30
0
11
24.50141
21
12.83839
31
0
0
LINE
8
A-ANNO-SYMB
10
24.50141
20
12.83839
30
0
11
24.50546
21
12.82536
31
0
0
LINE
8
A-ANNO-SYMB
10
24.50546
20
12.82536
30
0
11
24.51186
21
12.81356
31
0
0
LINE
8
A-ANNO-SYMB
10
24.51186
20
12.81356
30
0
11
24.52034
21
12.80328
31
0
0
LINE
8
A-ANNO-SYMB
10
24.52034
20
12.80328
30
0
11
24.53062
21
12.7948
31
0
0
LINE
8
A-ANNO-SYMB
10
24.53062
20
12.7948
30
0
11
24.54241
21
12.7884
31
0
0
LINE
8
A-ANNO-SYMB
10
24.54241
20
12.7884
30
0
11
24.55545
21
12.78435
31
0
0
LINE
8
A-ANNO-SYMB
10
24.55545
20
12.78435
30
0
11
24.56944
21
12.78294
31
0
0
LINE
8
A-ANNO-SYMB
10
24.56944
20
12.78294
30
0
11
24.58344
21
12.78435
31
0
0
LINE
8
A-ANNO-SYMB
10
24.58344
20
12.78435
30
0
11
24.59648
21
12.7884
31
0
0
LINE
8
A-ANNO-SYMB
10
24.59648
20
12.7884
30
0
11
24.60827
21
12.7948
31
0
0
LINE
8
A-ANNO-SYMB
10
24.60827
20
12.7948
30
0
11
24.61855
21
12.80328
31
0
0
LINE
8
A-ANNO-SYMB
10
24.61855
20
12.80328
30
0
11
24.62703
21
12.81356
31
0
0
LINE
8
A-ANNO-SYMB
10
24.62703
20
12.81356
30
0
11
24.63343
21
12.82536
31
0
0
LINE
8
A-ANNO-SYMB
10
24.63343
20
12.82536
30
0
11
24.63748
21
12.83839
31
0
0
LINE
8
A-ANNO-SYMB
10
24.63748
20
12.83839
30
0
11
24.63889
21
12.85239
31
0
0
TEXT
8
A-ANNO-SYMB
10
24.56944
20
12.82461
30
0
40
0.05
1
143
50
0
72
1
11
24.56944
21
12.82461
31
0
0
LINE
8
A-DOOR
10
28.00694
20
13.17817
30
0
11
28.00694
21
13.55317
31
0
0
LINE
8
A-DOOR
10
28.00694
20
13.55317
30
0
11
28.02517
21
13.55317
31
0
0
LINE
8
A-DOOR
10
28.02517
20
13.55317
30
0
11
28.02517
21
13.17817
31
0
0
LINE
8
A-DOOR
10
28.02517
20
13.17817
30
0
11
28.00694
21
13.17817
31
0
0
LINE
8
A-DOOR
10
28.38194
20
13.17817
30
0
11
28.37433
21
13.25374
31
0
0
LINE
8
A-DOOR
10
28.37433
20
13.25374
30
0
11
28.35248
21
13.32414
31
0
0
LINE
8
A-DOOR
10
28.35248
20
13.32414
30
0
11
28.3179
21
13.38783
31
0
0
LINE
8
A-DOOR
10
28.3179
20
13.38783
30
0
11
28.27211
21
13.44333
31
0
0
LINE
8
A-DOOR
10
28.27211
20
13.44333
30
0
11
28.21661
21
13.48912
31
0
0
LINE
8
A-DOOR
10
28.21661
20
13.48912
30
0
11
28.15291
21
13.5237
31
0
0
LINE
8
A-DOOR
10
28.15291
20
13.5237
30
0
11
28.08252
21
13.54555
31
0
0
LINE
8
A-DOOR
10
28.08252
20
13.54555
30
0
11
28.00694
21
13.55317
31
0
0
LINE
8
A-ANNO-SYMB
10
28.26389
20
12.85239
30
0
11
28.26248
21
12.86638
31
0
0
LINE
8
A-ANNO-SYMB
10
28.26248
20
12.86638
30
0
11
28.25843
21
12.87942
31
0
0
LINE
8
A-ANNO-SYMB
10
28.25843
20
12.87942
30
0
11
28.25203
21
12.89121
31
0
0
LINE
8
A-ANNO-SYMB
10
28.25203
20
12.89121
30
0
11
28.24355
21
12.90149
31
0
0
LINE
8
A-ANNO-SYMB
10
28.24355
20
12.90149
30
0
11
28.23327
21
12.90997
31
0
0
LINE
8
A-ANNO-SYMB
10
28.23327
20
12.90997
30
0
11
28.22148
21
12.91637
31
0
0
LINE
8
A-ANNO-SYMB
10
28.22148
20
12.91637
30
0
11
28.20844
21
12.92042
31
0
0
LINE
8
A-ANNO-SYMB
10
28.20844
20
12.92042
30
0
11
28.19444
21
12.92183
31
0
0
LINE
8
A-ANNO-SYMB
10
28.19444
20
12.92183
30
0
11
28.18045
21
12.92042
31
0
0
LINE
8
A-ANNO-SYMB
10
28.18045
20
12.92042
30
0
11
28.16741
21
12.91637
31
0
0
LINE
8
A-ANNO-SYMB
10
28.16741
20
12.91637
30
0
11
28.15562
21
12.90997
31
0
0
LINE
8
A-ANNO-SYMB
10
28.15562
20
12.90997
30
0
11
28.14534
21
12.90149
31
0
0
LINE
8
A-ANNO-SYMB
10
28.14534
20
12.90149
30
0
11
28.13686
21
12.89121
31
0
0
LINE
8
A-ANNO-SYMB
10
28.13686
20
12.89121
30
0
11
28.13046
21
12.87942
31
0
0
LINE
8
A-ANNO-SYMB
10
28.13046
20
12.87942
30
0
11
28.12641
21
12.86638
31
0
0
LINE
8
A-ANNO-SYMB
10
28.12641
20
12.86638
30
0
11
28.125
21
12.85239
31
0
0
LINE
8
A-ANNO-SYMB
10
28.125
20
12.85239
30
0
11
28.12641
21
12.83839
31
0
0
LINE
8
A-ANNO-SYMB
10
28.12641
20
12.83839
30
0
11
28.13046
21
12.82536
31
0
0
LINE
8
A-ANNO-SYMB
10
28.13046
20
12.82536
30
0
11
28.13686
21
12.81356
31
0
0
LINE
8
A-ANNO-SYMB
10
28.13686
20
12.81356
30
0
11
28.14534
21
12.80328
31
0
0
LINE
8
A-ANNO-SYMB
10
28.14534
20
12.80328
30
0
11
28.15562
21
12.7948
31
0
0
LINE
8
A-ANNO-SYMB
10
28.15562
20
12.7948
30
0
11
28.16741
21
12.7884
31
0
0
LINE
8
A-ANNO-SYMB
10
28.16741
20
12.7884
30
0
11
28.18045
21
12.78435
31
0
0
LINE
8
A-ANNO-SYMB
10
28.18045
20
12.78435
30
0
11
28.19444
21
12.78294
31
0
0
LINE
8
A-ANNO-SYMB
10
28.19444
20
12.78294
30
0
11
28.20844
21
12.78435
31
0
0
LINE
8
A-ANNO-SYMB
10
28.20844
20
12.78435
30
0
11
28.22148
21
12.7884
31
0
0
LINE
8
A-ANNO-SYMB
10
28.22148
20
12.7884
30
0
11
28.23327
21
12.7948
31
0
0
LINE
8
A-ANNO-SYMB
10
28.23327
20
12.7948
30
0
11
28.24355
21
12.80328
31
0
0
LINE
8
A-ANNO-SYMB
10
28.24355
20
12.80328
30
0
11
28.25203
21
12.81356
31
0
0
LINE
8
A-ANNO-SYMB
10
28.25203
20
12.81356
30
0
11
28.25843
21
12.82536
31
0
0
LINE
8
A-ANNO-SYMB
10
28.25843
20
12.82536
30
0
11
28.26248
21
12.83839
31
0
0
LINE
8
A-ANNO-SYMB
10
28.26248
20
12.83839
30
0
11
28.26389
21
12.85239
31
0
0
TEXT
8
A-ANNO-SYMB
10
28.19444
20
12.82461
30
0
40
0.05
1
144
50
0
72
1
11
28.19444
21
12.82461
31
0
0
LINE
8
A-WALL
10
6.96984
20
13.92817
30
0
11
7.38194
21
13.92817
31
0
0
LINE
8
A-WALL
10
7.75694
20
13.92817
30
0
11
8.16905
21
13.92817
31
0
0
LINE
8
A-WALL
10
8.21984
20
13.92817
30
0
11
8.63194
21
13.92817
31
0
0
LINE
8
A-WALL
10
9.00694
20
13.92817
30
0
11
9.41905
21
13.92817
31
0
0
LINE
8
A-WALL
10
9.46984
20
13.92817
30
0
11
9.88194
21
13.92817
31
0
0
LINE
8
A-WALL
10
10.25694
20
13.92817
30
0
11
10.66905
21
13.92817
31
0
0
LINE
8
A-WALL
10
10.71984
20
13.92817
30
0
11
11.13194
21
13.92817
31
0
0
LINE
8
A-WALL
10
11.50694
20
13.92817
30
0
11
11.91905
21
13.92817
31
0
0
LINE
8
A-WALL
10
11.96984
20
13.92817
30
0
11
12.38194
21
13.92817
31
0
0
LINE
8
A-WALL
10
12.75694
20
13.92817
30
0
11
13.16905
21
13.92817
31
0
0
LINE
8
A-WALL
10
13.21984
20
13.92817
30
0
11
14.07335
21
13.92817
31
0
0
LINE
8
A-WALL
10
14.14887
20
13.92817
30
0
11
14.68393
21
13.92817
31
0
0
LINE
8
A-WALL
10
14.75574
20
13.92817
30
0
11
16.91905
21
13.92817
31
0
0
LINE
8
A-WALL
10
16.96984
20
13.92817
30
0
11
17.83572
21
13.92817
31
0
0
LINE
8
A-WALL
10
17.8865
20
13.92817
30
0
11
19.41319
21
13.92817
31
0
0
LINE
8
A-WALL
10
19.97569
20
13.92817
30
0
11
21.58572
21
13.92817
31
0
0
LINE
8
A-WALL
10
21.6365
20
13.92817
30
0
11
22.31944
21
13.92817
31
0
0
LINE
8
A-WALL
10
23.06944
20
13.92817
30
0
11
23.78168
21
13.92817
31
0
0
LINE
8
A-WALL
10
23.8572
20
13.92817
30
0
11
24.38194
21
13.92817
31
0
0
LINE
8
A-WALL
10
24.75694
20
13.92817
30
0
11
26.54666
21
13.92817
31
0
0
LINE
8
A-WALL
10
26.92166
20
13.92817
30
0
11
29.14822
21
13.92817
31
0
0
LINE
8
A-WALL
10
6.91905
20
13.87739
30
0
11
7.38194
21
13.87739
31
0
0
LINE
8
A-WALL
10
7.75694
20
13.87739
30
0
11
8.63194
21
13.87739
31
0
0
LINE
8
A-WALL
10
9.00694
20
13.87739
30
0
11
9.88194
21
13.87739
31
0
0
LINE
8
A-WALL
10
10.25694
20
13.87739
30
0
11
11.13194
21
13.87739
31
0
0
LINE
8
A-WALL
10
11.50694
20
13.87739
30
0
11
12.38194
21
13.87739
31
0
0
LINE
8
A-WALL
10
12.75694
20
13.87739
30
0
11
19.41319
21
13.87739
31
0
0
LINE
8
A-WALL
10
19.97569
20
13.87739
30
0
11
22.31944
21
13.87739
31
0
0
LINE
8
A-WALL
10
23.06944
20
13.87739
30
0
11
24.38194
21
13.87739
31
0
0
LINE
8
A-WALL
10
24.75694
20
13.87739
30
0
11
26.54666
21
13.87739
31
0
0
LINE
8
A-WALL
10
26.92166
20
13.87739
30
0
11
29.14822
21
13.87739
31
0
0
LINE
8
A-WALL
10
7.38194
20
13.92817
30
0
11
7.38194
21
13.87739
31
0
0
LINE
8
A-WALL
10
7.75694
20
13.92817
30
0
11
7.75694
21
13.87739
31
0
0
LINE
8
A-WALL
10
8.63194
20
13.92817
30
0
11
8.63194
21
13.87739
31
0
0
LINE
8
A-WALL
10
9.00694
20
13.92817
30
0
11
9.00694
21
13.87739
31
0
0
LINE
8
A-WALL
10
9.88194
20
13.92817
30
0
11
9.88194
21
13.87739
31
0
0
LINE
8
A-WALL
10
10.25694
20
13.92817
30
0
11
10.25694
21
13.87739
31
0
0
LINE
8
A-WALL
10
11.13194
20
13.92817
30
0
11
11.13194
21
13.87739
31
0
0
LINE
8
A-WALL
10
11.50694
20
13.92817
30
0
11
11.50694
21
13.87739
31
0
0
LINE
8
A-WALL
10
12.38194
20
13.92817
30
0
11
12.38194
21
13.87739
31
0
0
LINE
8
A-WALL
10
12.75694
20
13.92817
30
0
11
12.75694
21
13.87739
31
0
0
LINE
8
A-WALL
10
22.31944
20
13.92817
30
0
11
22.31944
21
13.87739
31
0
0
LINE
8
A-WALL
10
23.06944
20
13.92817
30
0
11
23.06944
21
13.87739
31
0
0
LINE
8
A-WALL
10
19.41319
20
13.92817
30
0
11
19.41319
21
13.87739
31
0
0
LINE
8
A-WALL
10
19.97569
20
13.92817
30
0
11
19.97569
21
13.87739
31
0
0
LINE
8
A-WALL
10
24.38194
20
13.92817
30
0
11
24.38194
21
13.87739
31
0
0
LINE
8
A-WALL
10
24.75694
20
13.92817
30
0
11
24.75694
21
13.87739
31
0
0
LINE
8
A-WALL
10
26.54666
20
13.92817
30
0
11
26.54666
21
13.87739
31
0
0
LINE
8
A-WALL
10
26.92166
20
13.92817
30
0
11
26.92166
21
13.87739
31
0
0
LINE
8
A-DOOR
10
7.38194
20
13.92817
30
0
11
7.38194
21
14.30317
31
0
0
LINE
8
A-DOOR
10
7.38194
20
14.30317
30
0
11
7.40017
21
14.30317
31
0
0
LINE
8
A-DOOR
10
7.40017
20
14.30317
30
0
11
7.40017
21
13.92817
31
0
0
LINE
8
A-DOOR
10
7.40017
20
13.92817
30
0
11
7.38194
21
13.92817
31
0
0
LINE
8
A-DOOR
10
7.75694
20
13.92817
30
0
11
7.74933
21
14.00374
31
0
0
LINE
8
A-DOOR
10
7.74933
20
14.00374
30
0
11
7.72748
21
14.07414
31
0
0
LINE
8
A-DOOR
10
7.72748
20
14.07414
30
0
11
7.6929
21
14.13783
31
0
0
LINE
8
A-DOOR
10
7.6929
20
14.13783
30
0
11
7.64711
21
14.19333
31
0
0
LINE
8
A-DOOR
10
7.64711
20
14.19333
30
0
11
7.59161
21
14.23912
31
0
0
LINE
8
A-DOOR
10
7.59161
20
14.23912
30
0
11
7.52791
21
14.2737
31
0
0
LINE
8
A-DOOR
10
7.52791
20
14.2737
30
0
11
7.45752
21
14.29555
31
0
0
LINE
8
A-DOOR
10
7.45752
20
14.29555
30
0
11
7.38194
21
14.30317
31
0
0
LINE
8
A-ANNO-SYMB
10
7.63889
20
13.60239
30
0
11
7.63748
21
13.61638
31
0
0
LINE
8
A-ANNO-SYMB
10
7.63748
20
13.61638
30
0
11
7.63343
21
13.62942
31
0
0
LINE
8
A-ANNO-SYMB
10
7.63343
20
13.62942
30
0
11
7.62703
21
13.64121
31
0
0
LINE
8
A-ANNO-SYMB
10
7.62703
20
13.64121
30
0
11
7.61855
21
13.65149
31
0
0
LINE
8
A-ANNO-SYMB
10
7.61855
20
13.65149
30
0
11
7.60827
21
13.65997
31
0
0
LINE
8
A-ANNO-SYMB
10
7.60827
20
13.65997
30
0
11
7.59648
21
13.66637
31
0
0
LINE
8
A-ANNO-SYMB
10
7.59648
20
13.66637
30
0
11
7.58344
21
13.67042
31
0
0
LINE
8
A-ANNO-SYMB
10
7.58344
20
13.67042
30
0
11
7.56944
21
13.67183
31
0
0
LINE
8
A-ANNO-SYMB
10
7.56944
20
13.67183
30
0
11
7.55545
21
13.67042
31
0
0
LINE
8
A-ANNO-SYMB
10
7.55545
20
13.67042
30
0
11
7.54241
21
13.66637
31
0
0
LINE
8
A-ANNO-SYMB
10
7.54241
20
13.66637
30
0
11
7.53062
21
13.65997
31
0
0
LINE
8
A-ANNO-SYMB
10
7.53062
20
13.65997
30
0
11
7.52034
21
13.65149
31
0
0
LINE
8
A-ANNO-SYMB
10
7.52034
20
13.65149
30
0
11
7.51186
21
13.64121
31
0
0
LINE
8
A-ANNO-SYMB
10
7.51186
20
13.64121
30
0
11
7.50546
21
13.62942
31
0
0
LINE
8
A-ANNO-SYMB
10
7.50546
20
13.62942
30
0
11
7.50141
21
13.61638
31
0
0
LINE
8
A-ANNO-SYMB
10
7.50141
20
13.61638
30
0
11
7.5
21
13.60239
31
0
0
LINE
8
A-ANNO-SYMB
10
7.5
20
13.60239
30
0
11
7.50141
21
13.58839
31
0
0
LINE
8
A-ANNO-SYMB
10
7.50141
20
13.58839
30
0
11
7.50546
21
13.57536
31
0
0
LINE
8
A-ANNO-SYMB
10
7.50546
20
13.57536
30
0
11
7.51186
21
13.56356
31
0
0
LINE
8
A-ANNO-SYMB
10
7.51186
20
13.56356
30
0
11
7.52034
21
13.55328
31
0
0
LINE
8
A-ANNO-SYMB
10
7.52034
20
13.55328
30
0
11
7.53062
21
13.5448
31
0
0
LINE
8
A-ANNO-SYMB
10
7.53062
20
13.5448
30
0
11
7.54241
21
13.5384
31
0
0
LINE
8
A-ANNO-SYMB
10
7.54241
20
13.5384
30
0
11
7.55545
21
13.53435
31
0
0
LINE
8
A-ANNO-SYMB
10
7.55545
20
13.53435
30
0
11
7.56944
21
13.53294
31
0
0
LINE
8
A-ANNO-SYMB
10
7.56944
20
13.53294
30
0
11
7.58344
21
13.53435
31
0
0
LINE
8
A-ANNO-SYMB
10
7.58344
20
13.53435
30
0
11
7.59648
21
13.5384
31
0
0
LINE
8
A-ANNO-SYMB
10
7.59648
20
13.5384
30
0
11
7.60827
21
13.5448
31
0
0
LINE
8
A-ANNO-SYMB
10
7.60827
20
13.5448
30
0
11
7.61855
21
13.55328
31
0
0
LINE
8
A-ANNO-SYMB
10
7.61855
20
13.55328
30
0
11
7.62703
21
13.56356
31
0
0
LINE
8
A-ANNO-SYMB
10
7.62703
20
13.56356
30
0
11
7.63343
21
13.57536
31
0
0
LINE
8
A-ANNO-SYMB
10
7.63343
20
13.57536
30
0
11
7.63748
21
13.58839
31
0
0
LINE
8
A-ANNO-SYMB
10
7.63748
20
13.58839
30
0
11
7.63889
21
13.60239
31
0
0
TEXT
8
A-ANNO-SYMB
10
7.56944
20
13.57461
30
0
40
0.05
1
110
50
0
72
1
11
7.56944
21
13.57461
31
0
0
LINE
8
A-DOOR
10
8.63194
20
13.92817
30
0
11
8.63194
21
14.30317
31
0
0
LINE
8
A-DOOR
10
8.63194
20
14.30317
30
0
11
8.65017
21
14.30317
31
0
0
LINE
8
A-DOOR
10
8.65017
20
14.30317
30
0
11
8.65017
21
13.92817
31
0
0
LINE
8
A-DOOR
10
8.65017
20
13.92817
30
0
11
8.63194
21
13.92817
31
0
0
LINE
8
A-DOOR
10
9.00694
20
13.92817
30
0
11
8.99933
21
14.00374
31
0
0
LINE
8
A-DOOR
10
8.99933
20
14.00374
30
0
11
8.97748
21
14.07414
31
0
0
LINE
8
A-DOOR
10
8.97748
20
14.07414
30
0
11
8.9429
21
14.13783
31
0
0
LINE
8
A-DOOR
10
8.9429
20
14.13783
30
0
11
8.89711
21
14.19333
31
0
0
LINE
8
A-DOOR
10
8.89711
20
14.19333
30
0
11
8.84161
21
14.23912
31
0
0
LINE
8
A-DOOR
10
8.84161
20
14.23912
30
0
11
8.77791
21
14.2737
31
0
0
LINE
8
A-DOOR
10
8.77791
20
14.2737
30
0
11
8.70752
21
14.29555
31
0
0
LINE
8
A-DOOR
10
8.70752
20
14.29555
30
0
11
8.63194
21
14.30317
31
0
0
LINE
8
A-ANNO-SYMB
10
8.88889
20
13.60239
30
0
11
8.88748
21
13.61638
31
0
0
LINE
8
A-ANNO-SYMB
10
8.88748
20
13.61638
30
0
11
8.88343
21
13.62942
31
0
0
LINE
8
A-ANNO-SYMB
10
8.88343
20
13.62942
30
0
11
8.87703
21
13.64121
31
0
0
LINE
8
A-ANNO-SYMB
10
8.87703
20
13.64121
30
0
11
8.86855
21
13.65149
31
0
0
LINE
8
A-ANNO-SYMB
10
8.86855
20
13.65149
30
0
11
8.85827
21
13.65997
31
0
0
LINE
8
A-ANNO-SYMB
10
8.85827
20
13.65997
30
0
11
8.84648
21
13.66637
31
0
0
LINE
8
A-ANNO-SYMB
10
8.84648
20
13.66637
30
0
11
8.83344
21
13.67042
31
0
0
LINE
8
A-ANNO-SYMB
10
8.83344
20
13.67042
30
0
11
8.81944
21
13.67183
31
0
0
LINE
8
A-ANNO-SYMB
10
8.81944
20
13.67183
30
0
11
8.80545
21
13.67042
31
0
0
LINE
8
A-ANNO-SYMB
10
8.80545
20
13.67042
30
0
11
8.79241
21
13.66637
31
0
0
LINE
8
A-ANNO-SYMB
10
8.79241
20
13.66637
30
0
11
8.78062
21
13.65997
31
0
0
LINE
8
A-ANNO-SYMB
10
8.78062
20
13.65997
30
0
11
8.77034
21
13.65149
31
0
0
LINE
8
A-ANNO-SYMB
10
8.77034
20
13.65149
30
0
11
8.76186
21
13.64121
31
0
0
LINE
8
A-ANNO-SYMB
10
8.76186
20
13.64121
30
0
11
8.75546
21
13.62942
31
0
0
LINE
8
A-ANNO-SYMB
10
8.75546
20
13.62942
30
0
11
8.75141
21
13.61638
31
0
0
LINE
8
A-ANNO-SYMB
10
8.75141
20
13.61638
30
0
11
8.75
21
13.60239
31
0
0
LINE
8
A-ANNO-SYMB
10
8.75
20
13.60239
30
0
11
8.75141
21
13.58839
31
0
0
LINE
8
A-ANNO-SYMB
10
8.75141
20
13.58839
30
0
11
8.75546
21
13.57536
31
0
0
LINE
8
A-ANNO-SYMB
10
8.75546
20
13.57536
30
0
11
8.76186
21
13.56356
31
0
0
LINE
8
A-ANNO-SYMB
10
8.76186
20
13.56356
30
0
11
8.77034
21
13.55328
31
0
0
LINE
8
A-ANNO-SYMB
10
8.77034
20
13.55328
30
0
11
8.78062
21
13.5448
31
0
0
LINE
8
A-ANNO-SYMB
10
8.78062
20
13.5448
30
0
11
8.79241
21
13.5384
31
0
0
LINE
8
A-ANNO-SYMB
10
8.79241
20
13.5384
30
0
11
8.80545
21
13.53435
31
0
0
LINE
8
A-ANNO-SYMB
10
8.80545
20
13.53435
30
0
11
8.81944
21
13.53294
31
0
0
LINE
8
A-ANNO-SYMB
10
8.81944
20
13.53294
30
0
11
8.83344
21
13.53435
31
0
0
LINE
8
A-ANNO-SYMB
10
8.83344
20
13.53435
30
0
11
8.84648
21
13.5384
31
0
0
LINE
8
A-ANNO-SYMB
10
8.84648
20
13.5384
30
0
11
8.85827
21
13.5448
31
0
0
LINE
8
A-ANNO-SYMB
10
8.85827
20
13.5448
30
0
11
8.86855
21
13.55328
31
0
0
LINE
8
A-ANNO-SYMB
10
8.86855
20
13.55328
30
0
11
8.87703
21
13.56356
31
0
0
LINE
8
A-ANNO-SYMB
10
8.87703
20
13.56356
30
0
11
8.88343
21
13.57536
31
0
0
LINE
8
A-ANNO-SYMB
10
8.88343
20
13.57536
30
0
11
8.88748
21
13.58839
31
0
0
LINE
8
A-ANNO-SYMB
10
8.88748
20
13.58839
30
0
11
8.88889
21
13.60239
31
0
0
TEXT
8
A-ANNO-SYMB
10
8.81944
20
13.57461
30
0
40
0.05
1
111
50
0
72
1
11
8.81944
21
13.57461
31
0
0
LINE
8
A-DOOR
10
9.88194
20
13.92817
30
0
11
9.88194
21
14.30317
31
0
0
LINE
8
A-DOOR
10
9.88194
20
14.30317
30
0
11
9.90017
21
14.30317
31
0
0
LINE
8
A-DOOR
10
9.90017
20
14.30317
30
0
11
9.90017
21
13.92817
31
0
0
LINE
8
A-DOOR
10
9.90017
20
13.92817
30
0
11
9.88194
21
13.92817
31
0
0
LINE
8
A-DOOR
10
10.25694
20
13.92817
30
0
11
10.24933
21
14.00374
31
0
0
LINE
8
A-DOOR
10
10.24933
20
14.00374
30
0
11
10.22748
21
14.07414
31
0
0
LINE
8
A-DOOR
10
10.22748
20
14.07414
30
0
11
10.1929
21
14.13783
31
0
0
LINE
8
A-DOOR
10
10.1929
20
14.13783
30
0
11
10.14711
21
14.19333
31
0
0
LINE
8
A-DOOR
10
10.14711
20
14.19333
30
0
11
10.09161
21
14.23912
31
0
0
LINE
8
A-DOOR
10
10.09161
20
14.23912
30
0
11
10.02791
21
14.2737
31
0
0
LINE
8
A-DOOR
10
10.02791
20
14.2737
30
0
11
9.95752
21
14.29555
31
0
0
LINE
8
A-DOOR
10
9.95752
20
14.29555
30
0
11
9.88194
21
14.30317
31
0
0
LINE
8
A-ANNO-SYMB
10
10.13889
20
13.60239
30
0
11
10.13748
21
13.61638
31
0
0
LINE
8
A-ANNO-SYMB
10
10.13748
20
13.61638
30
0
11
10.13343
21
13.62942
31
0
0
LINE
8
A-ANNO-SYMB
10
10.13343
20
13.62942
30
0
11
10.12703
21
13.64121
31
0
0
LINE
8
A-ANNO-SYMB
10
10.12703
20
13.64121
30
0
11
10.11855
21
13.65149
31
0
0
LINE
8
A-ANNO-SYMB
10
10.11855
20
13.65149
30
0
11
10.10827
21
13.65997
31
0
0
LINE
8
A-ANNO-SYMB
10
10.10827
20
13.65997
30
0
11
10.09648
21
13.66637
31
0
0
LINE
8
A-ANNO-SYMB
10
10.09648
20
13.66637
30
0
11
10.08344
21
13.67042
31
0
0
LINE
8
A-ANNO-SYMB
10
10.08344
20
13.67042
30
0
11
10.06944
21
13.67183
31
0
0
LINE
8
A-ANNO-SYMB
10
10.06944
20
13.67183
30
0
11
10.05545
21
13.67042
31
0
0
LINE
8
A-ANNO-SYMB
10
10.05545
20
13.67042
30
0
11
10.04241
21
13.66637
31
0
0
LINE
8
A-ANNO-SYMB
10
10.04241
20
13.66637
30
0
11
10.03062
21
13.65997
31
0
0
LINE
8
A-ANNO-SYMB
10
10.03062
20
13.65997
30
0
11
10.02034
21
13.65149
31
0
0
LINE
8
A-ANNO-SYMB
10
10.02034
20
13.65149
30
0
11
10.01186
21
13.64121
31
0
0
LINE
8
A-ANNO-SYMB
10
10.01186
20
13.64121
30
0
11
10.00546
21
13.62942
31
0
0
LINE
8
A-ANNO-SYMB
10
10.00546
20
13.62942
30
0
11
10.00141
21
13.61638
31
0
0
LINE
8
A-ANNO-SYMB
10
10.00141
20
13.61638
30
0
11
10
21
13.60239
31
0
0
LINE
8
A-ANNO-SYMB
10
10
20
13.60239
30
0
11
10.00141
21
13.58839
31
0
0
LINE
8
A-ANNO-SYMB
10
10.00141
20
13.58839
30
0
11
10.00546
21
13.57536
31
0
0
LINE
8
A-ANNO-SYMB
10
10.00546
20
13.57536
30
0
11
10.01186
21
13.56356
31
0
0
LINE
8
A-ANNO-SYMB
10
10.01186
20
13.56356
30
0
11
10.02034
21
13.55328
31
0
0
LINE
8
A-ANNO-SYMB
10
10.02034
20
13.55328
30
0
11
10.03062
21
13.5448
31
0
0
LINE
8
A-ANNO-SYMB
10
10.03062
20
13.5448
30
0
11
10.04241
21
13.5384
31
0
0
LINE
8
A-ANNO-SYMB
10
10.04241
20
13.5384
30
0
11
10.05545
21
13.53435
31
0
0
LINE
8
A-ANNO-SYMB
10
10.05545
20
13.53435
30
0
11
10.06944
21
13.53294
31
0
0
LINE
8
A-ANNO-SYMB
10
10.06944
20
13.53294
30
0
11
10.08344
21
13.53435
31
0
0
LINE
8
A-ANNO-SYMB
10
10.08344
20
13.53435
30
0
11
10.09648
21
13.5384
31
0
0
LINE
8
A-ANNO-SYMB
10
10.09648
20
13.5384
30
0
11
10.10827
21
13.5448
31
0
0
LINE
8
A-ANNO-SYMB
10
10.10827
20
13.5448
30
0
11
10.11855
21
13.55328
31
0
0
LINE
8
A-ANNO-SYMB
10
10.11855
20
13.55328
30
0
11
10.12703
21
13.56356
31
0
0
LINE
8
A-ANNO-SYMB
10
10.12703
20
13.56356
30
0
11
10.13343
21
13.57536
31
0
0
LINE
8
A-ANNO-SYMB
10
10.13343
20
13.57536
30
0
11
10.13748
21
13.58839
31
0
0
LINE
8
A-ANNO-SYMB
10
10.13748
20
13.58839
30
0
11
10.13889
21
13.60239
31
0
0
TEXT
8
A-ANNO-SYMB
10
10.06944
20
13.57461
30
0
40
0.05
1
112
50
0
72
1
11
10.06944
21
13.57461
31
0
0
LINE
8
A-DOOR
10
11.13194
20
13.92817
30
0
11
11.13194
21
14.30317
31
0
0
LINE
8
A-DOOR
10
11.13194
20
14.30317
30
0
11
11.15017
21
14.30317
31
0
0
LINE
8
A-DOOR
10
11.15017
20
14.30317
30
0
11
11.15017
21
13.92817
31
0
0
LINE
8
A-DOOR
10
11.15017
20
13.92817
30
0
11
11.13194
21
13.92817
31
0
0
LINE
8
A-DOOR
10
11.50694
20
13.92817
30
0
11
11.49933
21
14.00374
31
0
0
LINE
8
A-DOOR
10
11.49933
20
14.00374
30
0
11
11.47748
21
14.07414
31
0
0
LINE
8
A-DOOR
10
11.47748
20
14.07414
30
0
11
11.4429
21
14.13783
31
0
0
LINE
8
A-DOOR
10
11.4429
20
14.13783
30
0
11
11.39711
21
14.19333
31
0
0
LINE
8
A-DOOR
10
11.39711
20
14.19333
30
0
11
11.34161
21
14.23912
31
0
0
LINE
8
A-DOOR
10
11.34161
20
14.23912
30
0
11
11.27791
21
14.2737
31
0
0
LINE
8
A-DOOR
10
11.27791
20
14.2737
30
0
11
11.20752
21
14.29555
31
0
0
LINE
8
A-DOOR
10
11.20752
20
14.29555
30
0
11
11.13194
21
14.30317
31
0
0
LINE
8
A-ANNO-SYMB
10
11.38889
20
13.60239
30
0
11
11.38748
21
13.61638
31
0
0
LINE
8
A-ANNO-SYMB
10
11.38748
20
13.61638
30
0
11
11.38343
21
13.62942
31
0
0
LINE
8
A-ANNO-SYMB
10
11.38343
20
13.62942
30
0
11
11.37703
21
13.64121
31
0
0
LINE
8
A-ANNO-SYMB
10
11.37703
20
13.64121
30
0
11
11.36855
21
13.65149
31
0
0
LINE
8
A-ANNO-SYMB
10
11.36855
20
13.65149
30
0
11
11.35827
21
13.65997
31
0
0
LINE
8
A-ANNO-SYMB
10
11.35827
20
13.65997
30
0
11
11.34648
21
13.66637
31
0
0
LINE
8
A-ANNO-SYMB
10
11.34648
20
13.66637
30
0
11
11.33344
21
13.67042
31
0
0
LINE
8
A-ANNO-SYMB
10
11.33344
20
13.67042
30
0
11
11.31944
21
13.67183
31
0
0
LINE
8
A-ANNO-SYMB
10
11.31944
20
13.67183
30
0
11
11.30545
21
13.67042
31
0
0
LINE
8
A-ANNO-SYMB
10
11.30545
20
13.67042
30
0
11
11.29241
21
13.66637
31
0
0
LINE
8
A-ANNO-SYMB
10
11.29241
20
13.66637
30
0
11
11.28062
21
13.65997
31
0
0
LINE
8
A-ANNO-SYMB
10
11.28062
20
13.65997
30
0
11
11.27034
21
13.65149
31
0
0
LINE
8
A-ANNO-SYMB
10
11.27034
20
13.65149
30
0
11
11.26186
21
13.64121
31
0
0
LINE
8
A-ANNO-SYMB
10
11.26186
20
13.64121
30
0
11
11.25546
21
13.62942
31
0
0
LINE
8
A-ANNO-SYMB
10
11.25546
20
13.62942
30
0
11
11.25141
21
13.61638
31
0
0
LINE
8
A-ANNO-SYMB
10
11.25141
20
13.61638
30
0
11
11.25
21
13.60239
31
0
0
LINE
8
A-ANNO-SYMB
10
11.25
20
13.60239
30
0
11
11.25141
21
13.58839
31
0
0
LINE
8
A-ANNO-SYMB
10
11.25141
20
13.58839
30
0
11
11.25546
21
13.57536
31
0
0
LINE
8
A-ANNO-SYMB
10
11.25546
20
13.57536
30
0
11
11.26186
21
13.56356
31
0
0
LINE
8
A-ANNO-SYMB
10
11.26186
20
13.56356
30
0
11
11.27034
21
13.55328
31
0
0
LINE
8
A-ANNO-SYMB
10
11.27034
20
13.55328
30
0
11
11.28062
21
13.5448
31
0
0
LINE
8
A-ANNO-SYMB
10
11.28062
20
13.5448
30
0
11
11.29241
21
13.5384
31
0
0
LINE
8
A-ANNO-SYMB
10
11.29241
20
13.5384
30
0
11
11.30545
21
13.53435
31
0
0
LINE
8
A-ANNO-SYMB
10
11.30545
20
13.53435
30
0
11
11.31944
21
13.53294
31
0
0
LINE
8
A-ANNO-SYMB
10
11.31944
20
13.53294
30
0
11
11.33344
21
13.53435
31
0
0
LINE
8
A-ANNO-SYMB
10
11.33344
20
13.53435
30
0
11
11.34648
21
13.5384
31
0
0
LINE
8
A-ANNO-SYMB
10
11.34648
20
13.5384
30
0
11
11.35827
21
13.5448
31
0
0
LINE
8
A-ANNO-SYMB
10
11.35827
20
13.5448
30
0
11
11.36855
21
13.55328
31
0
0
LINE
8
A-ANNO-SYMB
10
11.36855
20
13.55328
30
0
11
11.37703
21
13.56356
31
0
0
LINE
8
A-ANNO-SYMB
10
11.37703
20
13.56356
30
0
11
11.38343
21
13.57536
31
0
0
LINE
8
A-ANNO-SYMB
10
11.38343
20
13.57536
30
0
11
11.38748
21
13.58839
31
0
0
LINE
8
A-ANNO-SYMB
10
11.38748
20
13.58839
30
0
11
11.38889
21
13.60239
31
0
0
TEXT
8
A-ANNO-SYMB
10
11.31944
20
13.57461
30
0
40
0.05
1
113
50
0
72
1
11
11.31944
21
13.57461
31
0
0
LINE
8
A-DOOR
10
12.38194
20
13.92817
30
0
11
12.38194
21
14.30317
31
0
0
LINE
8
A-DOOR
10
12.38194
20
14.30317
30
0
11
12.40017
21
14.30317
31
0
0
LINE
8
A-DOOR
10
12.40017
20
14.30317
30
0
11
12.40017
21
13.92817
31
0
0
LINE
8
A-DOOR
10
12.40017
20
13.92817
30
0
11
12.38194
21
13.92817
31
0
0
LINE
8
A-DOOR
10
12.75694
20
13.92817
30
0
11
12.74933
21
14.00374
31
0
0
LINE
8
A-DOOR
10
12.74933
20
14.00374
30
0
11
12.72748
21
14.07414
31
0
0
LINE
8
A-DOOR
10
12.72748
20
14.07414
30
0
11
12.6929
21
14.13783
31
0
0
LINE
8
A-DOOR
10
12.6929
20
14.13783
30
0
11
12.64711
21
14.19333
31
0
0
LINE
8
A-DOOR
10
12.64711
20
14.19333
30
0
11
12.59161
21
14.23912
31
0
0
LINE
8
A-DOOR
10
12.59161
20
14.23912
30
0
11
12.52791
21
14.2737
31
0
0
LINE
8
A-DOOR
10
12.52791
20
14.2737
30
0
11
12.45752
21
14.29555
31
0
0
LINE
8
A-DOOR
10
12.45752
20
14.29555
30
0
11
12.38194
21
14.30317
31
0
0
LINE
8
A-ANNO-SYMB
10
12.63889
20
13.60239
30
0
11
12.63748
21
13.61638
31
0
0
LINE
8
A-ANNO-SYMB
10
12.63748
20
13.61638
30
0
11
12.63343
21
13.62942
31
0
0
LINE
8
A-ANNO-SYMB
10
12.63343
20
13.62942
30
0
11
12.62703
21
13.64121
31
0
0
LINE
8
A-ANNO-SYMB
10
12.62703
20
13.64121
30
0
11
12.61855
21
13.65149
31
0
0
LINE
8
A-ANNO-SYMB
10
12.61855
20
13.65149
30
0
11
12.60827
21
13.65997
31
0
0
LINE
8
A-ANNO-SYMB
10
12.60827
20
13.65997
30
0
11
12.59648
21
13.66637
31
0
0
LINE
8
A-ANNO-SYMB
10
12.59648
20
13.66637
30
0
11
12.58344
21
13.67042
31
0
0
LINE
8
A-ANNO-SYMB
10
12.58344
20
13.67042
30
0
11
12.56944
21
13.67183
31
0
0
LINE
8
A-ANNO-SYMB
10
12.56944
20
13.67183
30
0
11
12.55545
21
13.67042
31
0
0
LINE
8
A-ANNO-SYMB
10
12.55545
20
13.67042
30
0
11
12.54241
21
13.66637
31
0
0
LINE
8
A-ANNO-SYMB
10
12.54241
20
13.66637
30
0
11
12.53062
21
13.65997
31
0
0
LINE
8
A-ANNO-SYMB
10
12.53062
20
13.65997
30
0
11
12.52034
21
13.65149
31
0
0
LINE
8
A-ANNO-SYMB
10
12.52034
20
13.65149
30
0
11
12.51186
21
13.64121
31
0
0
LINE
8
A-ANNO-SYMB
10
12.51186
20
13.64121
30
0
11
12.50546
21
13.62942
31
0
0
LINE
8
A-ANNO-SYMB
10
12.50546
20
13.62942
30
0
11
12.50141
21
13.61638
31
0
0
LINE
8
A-ANNO-SYMB
10
12.50141
20
13.61638
30
0
11
12.5
21
13.60239
31
0
0
LINE
8
A-ANNO-SYMB
10
12.5
20
13.60239
30
0
11
12.50141
21
13.58839
31
0
0
LINE
8
A-ANNO-SYMB
10
12.50141
20
13.58839
30
0
11
12.50546
21
13.57536
31
0
0
LINE
8
A-ANNO-SYMB
10
12.50546
20
13.57536
30
0
11
12.51186
21
13.56356
31
0
0
LINE
8
A-ANNO-SYMB
10
12.51186
20
13.56356
30
0
11
12.52034
21
13.55328
31
0
0
LINE
8
A-ANNO-SYMB
10
12.52034
20
13.55328
30
0
11
12.53062
21
13.5448
31
0
0
LINE
8
A-ANNO-SYMB
10
12.53062
20
13.5448
30
0
11
12.54241
21
13.5384
31
0
0
LINE
8
A-ANNO-SYMB
10
12.54241
20
13.5384
30
0
11
12.55545
21
13.53435
31
0
0
LINE
8
A-ANNO-SYMB
10
12.55545
20
13.53435
30
0
11
12.56944
21
13.53294
31
0
0
LINE
8
A-ANNO-SYMB
10
12.56944
20
13.53294
30
0
11
12.58344
21
13.53435
31
0
0
LINE
8
A-ANNO-SYMB
10
12.58344
20
13.53435
30
0
11
12.59648
21
13.5384
31
0
0
LINE
8
A-ANNO-SYMB
10
12.59648
20
13.5384
30
0
11
12.60827
21
13.5448
31
0
0
LINE
8
A-ANNO-SYMB
10
12.60827
20
13.5448
30
0
11
12.61855
21
13.55328
31
0
0
LINE
8
A-ANNO-SYMB
10
12.61855
20
13.55328
30
0
11
12.62703
21
13.56356
31
0
0
LINE
8
A-ANNO-SYMB
10
12.62703
20
13.56356
30
0
11
12.63343
21
13.57536
31
0
0
LINE
8
A-ANNO-SYMB
10
12.63343
20
13.57536
30
0
11
12.63748
21
13.58839
31
0
0
LINE
8
A-ANNO-SYMB
10
12.63748
20
13.58839
30
0
11
12.63889
21
13.60239
31
0
0
TEXT
8
A-ANNO-SYMB
10
12.56944
20
13.57461
30
0
40
0.05
1
114
50
0
72
1
11
12.56944
21
13.57461
31
0
0
LINE
8
A-DOOR
10
22.31944
20
13.92817
30
0
11
22.31944
21
14.30317
31
0
0
LINE
8
A-DOOR
10
22.31944
20
14.30317
30
0
11
22.33767
21
14.30317
31
0
0
LINE
8
A-DOOR
10
22.33767
20
14.30317
30
0
11
22.33767
21
13.92817
31
0
0
LINE
8
A-DOOR
10
22.33767
20
13.92817
30
0
11
22.31944
21
13.92817
31
0
0
LINE
8
A-DOOR
10
22.69444
20
13.92817
30
0
11
22.68683
21
14.00374
31
0
0
LINE
8
A-DOOR
10
22.68683
20
14.00374
30
0
11
22.66498
21
14.07414
31
0
0
LINE
8
A-DOOR
10
22.66498
20
14.07414
30
0
11
22.6304
21
14.13783
31
0
0
LINE
8
A-DOOR
10
22.6304
20
14.13783
30
0
11
22.58461
21
14.19333
31
0
0
LINE
8
A-DOOR
10
22.58461
20
14.19333
30
0
11
22.52911
21
14.23912
31
0
0
LINE
8
A-DOOR
10
22.52911
20
14.23912
30
0
11
22.46541
21
14.2737
31
0
0
LINE
8
A-DOOR
10
22.46541
20
14.2737
30
0
11
22.39502
21
14.29555
31
0
0
LINE
8
A-DOOR
10
22.39502
20
14.29555
30
0
11
22.31944
21
14.30317
31
0
0
LINE
8
A-DOOR
10
23.06944
20
13.92817
30
0
11
23.06944
21
14.30317
31
0
0
LINE
8
A-DOOR
10
23.06944
20
14.30317
30
0
11
23.05122
21
14.30317
31
0
0
LINE
8
A-DOOR
10
23.05122
20
14.30317
30
0
11
23.05122
21
13.92817
31
0
0
LINE
8
A-DOOR
10
23.05122
20
13.92817
30
0
11
23.06944
21
13.92817
31
0
0
LINE
8
A-DOOR
10
23.06944
20
14.30317
30
0
11
22.99387
21
14.29555
31
0
0
LINE
8
A-DOOR
10
22.99387
20
14.29555
30
0
11
22.92348
21
14.2737
31
0
0
LINE
8
A-DOOR
10
22.92348
20
14.2737
30
0
11
22.85978
21
14.23912
31
0
0
LINE
8
A-DOOR
10
22.85978
20
14.23912
30
0
11
22.80428
21
14.19333
31
0
0
LINE
8
A-DOOR
10
22.80428
20
14.19333
30
0
11
22.75849
21
14.13783
31
0
0
LINE
8
A-DOOR
10
22.75849
20
14.13783
30
0
11
22.72391
21
14.07414
31
0
0
LINE
8
A-DOOR
10
22.72391
20
14.07414
30
0
11
22.70206
21
14.00374
31
0
0
LINE
8
A-DOOR
10
22.70206
20
14.00374
30
0
11
22.69444
21
13.92817
31
0
0
LINE
8
A-ANNO-SYMB
10
22.76389
20
13.60239
30
0
11
22.76248
21
13.61638
31
0
0
LINE
8
A-ANNO-SYMB
10
22.76248
20
13.61638
30
0
11
22.75843
21
13.62942
31
0
0
LINE
8
A-ANNO-SYMB
10
22.75843
20
13.62942
30
0
11
22.75203
21
13.64121
31
0
0
LINE
8
A-ANNO-SYMB
10
22.75203
20
13.64121
30
0
11
22.74355
21
13.65149
31
0
0
LINE
8
A-ANNO-SYMB
10
22.74355
20
13.65149
30
0
11
22.73327
21
13.65997
31
0
0
LINE
8
A-ANNO-SYMB
10
22.73327
20
13.65997
30
0
11
22.72148
21
13.66637
31
0
0
LINE
8
A-ANNO-SYMB
10
22.72148
20
13.66637
30
0
11
22.70844
21
13.67042
31
0
0
LINE
8
A-ANNO-SYMB
10
22.70844
20
13.67042
30
0
11
22.69444
21
13.67183
31
0
0
LINE
8
A-ANNO-SYMB
10
22.69444
20
13.67183
30
0
11
22.68045
21
13.67042
31
0
0
LINE
8
A-ANNO-SYMB
10
22.68045
20
13.67042
30
0
11
22.66741
21
13.66637
31
0
0
LINE
8
A-ANNO-SYMB
10
22.66741
20
13.66637
30
0
11
22.65562
21
13.65997
31
0
0
LINE
8
A-ANNO-SYMB
10
22.65562
20
13.65997
30
0
11
22.64534
21
13.65149
31
0
0
LINE
8
A-ANNO-SYMB
10
22.64534
20
13.65149
30
0
11
22.63686
21
13.64121
31
0
0
LINE
8
A-ANNO-SYMB
10
22.63686
20
13.64121
30
0
11
22.63046
21
13.62942
31
0
0
LINE
8
A-ANNO-SYMB
10
22.63046
20
13.62942
30
0
11
22.62641
21
13.61638
31
0
0
LINE
8
A-ANNO-SYMB
10
22.62641
20
13.61638
30
0
11
22.625
21
13.60239
31
0
0
LINE
8
A-ANNO-SYMB
10
22.625
20
13.60239
30
0
11
22.62641
21
13.58839
31
0
0
LINE
8
A-ANNO-SYMB
10
22.62641
20
13.58839
30
0
11
22.63046
21
13.57536
31
0
0
LINE
8
A-ANNO-SYMB
10
22.63046
20
13.57536
30
0
11
22.63686
21
13.56356
31
0
0
LINE
8
A-ANNO-SYMB
10
22.63686
20
13.56356
30
0
11
22.64534
21
13.55328
31
0
0
LINE
8
A-ANNO-SYMB
10
22.64534
20
13.55328
30
0
11
22.65562
21
13.5448
31
0
0
LINE
8
A-ANNO-SYMB
10
22.65562
20
13.5448
30
0
11
22.66741
21
13.5384
31
0
0
LINE
8
A-ANNO-SYMB
10
22.66741
20
13.5384
30
0
11
22.68045
21
13.53435
31
0
0
LINE
8
A-ANNO-SYMB
10
22.68045
20
13.53435
30
0
11
22.69444
21
13.53294
31
0
0
LINE
8
A-ANNO-SYMB
10
22.69444
20
13.53294
30
0
11
22.70844
21
13.53435
31
0
0
LINE
8
A-ANNO-SYMB
10
22.70844
20
13.53435
30
0
11
22.72148
21
13.5384
31
0
0
LINE
8
A-ANNO-SYMB
10
22.72148
20
13.5384
30
0
11
22.73327
21
13.5448
31
0
0
LINE
8
A-ANNO-SYMB
10
22.73327
20
13.5448
30
0
11
22.74355
21
13.55328
31
0
0
LINE
8
A-ANNO-SYMB
10
22.74355
20
13.55328
30
0
11
22.75203
21
13.56356
31
0
0
LINE
8
A-ANNO-SYMB
10
22.75203
20
13.56356
30
0
11
22.75843
21
13.57536
31
0
0
LINE
8
A-ANNO-SYMB
10
22.75843
20
13.57536
30
0
11
22.76248
21
13.58839
31
0
0
LINE
8
A-ANNO-SYMB
10
22.76248
20
13.58839
30
0
11
22.76389
21
13.60239
31
0
0
TEXT
8
A-ANNO-SYMB
10
22.69444
20
13.57461
30
0
40
0.05
1
120
50
0
72
1
11
22.69444
21
13.57461
31
0
0
LINE
8
A-DOOR
10
19.41319
20
13.92817
30
0
11
19.41319
21
14.30317
31
0
0
LINE
8
A-DOOR
10
19.41319
20
14.30317
30
0
11
19.43142
21
14.30317
31
0
0
LINE
8
A-DOOR
10
19.43142
20
14.30317
30
0
11
19.43142
21
13.92817
31
0
0
LINE
8
A-DOOR
10
19.43142
20
13.92817
30
0
11
19.41319
21
13.92817
31
0
0
LINE
8
A-DOOR
10
19.78819
20
13.92817
30
0
11
19.78058
21
14.00374
31
0
0
LINE
8
A-DOOR
10
19.78058
20
14.00374
30
0
11
19.75873
21
14.07414
31
0
0
LINE
8
A-DOOR
10
19.75873
20
14.07414
30
0
11
19.72415
21
14.13783
31
0
0
LINE
8
A-DOOR
10
19.72415
20
14.13783
30
0
11
19.67836
21
14.19333
31
0
0
LINE
8
A-DOOR
10
19.67836
20
14.19333
30
0
11
19.62286
21
14.23912
31
0
0
LINE
8
A-DOOR
10
19.62286
20
14.23912
30
0
11
19.55916
21
14.2737
31
0
0
LINE
8
A-DOOR
10
19.55916
20
14.2737
30
0
11
19.48877
21
14.29555
31
0
0
LINE
8
A-DOOR
10
19.48877
20
14.29555
30
0
11
19.41319
21
14.30317
31
0
0
LINE
8
A-GLAZ
10
19.80069
20
13.89236
30
0
11
19.97569
21
13.89236
31
0
0
LINE
8
A-GLAZ
10
19.80069
20
13.91319
30
0
11
19.97569
21
13.91319
31
0
0
LINE
8
A-ANNO-SYMB
10
19.76389
20
13.60239
30
0
11
19.76248
21
13.61638
31
0
0
LINE
8
A-ANNO-SYMB
10
19.76248
20
13.61638
30
0
11
19.75843
21
13.62942
31
0
0
LINE
8
A-ANNO-SYMB
10
19.75843
20
13.62942
30
0
11
19.75203
21
13.64121
31
0
0
LINE
8
A-ANNO-SYMB
10
19.75203
20
13.64121
30
0
11
19.74355
21
13.65149
31
0
0
LINE
8
A-ANNO-SYMB
10
19.74355
20
13.65149
30
0
11
19.73327
21
13.65997
31
0
0
LINE
8
A-ANNO-SYMB
10
19.73327
20
13.65997
30
0
11
19.72148
21
13.66637
31
0
0
LINE
8
A-ANNO-SYMB
10
19.72148
20
13.66637
30
0
11
19.70844
21
13.67042
31
0
0
LINE
8
A-ANNO-SYMB
10
19.70844
20
13.67042
30
0
11
19.69444
21
13.67183
31
0
0
LINE
8
A-ANNO-SYMB
10
19.69444
20
13.67183
30
0
11
19.68045
21
13.67042
31
0
0
LINE
8
A-ANNO-SYMB
10
19.68045
20
13.67042
30
0
11
19.66741
21
13.66637
31
0
0
LINE
8
A-ANNO-SYMB
10
19.66741
20
13.66637
30
0
11
19.65562
21
13.65997
31
0
0
LINE
8
A-ANNO-SYMB
10
19.65562
20
13.65997
30
0
11
19.64534
21
13.65149
31
0
0
LINE
8
A-ANNO-SYMB
10
19.64534
20
13.65149
30
0
11
19.63686
21
13.64121
31
0
0
LINE
8
A-ANNO-SYMB
10
19.63686
20
13.64121
30
0
11
19.63046
21
13.62942
31
0
0
LINE
8
A-ANNO-SYMB
10
19.63046
20
13.62942
30
0
11
19.62641
21
13.61638
31
0
0
LINE
8
A-ANNO-SYMB
10
19.62641
20
13.61638
30
0
11
19.625
21
13.60239
31
0
0
LINE
8
A-ANNO-SYMB
10
19.625
20
13.60239
30
0
11
19.62641
21
13.58839
31
0
0
LINE
8
A-ANNO-SYMB
10
19.62641
20
13.58839
30
0
11
19.63046
21
13.57536
31
0
0
LINE
8
A-ANNO-SYMB
10
19.63046
20
13.57536
30
0
11
19.63686
21
13.56356
31
0
0
LINE
8
A-ANNO-SYMB
10
19.63686
20
13.56356
30
0
11
19.64534
21
13.55328
31
0
0
LINE
8
A-ANNO-SYMB
10
19.64534
20
13.55328
30
0
11
19.65562
21
13.5448
31
0
0
LINE
8
A-ANNO-SYMB
10
19.65562
20
13.5448
30
0
11
19.66741
21
13.5384
31
0
0
LINE
8
A-ANNO-SYMB
10
19.66741
20
13.5384
30
0
11
19.68045
21
13.53435
31
0
0
LINE
8
A-ANNO-SYMB
10
19.68045
20
13.53435
30
0
11
19.69444
21
13.53294
31
0
0
LINE
8
A-ANNO-SYMB
10
19.69444
20
13.53294
30
0
11
19.70844
21
13.53435
31
0
0
LINE
8
A-ANNO-SYMB
10
19.70844
20
13.53435
30
0
11
19.72148
21
13.5384
31
0
0
LINE
8
A-ANNO-SYMB
10
19.72148
20
13.5384
30
0
11
19.73327
21
13.5448
31
0
0
LINE
8
A-ANNO-SYMB
10
19.73327
20
13.5448
30
0
11
19.74355
21
13.55328
31
0
0
LINE
8
A-ANNO-SYMB
10
19.74355
20
13.55328
30
0
11
19.75203
21
13.56356
31
0
0
LINE
8
A-ANNO-SYMB
10
19.75203
20
13.56356
30
0
11
19.75843
21
13.57536
31
0
0
LINE
8
A-ANNO-SYMB
10
19.75843
20
13.57536
30
0
11
19.76248
21
13.58839
31
0
0
LINE
8
A-ANNO-SYMB
10
19.76248
20
13.58839
30
0
11
19.76389
21
13.60239
31
0
0
TEXT
8
A-ANNO-SYMB
10
19.69444
20
13.57461
30
0
40
0.05
1
118
50
0
72
1
11
19.69444
21
13.57461
31
0
0
LINE
8
A-DOOR
10
24.38194
20
13.92817
30
0
11
24.38194
21
14.30317
31
0
0
LINE
8
A-DOOR
10
24.38194
20
14.30317
30
0
11
24.40017
21
14.30317
31
0
0
LINE
8
A-DOOR
10
24.40017
20
14.30317
30
0
11
24.40017
21
13.92817
31
0
0
LINE
8
A-DOOR
10
24.40017
20
13.92817
30
0
11
24.38194
21
13.92817
31
0
0
LINE
8
A-DOOR
10
24.75694
20
13.92817
30
0
11
24.74933
21
14.00374
31
0
0
LINE
8
A-DOOR
10
24.74933
20
14.00374
30
0
11
24.72748
21
14.07414
31
0
0
LINE
8
A-DOOR
10
24.72748
20
14.07414
30
0
11
24.6929
21
14.13783
31
0
0
LINE
8
A-DOOR
10
24.6929
20
14.13783
30
0
11
24.64711
21
14.19333
31
0
0
LINE
8
A-DOOR
10
24.64711
20
14.19333
30
0
11
24.59161
21
14.23912
31
0
0
LINE
8
A-DOOR
10
24.59161
20
14.23912
30
0
11
24.52791
21
14.2737
31
0
0
LINE
8
A-DOOR
10
24.52791
20
14.2737
30
0
11
24.45752
21
14.29555
31
0
0
LINE
8
A-DOOR
10
24.45752
20
14.29555
30
0
11
24.38194
21
14.30317
31
0
0
LINE
8
A-ANNO-SYMB
10
24.63889
20
13.60239
30
0
11
24.63748
21
13.61638
31
0
0
LINE
8
A-ANNO-SYMB
10
24.63748
20
13.61638
30
0
11
24.63343
21
13.62942
31
0
0
LINE
8
A-ANNO-SYMB
10
24.63343
20
13.62942
30
0
11
24.62703
21
13.64121
31
0
0
LINE
8
A-ANNO-SYMB
10
24.62703
20
13.64121
30
0
11
24.61855
21
13.65149
31
0
0
LINE
8
A-ANNO-SYMB
10
24.61855
20
13.65149
30
0
11
24.60827
21
13.65997
31
0
0
LINE
8
A-ANNO-SYMB
10
24.60827
20
13.65997
30
0
11
24.59648
21
13.66637
31
0
0
LINE
8
A-ANNO-SYMB
10
24.59648
20
13.66637
30
0
11
24.58344
21
13.67042
31
0
0
LINE
8
A-ANNO-SYMB
10
24.58344
20
13.67042
30
0
11
24.56944
21
13.67183
31
0
0
LINE
8
A-ANNO-SYMB
10
24.56944
20
13.67183
30
0
11
24.55545
21
13.67042
31
0
0
LINE
8
A-ANNO-SYMB
10
24.55545
20
13.67042
30
0
11
24.54241
21
13.66637
31
0
0
LINE
8
A-ANNO-SYMB
10
24.54241
20
13.66637
30
0
11
24.53062
21
13.65997
31
0
0
LINE
8
A-ANNO-SYMB
10
24.53062
20
13.65997
30
0
11
24.52034
21
13.65149
31
0
0
LINE
8
A-ANNO-SYMB
10
24.52034
20
13.65149
30
0
11
24.51186
21
13.64121
31
0
0
LINE
8
A-ANNO-SYMB
10
24.51186
20
13.64121
30
0
11
24.50546
21
13.62942
31
0
0
LINE
8
A-ANNO-SYMB
10
24.50546
20
13.62942
30
0
11
24.50141
21
13.61638
31
0
0
LINE
8
A-ANNO-SYMB
10
24.50141
20
13.61638
30
0
11
24.5
21
13.60239
31
0
0
LINE
8
A-ANNO-SYMB
10
24.5
20
13.60239
30
0
11
24.50141
21
13.58839
31
0
0
LINE
8
A-ANNO-SYMB
10
24.50141
20
13.58839
30
0
11
24.50546
21
13.57536
31
0
0
LINE
8
A-ANNO-SYMB
10
24.50546
20
13.57536
30
0
11
24.51186
21
13.56356
31
0
0
LINE
8
A-ANNO-SYMB
10
24.51186
20
13.56356
30
0
11
24.52034
21
13.55328
31
0
0
LINE
8
A-ANNO-SYMB
10
24.52034
20
13.55328
30
0
11
24.53062
21
13.5448
31
0
0
LINE
8
A-ANNO-SYMB
10
24.53062
20
13.5448
30
0
11
24.54241
21
13.5384
31
0
0
LINE
8
A-ANNO-SYMB
10
24.54241
20
13.5384
30
0
11
24.55545
21
13.53435
31
0
0
LINE
8
A-ANNO-SYMB
10
24.55545
20
13.53435
30
0
11
24.56944
21
13.53294
31
0
0
LINE
8
A-ANNO-SYMB
10
24.56944
20
13.53294
30
0
11
24.58344
21
13.53435
31
0
0
LINE
8
A-ANNO-SYMB
10
24.58344
20
13.53435
30
0
11
24.59648
21
13.5384
31
0
0
LINE
8
A-ANNO-SYMB
10
24.59648
20
13.5384
30
0
11
24.60827
21
13.5448
31
0
0
LINE
8
A-ANNO-SYMB
10
24.60827
20
13.5448
30
0
11
24.61855
21
13.55328
31
0
0
LINE
8
A-ANNO-SYMB
10
24.61855
20
13.55328
30
0
11
24.62703
21
13.56356
31
0
0
LINE
8
A-ANNO-SYMB
10
24.62703
20
13.56356
30
0
11
24.63343
21
13.57536
31
0
0
LINE
8
A-ANNO-SYMB
10
24.63343
20
13.57536
30
0
11
24.63748
21
13.58839
31
0
0
LINE
8
A-ANNO-SYMB
10
24.63748
20
13.58839
30
0
11
24.63889
21
13.60239
31
0
0
TEXT
8
A-ANNO-SYMB
10
24.56944
20
13.57461
30
0
40
0.05
1
121
50
0
72
1
11
24.56944
21
13.57461
31
0
0
LINE
8
A-DOOR
10
26.54666
20
13.92817
30
0
11
26.54666
21
14.30317
31
0
0
LINE
8
A-DOOR
10
26.54666
20
14.30317
30
0
11
26.56489
21
14.30317
31
0
0
LINE
8
A-DOOR
10
26.56489
20
14.30317
30
0
11
26.56489
21
13.92817
31
0
0
LINE
8
A-DOOR
10
26.56489
20
13.92817
30
0
11
26.54666
21
13.92817
31
0
0
LINE
8
A-DOOR
10
26.92166
20
13.92817
30
0
11
26.91404
21
14.00374
31
0
0
LINE
8
A-DOOR
10
26.91404
20
14.00374
30
0
11
26.89219
21
14.07414
31
0
0
LINE
8
A-DOOR
10
26.89219
20
14.07414
30
0
11
26.85761
21
14.13783
31
0
0
LINE
8
A-DOOR
10
26.85761
20
14.13783
30
0
11
26.81182
21
14.19333
31
0
0
LINE
8
A-DOOR
10
26.81182
20
14.19333
30
0
11
26.75632
21
14.23912
31
0
0
LINE
8
A-DOOR
10
26.75632
20
14.23912
30
0
11
26.69262
21
14.2737
31
0
0
LINE
8
A-DOOR
10
26.69262
20
14.2737
30
0
11
26.62223
21
14.29555
31
0
0
LINE
8
A-DOOR
10
26.62223
20
14.29555
30
0
11
26.54666
21
14.30317
31
0
0
LINE
8
A-ANNO-SYMB
10
26.8036
20
13.60239
30
0
11
26.80219
21
13.61638
31
0
0
LINE
8
A-ANNO-SYMB
10
26.80219
20
13.61638
30
0
11
26.79815
21
13.62942
31
0
0
LINE
8
A-ANNO-SYMB
10
26.79815
20
13.62942
30
0
11
26.79174
21
13.64121
31
0
0
LINE
8
A-ANNO-SYMB
10
26.79174
20
13.64121
30
0
11
26.78326
21
13.65149
31
0
0
LINE
8
A-ANNO-SYMB
10
26.78326
20
13.65149
30
0
11
26.77299
21
13.65997
31
0
0
LINE
8
A-ANNO-SYMB
10
26.77299
20
13.65997
30
0
11
26.76119
21
13.66637
31
0
0
LINE
8
A-ANNO-SYMB
10
26.76119
20
13.66637
30
0
11
26.74815
21
13.67042
31
0
0
LINE
8
A-ANNO-SYMB
10
26.74815
20
13.67042
30
0
11
26.73416
21
13.67183
31
0
0
LINE
8
A-ANNO-SYMB
10
26.73416
20
13.67183
30
0
11
26.72016
21
13.67042
31
0
0
LINE
8
A-ANNO-SYMB
10
26.72016
20
13.67042
30
0
11
26.70713
21
13.66637
31
0
0
LINE
8
A-ANNO-SYMB
10
26.70713
20
13.66637
30
0
11
26.69533
21
13.65997
31
0
0
LINE
8
A-ANNO-SYMB
10
26.69533
20
13.65997
30
0
11
26.68505
21
13.65149
31
0
0
LINE
8
A-ANNO-SYMB
10
26.68505
20
13.65149
30
0
11
26.67657
21
13.64121
31
0
0
LINE
8
A-ANNO-SYMB
10
26.67657
20
13.64121
30
0
11
26.67017
21
13.62942
31
0
0
LINE
8
A-ANNO-SYMB
10
26.67017
20
13.62942
30
0
11
26.66612
21
13.61638
31
0
0
LINE
8
A-ANNO-SYMB
10
26.66612
20
13.61638
30
0
11
26.66471
21
13.60239
31
0
0
LINE
8
A-ANNO-SYMB
10
26.66471
20
13.60239
30
0
11
26.66612
21
13.58839
31
0
0
LINE
8
A-ANNO-SYMB
10
26.66612
20
13.58839
30
0
11
26.67017
21
13.57536
31
0
0
LINE
8
A-ANNO-SYMB
10
26.67017
20
13.57536
30
0
11
26.67657
21
13.56356
31
0
0
LINE
8
A-ANNO-SYMB
10
26.67657
20
13.56356
30
0
11
26.68505
21
13.55328
31
0
0
LINE
8
A-ANNO-SYMB
10
26.68505
20
13.55328
30
0
11
26.69533
21
13.5448
31
0
0
LINE
8
A-ANNO-SYMB
10
26.69533
20
13.5448
30
0
11
26.70713
21
13.5384
31
0
0
LINE
8
A-ANNO-SYMB
10
26.70713
20
13.5384
30
0
11
26.72016
21
13.53435
31
0
0
LINE
8
A-ANNO-SYMB
10
26.72016
20
13.53435
30
0
11
26.73416
21
13.53294
31
0
0
LINE
8
A-ANNO-SYMB
10
26.73416
20
13.53294
30
0
11
26.74815
21
13.53435
31
0
0
LINE
8
A-ANNO-SYMB
10
26.74815
20
13.53435
30
0
11
26.76119
21
13.5384
31
0
0
LINE
8
A-ANNO-SYMB
10
26.76119
20
13.5384
30
0
11
26.77299
21
13.5448
31
0
0
LINE
8
A-ANNO-SYMB
10
26.77299
20
13.5448
30
0
11
26.78326
21
13.55328
31
0
0
LINE
8
A-ANNO-SYMB
10
26.78326
20
13.55328
30
0
11
26.79174
21
13.56356
31
0
0
LINE
8
A-ANNO-SYMB
10
26.79174
20
13.56356
30
0
11
26.79815
21
13.57536
31
0
0
LINE
8
A-ANNO-SYMB
10
26.79815
20
13.57536
30
0
11
26.80219
21
13.58839
31
0
0
LINE
8
A-ANNO-SYMB
10
26.80219
20
13.58839
30
0
11
26.8036
21
13.60239
31
0
0
TEXT
8
A-ANNO-SYMB
10
26.73416
20
13.57461
30
0
40
0.05
1
122
50
0
72
1
11
26.73416
21
13.57461
31
0
0
LINE
8
A-WALL
10
6.91905
20
7.84028
30
0
11
6.91905
21
11.46528
31
0
0
LINE
8
A-WALL
10
6.91905
20
11.59028
30
0
11
6.91905
21
13.17817
31
0
0
LINE
8
A-WALL
10
6.96984
20
7.84028
30
0
11
6.96984
21
11.25239
31
0
0
LINE
8
A-WALL
10
6.96984
20
11.30317
30
0
11
6.96984
21
11.46528
31
0
0
LINE
8
A-WALL
10
6.96984
20
11.59028
30
0
11
6.96984
21
13.12739
31
0
0
LINE
8
A-WALL
10
6.91905
20
13.87739
30
0
11
6.91905
21
15.21528
31
0
0
LINE
8
A-WALL
10
6.91905
20
15.34028
30
0
11
6.91905
21
19.21528
31
0
0
LINE
8
A-WALL
10
6.96984
20
13.92817
30
0
11
6.96984
21
15.21528
31
0
0
LINE
8
A-WALL
10
6.96984
20
15.34028
30
0
11
6.96984
21
16.00239
31
0
0
LINE
8
A-WALL
10
6.96984
20
16.05317
30
0
11
6.96984
21
19.21528
31
0
0
LINE
8
A-WALL
10
3.25694
20
15.30317
30
0
11
4.66905
21
15.30317
31
0
0
LINE
8
A-WALL
10
4.71984
20
15.30317
30
0
11
5.50694
21
15.30317
31
0
0
LINE
8
A-WALL
10
5.88194
20
15.30317
30
0
11
6.88194
21
15.30317
31
0
0
LINE
8
A-WALL
10
3.25694
20
15.25239
30
0
11
5.50694
21
15.25239
31
0
0
LINE
8
A-WALL
10
5.88194
20
15.25239
30
0
11
6.88194
21
15.25239
31
0
0
LINE
8
A-WALL
10
5.50694
20
15.30317
30
0
11
5.50694
21
15.25239
31
0
0
LINE
8
A-WALL
10
5.88194
20
15.30317
30
0
11
5.88194
21
15.25239
31
0
0
LINE
8
A-DOOR
10
5.50694
20
15.30317
30
0
11
5.50694
21
15.67817
31
0
0
LINE
8
A-DOOR
10
5.50694
20
15.67817
30
0
11
5.52517
21
15.67817
31
0
0
LINE
8
A-DOOR
10
5.52517
20
15.67817
30
0
11
5.52517
21
15.30317
31
0
0
LINE
8
A-DOOR
10
5.52517
20
15.30317
30
0
11
5.50694
21
15.30317
31
0
0
LINE
8
A-DOOR
10
5.88194
20
15.30317
30
0
11
5.87433
21
15.37874
31
0
0
LINE
8
A-DOOR
10
5.87433
20
15.37874
30
0
11
5.85248
21
15.44914
31
0
0
LINE
8
A-DOOR
10
5.85248
20
15.44914
30
0
11
5.8179
21
15.51283
31
0
0
LINE
8
A-DOOR
10
5.8179
20
15.51283
30
0
11
5.77211
21
15.56833
31
0
0
LINE
8
A-DOOR
10
5.77211
20
15.56833
30
0
11
5.71661
21
15.61412
31
0
0
LINE
8
A-DOOR
10
5.71661
20
15.61412
30
0
11
5.65291
21
15.6487
31
0
0
LINE
8
A-DOOR
10
5.65291
20
15.6487
30
0
11
5.58252
21
15.67055
31
0
0
LINE
8
A-DOOR
10
5.58252
20
15.67055
30
0
11
5.50694
21
15.67817
31
0
0
LINE
8
A-ANNO-SYMB
10
5.76389
20
14.97739
30
0
11
5.76248
21
14.99138
31
0
0
LINE
8
A-ANNO-SYMB
10
5.76248
20
14.99138
30
0
11
5.75843
21
15.00442
31
0
0
LINE
8
A-ANNO-SYMB
10
5.75843
20
15.00442
30
0
11
5.75203
21
15.01621
31
0
0
LINE
8
A-ANNO-SYMB
10
5.75203
20
15.01621
30
0
11
5.74355
21
15.02649
31
0
0
LINE
8
A-ANNO-SYMB
10
5.74355
20
15.02649
30
0
11
5.73327
21
15.03497
31
0
0
LINE
8
A-ANNO-SYMB
10
5.73327
20
15.03497
30
0
11
5.72148
21
15.04137
31
0
0
LINE
8
A-ANNO-SYMB
10
5.72148
20
15.04137
30
0
11
5.70844
21
15.04542
31
0
0
LINE
8
A-ANNO-SYMB
10
5.70844
20
15.04542
30
0
11
5.69444
21
15.04683
31
0
0
LINE
8
A-ANNO-SYMB
10
5.69444
20
15.04683
30
0
11
5.68045
21
15.04542
31
0
0
LINE
8
A-ANNO-SYMB
10
5.68045
20
15.04542
30
0
11
5.66741
21
15.04137
31
0
0
LINE
8
A-ANNO-SYMB
10
5.66741
20
15.04137
30
0
11
5.65562
21
15.03497
31
0
0
LINE
8
A-ANNO-SYMB
10
5.65562
20
15.03497
30
0
11
5.64534
21
15.02649
31
0
0
LINE
8
A-ANNO-SYMB
10
5.64534
20
15.02649
30
0
11
5.63686
21
15.01621
31
0
0
LINE
8
A-ANNO-SYMB
10
5.63686
20
15.01621
30
0
11
5.63046
21
15.00442
31
0
0
LINE
8
A-ANNO-SYMB
10
5.63046
20
15.00442
30
0
11
5.62641
21
14.99138
31
0
0
LINE
8
A-ANNO-SYMB
10
5.62641
20
14.99138
30
0
11
5.625
21
14.97739
31
0
0
LINE
8
A-ANNO-SYMB
10
5.625
20
14.97739
30
0
11
5.62641
21
14.96339
31
0
0
LINE
8
A-ANNO-SYMB
10
5.62641
20
14.96339
30
0
11
5.63046
21
14.95036
31
0
0
LINE
8
A-ANNO-SYMB
10
5.63046
20
14.95036
30
0
11
5.63686
21
14.93856
31
0
0
LINE
8
A-ANNO-SYMB
10
5.63686
20
14.93856
30
0
11
5.64534
21
14.92828
31
0
0
LINE
8
A-ANNO-SYMB
10
5.64534
20
14.92828
30
0
11
5.65562
21
14.9198
31
0
0
LINE
8
A-ANNO-SYMB
10
5.65562
20
14.9198
30
0
11
5.66741
21
14.9134
31
0
0
LINE
8
A-ANNO-SYMB
10
5.66741
20
14.9134
30
0
11
5.68045
21
14.90935
31
0
0
LINE
8
A-ANNO-SYMB
10
5.68045
20
14.90935
30
0
11
5.69444
21
14.90794
31
0
0
LINE
8
A-ANNO-SYMB
10
5.69444
20
14.90794
30
0
11
5.70844
21
14.90935
31
0
0
LINE
8
A-ANNO-SYMB
10
5.70844
20
14.90935
30
0
11
5.72148
21
14.9134
31
0
0
LINE
8
A-ANNO-SYMB
10
5.72148
20
14.9134
30
0
11
5.73327
21
14.9198
31
0
0
LINE
8
A-ANNO-SYMB
10
5.73327
20
14.9198
30
0
11
5.74355
21
14.92828
31
0
0
LINE
8
A-ANNO-SYMB
10
5.74355
20
14.92828
30
0
11
5.75203
21
14.93856
31
0
0
LINE
8
A-ANNO-SYMB
10
5.75203
20
14.93856
30
0
11
5.75843
21
14.95036
31
0
0
LINE
8
A-ANNO-SYMB
10
5.75843
20
14.95036
30
0
11
5.76248
21
14.96339
31
0
0
LINE
8
A-ANNO-SYMB
10
5.76248
20
14.96339
30
0
11
5.76389
21
14.97739
31
0
0
TEXT
8
A-ANNO-SYMB
10
5.69444
20
14.94961
30
0
40
0.05
1
103
50
0
72
1
11
5.69444
21
14.94961
31
0
0
LINE
8
A-WALL
10
4.66905
20
15.30317
30
0
11
4.66905
21
17.09028
31
0
0
LINE
8
A-WALL
10
4.66905
20
17.46528
30
0
11
4.66905
21
19.31879
31
0
0
LINE
8
A-WALL
10
4.71984
20
15.30317
30
0
11
4.71984
21
17.09028
31
0
0
LINE
8
A-WALL
10
4.71984
20
17.46528
30
0
11
4.71984
21
19.31879
31
0
0
LINE
8
A-WALL
10
4.66905
20
17.09028
30
0
11
4.71984
21
17.09028
31
0
0
LINE
8
A-WALL
10
4.66905
20
17.46528
30
0
11
4.71984
21
17.46528
31
0
0
LINE
8
A-DOOR
10
4.66905
20
17.09028
30
0
11
4.29405
21
17.09028
31
0
0
LINE
8
A-DOOR
10
4.29405
20
17.09028
30
0
11
4.29405
21
17.10851
31
0
0
LINE
8
A-DOOR
10
4.29405
20
17.10851
30
0
11
4.66905
21
17.10851
31
0
0
LINE
8
A-DOOR
10
4.66905
20
17.10851
30
0
11
4.66905
21
17.09028
31
0
0
LINE
8
A-DOOR
10
4.66905
20
17.46528
30
0
11
4.59348
21
17.45766
31
0
0
LINE
8
A-DOOR
10
4.59348
20
17.45766
30
0
11
4.52309
21
17.43581
31
0
0
LINE
8
A-DOOR
10
4.52309
20
17.43581
30
0
11
4.45939
21
17.40123
31
0
0
LINE
8
A-DOOR
10
4.45939
20
17.40123
30
0
11
4.40389
21
17.35544
31
0
0
LINE
8
A-DOOR
10
4.40389
20
17.35544
30
0
11
4.3581
21
17.29994
31
0
0
LINE
8
A-DOOR
10
4.3581
20
17.29994
30
0
11
4.32352
21
17.23624
31
0
0
LINE
8
A-DOOR
10
4.32352
20
17.23624
30
0
11
4.30167
21
17.16585
31
0
0
LINE
8
A-DOOR
10
4.30167
20
17.16585
30
0
11
4.29405
21
17.09028
31
0
0
LINE
8
A-ANNO-SYMB
10
5.06428
20
17.27778
30
0
11
5.06287
21
17.29177
31
0
0
LINE
8
A-ANNO-SYMB
10
5.06287
20
17.29177
30
0
11
5.05882
21
17.30481
31
0
0
LINE
8
A-ANNO-SYMB
10
5.05882
20
17.30481
30
0
11
5.05242
21
17.3166
31
0
0
LINE
8
A-ANNO-SYMB
10
5.05242
20
17.3166
30
0
11
5.04394
21
17.32688
31
0
0
LINE
8
A-ANNO-SYMB
10
5.04394
20
17.32688
30
0
11
5.03366
21
17.33536
31
0
0
LINE
8
A-ANNO-SYMB
10
5.03366
20
17.33536
30
0
11
5.02187
21
17.34176
31
0
0
LINE
8
A-ANNO-SYMB
10
5.02187
20
17.34176
30
0
11
5.00883
21
17.34581
31
0
0
LINE
8
A-ANNO-SYMB
10
5.00883
20
17.34581
30
0
11
4.99484
21
17.34722
31
0
0
LINE
8
A-ANNO-SYMB
10
4.99484
20
17.34722
30
0
11
4.98084
21
17.34581
31
0
0
LINE
8
A-ANNO-SYMB
10
4.98084
20
17.34581
30
0
11
4.9678
21
17.34176
31
0
0
LINE
8
A-ANNO-SYMB
10
4.9678
20
17.34176
30
0
11
4.95601
21
17.33536
31
0
0
LINE
8
A-ANNO-SYMB
10
4.95601
20
17.33536
30
0
11
4.94573
21
17.32688
31
0
0
LINE
8
A-ANNO-SYMB
10
4.94573
20
17.32688
30
0
11
4.93725
21
17.3166
31
0
0
LINE
8
A-ANNO-SYMB
10
4.93725
20
17.3166
30
0
11
4.93085
21
17.30481
31
0
0
LINE
8
A-ANNO-SYMB
10
4.93085
20
17.30481
30
0
11
4.9268
21
17.29177
31
0
0
LINE
8
A-ANNO-SYMB
10
4.9268
20
17.29177
30
0
11
4.92539
21
17.27778
31
0
0
LINE
8
A-ANNO-SYMB
10
4.92539
20
17.27778
30
0
11
4.9268
21
17.26378
31
0
0
LINE
8
A-ANNO-SYMB
10
4.9268
20
17.26378
30
0
11
4.93085
21
17.25075
31
0
0
LINE
8
A-ANNO-SYMB
10
4.93085
20
17.25075
30
0
11
4.93725
21
17.23895
31
0
0
LINE
8
A-ANNO-SYMB
10
4.93725
20
17.23895
30
0
11
4.94573
21
17.22867
31
0
0
LINE
8
A-ANNO-SYMB
10
4.94573
20
17.22867
30
0
11
4.95601
21
17.22019
31
0
0
LINE
8
A-ANNO-SYMB
10
4.95601
20
17.22019
30
0
11
4.9678
21
17.21379
31
0
0
LINE
8
A-ANNO-SYMB
10
4.9678
20
17.21379
30
0
11
4.98084
21
17.20974
31
0
0
LINE
8
A-ANNO-SYMB
10
4.98084
20
17.20974
30
0
11
4.99484
21
17.20833
31
0
0
LINE
8
A-ANNO-SYMB
10
4.99484
20
17.20833
30
0
11
5.00883
21
17.20974
31
0
0
LINE
8
A-ANNO-SYMB
10
5.00883
20
17.20974
30
0
11
5.02187
21
17.21379
31
0
0
LINE
8
A-ANNO-SYMB
10
5.02187
20
17.21379
30
0
11
5.03366
21
17.22019
31
0
0
LINE
8
A-ANNO-SYMB
10
5.03366
20
17.22019
30
0
11
5.04394
21
17.22867
31
0
0
LINE
8
A-ANNO-SYMB
10
5.04394
20
17.22867
30
0
11
5.05242
21
17.23895
31
0
0
LINE
8
A-ANNO-SYMB
10
5.05242
20
17.23895
30
0
11
5.05882
21
17.25075
31
0
0
LINE
8
A-ANNO-SYMB
10
5.05882
20
17.25075
30
0
11
5.06287
21
17.26378
31
0
0
LINE
8
A-ANNO-SYMB
10
5.06287
20
17.26378
30
0
11
5.06428
21
17.27778
31
0
0
TEXT
8
A-ANNO-SYMB
10
4.99484
20
17.25
30
0
40
0.05
1
102
50
0
72
1
11
4.99484
21
17.25
31
0
0
LINE
8
A-WALL
10
6.55246
20
10.47702
30
0
11
6.40379
21
10.81413
31
0
0
LINE
8
A-WALL
10
6.40379
20
10.81413
30
0
11
6.21451
21
11.12464
31
0
0
LINE
8
A-WALL
10
6.21451
20
11.12464
30
0
11
5.9882
21
11.40554
31
0
0
LINE
8
A-WALL
10
5.9882
20
11.40554
30
0
11
5.72843
21
11.65385
31
0
0
LINE
8
A-WALL
10
5.72843
20
11.65385
30
0
11
5.43879
21
11.86655
31
0
0
LINE
8
A-WALL
10
5.43879
20
11.86655
30
0
11
5.12285
21
12.04065
31
0
0
LINE
8
A-WALL
10
5.12285
20
12.04065
30
0
11
4.78419
21
12.17313
31
0
0
LINE
8
A-WALL
10
4.78419
20
12.17313
30
0
11
4.42639
21
12.261
31
0
0
LINE
8
A-WALL
10
6.50474
20
10.45965
30
0
11
6.35879
21
10.79059
31
0
0
LINE
8
A-WALL
10
6.35879
20
10.79059
30
0
11
6.17297
21
11.09542
31
0
0
LINE
8
A-WALL
10
6.17297
20
11.09542
30
0
11
5.9508
21
11.37119
31
0
0
LINE
8
A-WALL
10
5.9508
20
11.37119
30
0
11
5.69579
21
11.61495
31
0
0
LINE
8
A-WALL
10
5.69579
20
11.61495
30
0
11
5.41145
21
11.82376
31
0
0
LINE
8
A-WALL
10
5.41145
20
11.82376
30
0
11
5.10129
21
11.99467
31
0
0
LINE
8
A-WALL
10
5.10129
20
11.99467
30
0
11
4.76882
21
12.12473
31
0
0
LINE
8
A-WALL
10
4.76882
20
12.12473
30
0
11
4.41757
21
12.21099
31
0
0
LINE
8
A-WALL
10
6.50474
20
10.45965
30
0
11
6.55246
21
10.47702
31
0
0
LINE
8
A-WALL
10
4.41757
20
12.21099
30
0
11
4.42639
21
12.261
31
0
0
LINE
8
A-WALL
10
3.43175
20
12.79977
30
0
11
4.51428
21
13.42477
31
0
0
LINE
8
A-WALL
10
3.45714
20
12.75579
30
0
11
4.53967
21
13.38079
31
0
0
LINE
8
A-WALL
10
3.43175
20
12.79977
30
0
11
3.45714
21
12.75579
31
0
0
LINE
8
A-WALL
10
4.51428
20
13.42477
30
0
11
4.53967
21
13.38079
31
0
0
LINE
8
A-WALL
10
6.96984
20
16.05317
30
0
11
8.00694
21
16.05317
31
0
0
LINE
8
A-WALL
10
8.38194
20
16.05317
30
0
11
9.41905
21
16.05317
31
0
0
LINE
8
A-WALL
10
9.46984
20
16.05317
30
0
11
10.50694
21
16.05317
31
0
0
LINE
8
A-WALL
10
10.88194
20
16.05317
30
0
11
11.91905
21
16.05317
31
0
0
LINE
8
A-WALL
10
11.96984
20
16.05317
30
0
11
12.75694
21
16.05317
31
0
0
LINE
8
A-WALL
10
13.13194
20
16.05317
30
0
11
14.07335
21
16.05317
31
0
0
LINE
8
A-WALL
10
14.14887
20
16.05317
30
0
11
17.83572
21
16.05317
31
0
0
LINE
8
A-WALL
10
6.96984
20
16.00239
30
0
11
8.00694
21
16.00239
31
0
0
LINE
8
A-WALL
10
8.38194
20
16.00239
30
0
11
9.41905
21
16.00239
31
0
0
LINE
8
A-WALL
10
9.46984
20
16.00239
30
0
11
10.50694
21
16.00239
31
0
0
LINE
8
A-WALL
10
10.88194
20
16.00239
30
0
11
11.91905
21
16.00239
31
0
0
LINE
8
A-WALL
10
11.96984
20
16.00239
30
0
11
12.75694
21
16.00239
31
0
0
LINE
8
A-WALL
10
13.13194
20
16.00239
30
0
11
13.16905
21
16.00239
31
0
0
LINE
8
A-WALL
10
13.21984
20
16.00239
30
0
11
14.07335
21
16.00239
31
0
0
LINE
8
A-WALL
10
14.14887
20
16.00239
30
0
11
17.83572
21
16.00239
31
0
0
LINE
8
A-WALL
10
8.00694
20
16.05317
30
0
11
8.00694
21
16.00239
31
0
0
LINE
8
A-WALL
10
8.38194
20
16.05317
30
0
11
8.38194
21
16.00239
31
0
0
LINE
8
A-WALL
10
10.50694
20
16.05317
30
0
11
10.50694
21
16.00239
31
0
0
LINE
8
A-WALL
10
10.88194
20
16.05317
30
0
11
10.88194
21
16.00239
31
0
0
LINE
8
A-WALL
10
12.75694
20
16.05317
30
0
11
12.75694
21
16.00239
31
0
0
LINE
8
A-WALL
10
13.13194
20
16.05317
30
0
11
13.13194
21
16.00239
31
0
0
LINE
8
A-DOOR
10
8.00694
20
16.05317
30
0
11
8.00694
21
16.42817
31
0
0
LINE
8
A-DOOR
10
8.00694
20
16.42817
30
0
11
8.02517
21
16.42817
31
0
0
LINE
8
A-DOOR
10
8.02517
20
16.42817
30
0
11
8.02517
21
16.05317
31
0
0
LINE
8
A-DOOR
10
8.02517
20
16.05317
30
0
11
8.00694
21
16.05317
31
0
0
LINE
8
A-DOOR
10
8.38194
20
16.05317
30
0
11
8.37433
21
16.12874
31
0
0
LINE
8
A-DOOR
10
8.37433
20
16.12874
30
0
11
8.35248
21
16.19914
31
0
0
LINE
8
A-DOOR
10
8.35248
20
16.19914
30
0
11
8.3179
21
16.26283
31
0
0
LINE
8
A-DOOR
10
8.3179
20
16.26283
30
0
11
8.27211
21
16.31833
31
0
0
LINE
8
A-DOOR
10
8.27211
20
16.31833
30
0
11
8.21661
21
16.36412
31
0
0
LINE
8
A-DOOR
10
8.21661
20
16.36412
30
0
11
8.15291
21
16.3987
31
0
0
LINE
8
A-DOOR
10
8.15291
20
16.3987
30
0
11
8.08252
21
16.42055
31
0
0
LINE
8
A-DOOR
10
8.08252
20
16.42055
30
0
11
8.00694
21
16.42817
31
0
0
LINE
8
A-ANNO-SYMB
10
8.26389
20
15.72739
30
0
11
8.26248
21
15.74138
31
0
0
LINE
8
A-ANNO-SYMB
10
8.26248
20
15.74138
30
0
11
8.25843
21
15.75442
31
0
0
LINE
8
A-ANNO-SYMB
10
8.25843
20
15.75442
30
0
11
8.25203
21
15.76621
31
0
0
LINE
8
A-ANNO-SYMB
10
8.25203
20
15.76621
30
0
11
8.24355
21
15.77649
31
0
0
LINE
8
A-ANNO-SYMB
10
8.24355
20
15.77649
30
0
11
8.23327
21
15.78497
31
0
0
LINE
8
A-ANNO-SYMB
10
8.23327
20
15.78497
30
0
11
8.22148
21
15.79137
31
0
0
LINE
8
A-ANNO-SYMB
10
8.22148
20
15.79137
30
0
11
8.20844
21
15.79542
31
0
0
LINE
8
A-ANNO-SYMB
10
8.20844
20
15.79542
30
0
11
8.19444
21
15.79683
31
0
0
LINE
8
A-ANNO-SYMB
10
8.19444
20
15.79683
30
0
11
8.18045
21
15.79542
31
0
0
LINE
8
A-ANNO-SYMB
10
8.18045
20
15.79542
30
0
11
8.16741
21
15.79137
31
0
0
LINE
8
A-ANNO-SYMB
10
8.16741
20
15.79137
30
0
11
8.15562
21
15.78497
31
0
0
LINE
8
A-ANNO-SYMB
10
8.15562
20
15.78497
30
0
11
8.14534
21
15.77649
31
0
0
LINE
8
A-ANNO-SYMB
10
8.14534
20
15.77649
30
0
11
8.13686
21
15.76621
31
0
0
LINE
8
A-ANNO-SYMB
10
8.13686
20
15.76621
30
0
11
8.13046
21
15.75442
31
0
0
LINE
8
A-ANNO-SYMB
10
8.13046
20
15.75442
30
0
11
8.12641
21
15.74138
31
0
0
LINE
8
A-ANNO-SYMB
10
8.12641
20
15.74138
30
0
11
8.125
21
15.72739
31
0
0
LINE
8
A-ANNO-SYMB
10
8.125
20
15.72739
30
0
11
8.12641
21
15.71339
31
0
0
LINE
8
A-ANNO-SYMB
10
8.12641
20
15.71339
30
0
11
8.13046
21
15.70036
31
0
0
LINE
8
A-ANNO-SYMB
10
8.13046
20
15.70036
30
0
11
8.13686
21
15.68856
31
0
0
LINE
8
A-ANNO-SYMB
10
8.13686
20
15.68856
30
0
11
8.14534
21
15.67828
31
0
0
LINE
8
A-ANNO-SYMB
10
8.14534
20
15.67828
30
0
11
8.15562
21
15.6698
31
0
0
LINE
8
A-ANNO-SYMB
10
8.15562
20
15.6698
30
0
11
8.16741
21
15.6634
31
0
0
LINE
8
A-ANNO-SYMB
10
8.16741
20
15.6634
30
0
11
8.18045
21
15.65935
31
0
0
LINE
8
A-ANNO-SYMB
10
8.18045
20
15.65935
30
0
11
8.19444
21
15.65794
31
0
0
LINE
8
A-ANNO-SYMB
10
8.19444
20
15.65794
30
0
11
8.20844
21
15.65935
31
0
0
LINE
8
A-ANNO-SYMB
10
8.20844
20
15.65935
30
0
11
8.22148
21
15.6634
31
0
0
LINE
8
A-ANNO-SYMB
10
8.22148
20
15.6634
30
0
11
8.23327
21
15.6698
31
0
0
LINE
8
A-ANNO-SYMB
10
8.23327
20
15.6698
30
0
11
8.24355
21
15.67828
31
0
0
LINE
8
A-ANNO-SYMB
10
8.24355
20
15.67828
30
0
11
8.25203
21
15.68856
31
0
0
LINE
8
A-ANNO-SYMB
10
8.25203
20
15.68856
30
0
11
8.25843
21
15.70036
31
0
0
LINE
8
A-ANNO-SYMB
10
8.25843
20
15.70036
30
0
11
8.26248
21
15.71339
31
0
0
LINE
8
A-ANNO-SYMB
10
8.26248
20
15.71339
30
0
11
8.26389
21
15.72739
31
0
0
TEXT
8
A-ANNO-SYMB
10
8.19444
20
15.69961
30
0
40
0.05
1
125
50
0
72
1
11
8.19444
21
15.69961
31
0
0
LINE
8
A-DOOR
10
10.50694
20
16.05317
30
0
11
10.50694
21
16.42817
31
0
0
LINE
8
A-DOOR
10
10.50694
20
16.42817
30
0
11
10.52517
21
16.42817
31
0
0
LINE
8
A-DOOR
10
10.52517
20
16.42817
30
0
11
10.52517
21
16.05317
31
0
0
LINE
8
A-DOOR
10
10.52517
20
16.05317
30
0
11
10.50694
21
16.05317
31
0
0
LINE
8
A-DOOR
10
10.88194
20
16.05317
30
0
11
10.87433
21
16.12874
31
0
0
LINE
8
A-DOOR
10
10.87433
20
16.12874
30
0
11
10.85248
21
16.19914
31
0
0
LINE
8
A-DOOR
10
10.85248
20
16.19914
30
0
11
10.8179
21
16.26283
31
0
0
LINE
8
A-DOOR
10
10.8179
20
16.26283
30
0
11
10.77211
21
16.31833
31
0
0
LINE
8
A-DOOR
10
10.77211
20
16.31833
30
0
11
10.71661
21
16.36412
31
0
0
LINE
8
A-DOOR
10
10.71661
20
16.36412
30
0
11
10.65291
21
16.3987
31
0
0
LINE
8
A-DOOR
10
10.65291
20
16.3987
30
0
11
10.58252
21
16.42055
31
0
0
LINE
8
A-DOOR
10
10.58252
20
16.42055
30
0
11
10.50694
21
16.42817
31
0
0
LINE
8
A-ANNO-SYMB
10
10.76389
20
15.72739
30
0
11
10.76248
21
15.74138
31
0
0
LINE
8
A-ANNO-SYMB
10
10.76248
20
15.74138
30
0
11
10.75843
21
15.75442
31
0
0
LINE
8
A-ANNO-SYMB
10
10.75843
20
15.75442
30
0
11
10.75203
21
15.76621
31
0
0
LINE
8
A-ANNO-SYMB
10
10.75203
20
15.76621
30
0
11
10.74355
21
15.77649
31
0
0
LINE
8
A-ANNO-SYMB
10
10.74355
20
15.77649
30
0
11
10.73327
21
15.78497
31
0
0
LINE
8
A-ANNO-SYMB
10
10.73327
20
15.78497
30
0
11
10.72148
21
15.79137
31
0
0
LINE
8
A-ANNO-SYMB
10
10.72148
20
15.79137
30
0
11
10.70844
21
15.79542
31
0
0
LINE
8
A-ANNO-SYMB
10
10.70844
20
15.79542
30
0
11
10.69444
21
15.79683
31
0
0
LINE
8
A-ANNO-SYMB
10
10.69444
20
15.79683
30
0
11
10.68045
21
15.79542
31
0
0
LINE
8
A-ANNO-SYMB
10
10.68045
20
15.79542
30
0
11
10.66741
21
15.79137
31
0
0
LINE
8
A-ANNO-SYMB
10
10.66741
20
15.79137
30
0
11
10.65562
21
15.78497
31
0
0
LINE
8
A-ANNO-SYMB
10
10.65562
20
15.78497
30
0
11
10.64534
21
15.77649
31
0
0
LINE
8
A-ANNO-SYMB
10
10.64534
20
15.77649
30
0
11
10.63686
21
15.76621
31
0
0
LINE
8
A-ANNO-SYMB
10
10.63686
20
15.76621
30
0
11
10.63046
21
15.75442
31
0
0
LINE
8
A-ANNO-SYMB
10
10.63046
20
15.75442
30
0
11
10.62641
21
15.74138
31
0
0
LINE
8
A-ANNO-SYMB
10
10.62641
20
15.74138
30
0
11
10.625
21
15.72739
31
0
0
LINE
8
A-ANNO-SYMB
10
10.625
20
15.72739
30
0
11
10.62641
21
15.71339
31
0
0
LINE
8
A-ANNO-SYMB
10
10.62641
20
15.71339
30
0
11
10.63046
21
15.70036
31
0
0
LINE
8
A-ANNO-SYMB
10
10.63046
20
15.70036
30
0
11
10.63686
21
15.68856
31
0
0
LINE
8
A-ANNO-SYMB
10
10.63686
20
15.68856
30
0
11
10.64534
21
15.67828
31
0
0
LINE
8
A-ANNO-SYMB
10
10.64534
20
15.67828
30
0
11
10.65562
21
15.6698
31
0
0
LINE
8
A-ANNO-SYMB
10
10.65562
20
15.6698
30
0
11
10.66741
21
15.6634
31
0
0
LINE
8
A-ANNO-SYMB
10
10.66741
20
15.6634
30
0
11
10.68045
21
15.65935
31
0
0
LINE
8
A-ANNO-SYMB
10
10.68045
20
15.65935
30
0
11
10.69444
21
15.65794
31
0
0
LINE
8
A-ANNO-SYMB
10
10.69444
20
15.65794
30
0
11
10.70844
21
15.65935
31
0
0
LINE
8
A-ANNO-SYMB
10
10.70844
20
15.65935
30
0
11
10.72148
21
15.6634
31
0
0
LINE
8
A-ANNO-SYMB
10
10.72148
20
15.6634
30
0
11
10.73327
21
15.6698
31
0
0
LINE
8
A-ANNO-SYMB
10
10.73327
20
15.6698
30
0
11
10.74355
21
15.67828
31
0
0
LINE
8
A-ANNO-SYMB
10
10.74355
20
15.67828
30
0
11
10.75203
21
15.68856
31
0
0
LINE
8
A-ANNO-SYMB
10
10.75203
20
15.68856
30
0
11
10.75843
21
15.70036
31
0
0
LINE
8
A-ANNO-SYMB
10
10.75843
20
15.70036
30
0
11
10.76248
21
15.71339
31
0
0
LINE
8
A-ANNO-SYMB
10
10.76248
20
15.71339
30
0
11
10.76389
21
15.72739
31
0
0
TEXT
8
A-ANNO-SYMB
10
10.69444
20
15.69961
30
0
40
0.05
1
126
50
0
72
1
11
10.69444
21
15.69961
31
0
0
LINE
8
A-DOOR
10
12.75694
20
16.05317
30
0
11
12.75694
21
16.42817
31
0
0
LINE
8
A-DOOR
10
12.75694
20
16.42817
30
0
11
12.77517
21
16.42817
31
0
0
LINE
8
A-DOOR
10
12.77517
20
16.42817
30
0
11
12.77517
21
16.05317
31
0
0
LINE
8
A-DOOR
10
12.77517
20
16.05317
30
0
11
12.75694
21
16.05317
31
0
0
LINE
8
A-DOOR
10
13.13194
20
16.05317
30
0
11
13.12433
21
16.12874
31
0
0
LINE
8
A-DOOR
10
13.12433
20
16.12874
30
0
11
13.10248
21
16.19914
31
0
0
LINE
8
A-DOOR
10
13.10248
20
16.19914
30
0
11
13.0679
21
16.26283
31
0
0
LINE
8
A-DOOR
10
13.0679
20
16.26283
30
0
11
13.02211
21
16.31833
31
0
0
LINE
8
A-DOOR
10
13.02211
20
16.31833
30
0
11
12.96661
21
16.36412
31
0
0
LINE
8
A-DOOR
10
12.96661
20
16.36412
30
0
11
12.90291
21
16.3987
31
0
0
LINE
8
A-DOOR
10
12.90291
20
16.3987
30
0
11
12.83252
21
16.42055
31
0
0
LINE
8
A-DOOR
10
12.83252
20
16.42055
30
0
11
12.75694
21
16.42817
31
0
0
LINE
8
A-ANNO-SYMB
10
13.01389
20
15.72739
30
0
11
13.01248
21
15.74138
31
0
0
LINE
8
A-ANNO-SYMB
10
13.01248
20
15.74138
30
0
11
13.00843
21
15.75442
31
0
0
LINE
8
A-ANNO-SYMB
10
13.00843
20
15.75442
30
0
11
13.00203
21
15.76621
31
0
0
LINE
8
A-ANNO-SYMB
10
13.00203
20
15.76621
30
0
11
12.99355
21
15.77649
31
0
0
LINE
8
A-ANNO-SYMB
10
12.99355
20
15.77649
30
0
11
12.98327
21
15.78497
31
0
0
LINE
8
A-ANNO-SYMB
10
12.98327
20
15.78497
30
0
11
12.97148
21
15.79137
31
0
0
LINE
8
A-ANNO-SYMB
10
12.97148
20
15.79137
30
0
11
12.95844
21
15.79542
31
0
0
LINE
8
A-ANNO-SYMB
10
12.95844
20
15.79542
30
0
11
12.94444
21
15.79683
31
0
0
LINE
8
A-ANNO-SYMB
10
12.94444
20
15.79683
30
0
11
12.93045
21
15.79542
31
0
0
LINE
8
A-ANNO-SYMB
10
12.93045
20
15.79542
30
0
11
12.91741
21
15.79137
31
0
0
LINE
8
A-ANNO-SYMB
10
12.91741
20
15.79137
30
0
11
12.90562
21
15.78497
31
0
0
LINE
8
A-ANNO-SYMB
10
12.90562
20
15.78497
30
0
11
12.89534
21
15.77649
31
0
0
LINE
8
A-ANNO-SYMB
10
12.89534
20
15.77649
30
0
11
12.88686
21
15.76621
31
0
0
LINE
8
A-ANNO-SYMB
10
12.88686
20
15.76621
30
0
11
12.88046
21
15.75442
31
0
0
LINE
8
A-ANNO-SYMB
10
12.88046
20
15.75442
30
0
11
12.87641
21
15.74138
31
0
0
LINE
8
A-ANNO-SYMB
10
12.87641
20
15.74138
30
0
11
12.875
21
15.72739
31
0
0
LINE
8
A-ANNO-SYMB
10
12.875
20
15.72739
30
0
11
12.87641
21
15.71339
31
0
0
LINE
8
A-ANNO-SYMB
10
12.87641
20
15.71339
30
0
11
12.88046
21
15.70036
31
0
0
LINE
8
A-ANNO-SYMB
10
12.88046
20
15.70036
30
0
11
12.88686
21
15.68856
31
0
0
LINE
8
A-ANNO-SYMB
10
12.88686
20
15.68856
30
0
11
12.89534
21
15.67828
31
0
0
LINE
8
A-ANNO-SYMB
10
12.89534
20
15.67828
30
0
11
12.90562
21
15.6698
31
0
0
LINE
8
A-ANNO-SYMB
10
12.90562
20
15.6698
30
0
11
12.91741
21
15.6634
31
0
0
LINE
8
A-ANNO-SYMB
10
12.91741
20
15.6634
30
0
11
12.93045
21
15.65935
31
0
0
LINE
8
A-ANNO-SYMB
10
12.93045
20
15.65935
30
0
11
12.94444
21
15.65794
31
0
0
LINE
8
A-ANNO-SYMB
10
12.94444
20
15.65794
30
0
11
12.95844
21
15.65935
31
0
0
LINE
8
A-ANNO-SYMB
10
12.95844
20
15.65935
30
0
11
12.97148
21
15.6634
31
0
0
LINE
8
A-ANNO-SYMB
10
12.97148
20
15.6634
30
0
11
12.98327
21
15.6698
31
0
0
LINE
8
A-ANNO-SYMB
10
12.98327
20
15.6698
30
0
11
12.99355
21
15.67828
31
0
0
LINE
8
A-ANNO-SYMB
10
12.99355
20
15.67828
30
0
11
13.00203
21
15.68856
31
0
0
LINE
8
A-ANNO-SYMB
10
13.00203
20
15.68856
30
0
11
13.00843
21
15.70036
31
0
0
LINE
8
A-ANNO-SYMB
10
13.00843
20
15.70036
30
0
11
13.01248
21
15.71339
31
0
0
LINE
8
A-ANNO-SYMB
10
13.01248
20
15.71339
30
0
11
13.01389
21
15.72739
31
0
0
TEXT
8
A-ANNO-SYMB
10
12.94444
20
15.69961
30
0
40
0.05
1
127
50
0
72
1
11
12.94444
21
15.69961
31
0
0
LINE
8
A-WALL
10
8.16905
20
13.92817
30
0
11
8.16905
21
16.00239
31
0
0
LINE
8
A-WALL
10
8.21984
20
13.92817
30
0
11
8.21984
21
16.00239
31
0
0
LINE
8
A-WALL
10
9.41905
20
13.92817
30
0
11
9.41905
21
16.00239
31
0
0
LINE
8
A-WALL
10
9.46984
20
13.92817
30
0
11
9.46984
21
16.00239
31
0
0
LINE
8
A-WALL
10
10.66905
20
13.92817
30
0
11
10.66905
21
15.21528
31
0
0
LINE
8
A-WALL
10
10.66905
20
15.34028
30
0
11
10.66905
21
16.00239
31
0
0
LINE
8
A-WALL
10
10.71984
20
13.92817
30
0
11
10.71984
21
15.21528
31
0
0
LINE
8
A-WALL
10
10.71984
20
15.34028
30
0
11
10.71984
21
16.00239
31
0
0
LINE
8
A-WALL
10
11.91905
20
13.92817
30
0
11
11.91905
21
16.00239
31
0
0
LINE
8
A-WALL
10
11.96984
20
13.92817
30
0
11
11.96984
21
16.00239
31
0
0
LINE
8
A-WALL
10
13.16905
20
13.92817
30
0
11
13.16905
21
16.00239
31
0
0
LINE
8
A-WALL
10
13.21984
20
13.92817
30
0
11
13.21984
21
16.00239
31
0
0
LINE
8
A-WALL
10
14.07335
20
13.92817
30
0
11
14.07335
21
15.21528
31
0
0
LINE
8
A-WALL
10
14.07335
20
15.34028
30
0
11
14.07335
21
16.00239
31
0
0
LINE
8
A-WALL
10
14.07335
20
16.05317
30
0
11
14.07335
21
17.59028
31
0
0
LINE
8
A-WALL
10
14.07335
20
17.96528
30
0
11
14.07335
21
19.21528
31
0
0
LINE
8
A-WALL
10
14.14887
20
13.92817
30
0
11
14.14887
21
15.21528
31
0
0
LINE
8
A-WALL
10
14.14887
20
15.34028
30
0
11
14.14887
21
16.00239
31
0
0
LINE
8
A-WALL
10
14.14887
20
16.05317
30
0
11
14.14887
21
17.59028
31
0
0
LINE
8
A-WALL
10
14.14887
20
17.96528
30
0
11
14.14887
21
19.21528
31
0
0
LINE
8
A-WALL
10
14.07335
20
17.59028
30
0
11
14.14887
21
17.59028
31
0
0
LINE
8
A-WALL
10
14.07335
20
17.96528
30
0
11
14.14887
21
17.96528
31
0
0
LINE
8
A-DOOR
10
14.07335
20
17.59028
30
0
11
13.69835
21
17.59028
31
0
0
LINE
8
A-DOOR
10
13.69835
20
17.59028
30
0
11
13.69835
21
17.60851
31
0
0
LINE
8
A-DOOR
10
13.69835
20
17.60851
30
0
11
14.07335
21
17.60851
31
0
0
LINE
8
A-DOOR
10
14.07335
20
17.60851
30
0
11
14.07335
21
17.59028
31
0
0
LINE
8
A-DOOR
10
14.07335
20
17.96528
30
0
11
13.99778
21
17.95766
31
0
0
LINE
8
A-DOOR
10
13.99778
20
17.95766
30
0
11
13.92738
21
17.93581
31
0
0
LINE
8
A-DOOR
10
13.92738
20
17.93581
30
0
11
13.86368
21
17.90123
31
0
0
LINE
8
A-DOOR
10
13.86368
20
17.90123
30
0
11
13.80819
21
17.85544
31
0
0
LINE
8
A-DOOR
10
13.80819
20
17.85544
30
0
11
13.76239
21
17.79994
31
0
0
LINE
8
A-DOOR
10
13.76239
20
17.79994
30
0
11
13.72782
21
17.73624
31
0
0
LINE
8
A-DOOR
10
13.72782
20
17.73624
30
0
11
13.70597
21
17.66585
31
0
0
LINE
8
A-DOOR
10
13.70597
20
17.66585
30
0
11
13.69835
21
17.59028
31
0
0
LINE
8
A-ANNO-SYMB
10
14.49332
20
17.77778
30
0
11
14.49191
21
17.79177
31
0
0
LINE
8
A-ANNO-SYMB
10
14.49191
20
17.79177
30
0
11
14.48786
21
17.80481
31
0
0
LINE
8
A-ANNO-SYMB
10
14.48786
20
17.80481
30
0
11
14.48146
21
17.8166
31
0
0
LINE
8
A-ANNO-SYMB
10
14.48146
20
17.8166
30
0
11
14.47298
21
17.82688
31
0
0
LINE
8
A-ANNO-SYMB
10
14.47298
20
17.82688
30
0
11
14.4627
21
17.83536
31
0
0
LINE
8
A-ANNO-SYMB
10
14.4627
20
17.83536
30
0
11
14.4509
21
17.84176
31
0
0
LINE
8
A-ANNO-SYMB
10
14.4509
20
17.84176
30
0
11
14.43787
21
17.84581
31
0
0
LINE
8
A-ANNO-SYMB
10
14.43787
20
17.84581
30
0
11
14.42387
21
17.84722
31
0
0
LINE
8
A-ANNO-SYMB
10
14.42387
20
17.84722
30
0
11
14.40988
21
17.84581
31
0
0
LINE
8
A-ANNO-SYMB
10
14.40988
20
17.84581
30
0
11
14.39684
21
17.84176
31
0
0
LINE
8
A-ANNO-SYMB
10
14.39684
20
17.84176
30
0
11
14.38504
21
17.83536
31
0
0
LINE
8
A-ANNO-SYMB
10
14.38504
20
17.83536
30
0
11
14.37477
21
17.82688
31
0
0
LINE
8
A-ANNO-SYMB
10
14.37477
20
17.82688
30
0
11
14.36629
21
17.8166
31
0
0
LINE
8
A-ANNO-SYMB
10
14.36629
20
17.8166
30
0
11
14.35988
21
17.80481
31
0
0
LINE
8
A-ANNO-SYMB
10
14.35988
20
17.80481
30
0
11
14.35584
21
17.79177
31
0
0
LINE
8
A-ANNO-SYMB
10
14.35584
20
17.79177
30
0
11
14.35443
21
17.77778
31
0
0
LINE
8
A-ANNO-SYMB
10
14.35443
20
17.77778
30
0
11
14.35584
21
17.76378
31
0
0
LINE
8
A-ANNO-SYMB
10
14.35584
20
17.76378
30
0
11
14.35988
21
17.75075
31
0
0
LINE
8
A-ANNO-SYMB
10
14.35988
20
17.75075
30
0
11
14.36629
21
17.73895
31
0
0
LINE
8
A-ANNO-SYMB
10
14.36629
20
17.73895
30
0
11
14.37477
21
17.72867
31
0
0
LINE
8
A-ANNO-SYMB
10
14.37477
20
17.72867
30
0
11
14.38504
21
17.72019
31
0
0
LINE
8
A-ANNO-SYMB
10
14.38504
20
17.72019
30
0
11
14.39684
21
17.71379
31
0
0
LINE
8
A-ANNO-SYMB
10
14.39684
20
17.71379
30
0
11
14.40988
21
17.70974
31
0
0
LINE
8
A-ANNO-SYMB
10
14.40988
20
17.70974
30
0
11
14.42387
21
17.70833
31
0
0
LINE
8
A-ANNO-SYMB
10
14.42387
20
17.70833
30
0
11
14.43787
21
17.70974
31
0
0
LINE
8
A-ANNO-SYMB
10
14.43787
20
17.70974
30
0
11
14.4509
21
17.71379
31
0
0
LINE
8
A-ANNO-SYMB
10
14.4509
20
17.71379
30
0
11
14.4627
21
17.72019
31
0
0
LINE
8
A-ANNO-SYMB
10
14.4627
20
17.72019
30
0
11
14.47298
21
17.72867
31
0
0
LINE
8
A-ANNO-SYMB
10
14.47298
20
17.72867
30
0
11
14.48146
21
17.73895
31
0
0
LINE
8
A-ANNO-SYMB
10
14.48146
20
17.73895
30
0
11
14.48786
21
17.75075
31
0
0
LINE
8
A-ANNO-SYMB
10
14.48786
20
17.75075
30
0
11
14.49191
21
17.76378
31
0
0
LINE
8
A-ANNO-SYMB
10
14.49191
20
17.76378
30
0
11
14.49332
21
17.77778
31
0
0
TEXT
8
A-ANNO-SYMB
10
14.42387
20
17.75
30
0
40
0.05
1
128
50
0
72
1
11
14.42387
21
17.75
31
0
0
LINE
8
A-WALL
10
9.41905
20
16.05317
30
0
11
9.41905
21
19.31879
31
0
0
LINE
8
A-WALL
10
9.46984
20
16.05317
30
0
11
9.46984
21
19.31879
31
0
0
LINE
8
A-WALL
10
11.91905
20
16.05317
30
0
11
11.91905
21
19.31879
31
0
0
LINE
8
A-WALL
10
11.96984
20
16.05317
30
0
11
11.96984
21
19.31879
31
0
0
LINE
8
A-WALL
10
14.68393
20
13.92817
30
0
11
15.43393
21
14.67817
31
0
0
LINE
8
A-WALL
10
14.75574
20
13.92817
30
0
11
15.45496
21
14.62739
31
0
0
LINE
8
A-WALL
10
15.43393
20
14.67817
30
0
11
16.00694
21
14.67817
31
0
0
LINE
8
A-WALL
10
16.38194
20
14.67817
30
0
11
16.96984
21
14.67817
31
0
0
LINE
8
A-WALL
10
15.45496
20
14.62739
30
0
11
16.00694
21
14.62739
31
0
0
LINE
8
A-WALL
10
16.38194
20
14.62739
30
0
11
16.91905
21
14.62739
31
0
0
LINE
8
A-WALL
10
16.00694
20
14.67817
30
0
11
16.00694
21
14.62739
31
0
0
LINE
8
A-WALL
10
16.38194
20
14.67817
30
0
11
16.38194
21
14.62739
31
0
0
LINE
8
A-DOOR
10
16.00694
20
14.67817
30
0
11
16.00694
21
15.05317
31
0
0
LINE
8
A-DOOR
10
16.00694
20
15.05317
30
0
11
16.02517
21
15.05317
31
0
0
LINE
8
A-DOOR
10
16.02517
20
15.05317
30
0
11
16.02517
21
14.67817
31
0
0
LINE
8
A-DOOR
10
16.02517
20
14.67817
30
0
11
16.00694
21
14.67817
31
0
0
LINE
8
A-DOOR
10
16.38194
20
14.67817
30
0
11
16.37433
21
14.75374
31
0
0
LINE
8
A-DOOR
10
16.37433
20
14.75374
30
0
11
16.35248
21
14.82414
31
0
0
LINE
8
A-DOOR
10
16.35248
20
14.82414
30
0
11
16.3179
21
14.88783
31
0
0
LINE
8
A-DOOR
10
16.3179
20
14.88783
30
0
11
16.27211
21
14.94333
31
0
0
LINE
8
A-DOOR
10
16.27211
20
14.94333
30
0
11
16.21661
21
14.98912
31
0
0
LINE
8
A-DOOR
10
16.21661
20
14.98912
30
0
11
16.15291
21
15.0237
31
0
0
LINE
8
A-DOOR
10
16.15291
20
15.0237
30
0
11
16.08252
21
15.04555
31
0
0
LINE
8
A-DOOR
10
16.08252
20
15.04555
30
0
11
16.00694
21
15.05317
31
0
0
LINE
8
A-ANNO-SYMB
10
16.26389
20
14.35239
30
0
11
16.26248
21
14.36638
31
0
0
LINE
8
A-ANNO-SYMB
10
16.26248
20
14.36638
30
0
11
16.25843
21
14.37942
31
0
0
LINE
8
A-ANNO-SYMB
10
16.25843
20
14.37942
30
0
11
16.25203
21
14.39121
31
0
0
LINE
8
A-ANNO-SYMB
10
16.25203
20
14.39121
30
0
11
16.24355
21
14.40149
31
0
0
LINE
8
A-ANNO-SYMB
10
16.24355
20
14.40149
30
0
11
16.23327
21
14.40997
31
0
0
LINE
8
A-ANNO-SYMB
10
16.23327
20
14.40997
30
0
11
16.22148
21
14.41637
31
0
0
LINE
8
A-ANNO-SYMB
10
16.22148
20
14.41637
30
0
11
16.20844
21
14.42042
31
0
0
LINE
8
A-ANNO-SYMB
10
16.20844
20
14.42042
30
0
11
16.19444
21
14.42183
31
0
0
LINE
8
A-ANNO-SYMB
10
16.19444
20
14.42183
30
0
11
16.18045
21
14.42042
31
0
0
LINE
8
A-ANNO-SYMB
10
16.18045
20
14.42042
30
0
11
16.16741
21
14.41637
31
0
0
LINE
8
A-ANNO-SYMB
10
16.16741
20
14.41637
30
0
11
16.15562
21
14.40997
31
0
0
LINE
8
A-ANNO-SYMB
10
16.15562
20
14.40997
30
0
11
16.14534
21
14.40149
31
0
0
LINE
8
A-ANNO-SYMB
10
16.14534
20
14.40149
30
0
11
16.13686
21
14.39121
31
0
0
LINE
8
A-ANNO-SYMB
10
16.13686
20
14.39121
30
0
11
16.13046
21
14.37942
31
0
0
LINE
8
A-ANNO-SYMB
10
16.13046
20
14.37942
30
0
11
16.12641
21
14.36638
31
0
0
LINE
8
A-ANNO-SYMB
10
16.12641
20
14.36638
30
0
11
16.125
21
14.35239
31
0
0
LINE
8
A-ANNO-SYMB
10
16.125
20
14.35239
30
0
11
16.12641
21
14.33839
31
0
0
LINE
8
A-ANNO-SYMB
10
16.12641
20
14.33839
30
0
11
16.13046
21
14.32536
31
0
0
LINE
8
A-ANNO-SYMB
10
16.13046
20
14.32536
30
0
11
16.13686
21
14.31356
31
0
0
LINE
8
A-ANNO-SYMB
10
16.13686
20
14.31356
30
0
11
16.14534
21
14.30328
31
0
0
LINE
8
A-ANNO-SYMB
10
16.14534
20
14.30328
30
0
11
16.15562
21
14.2948
31
0
0
LINE
8
A-ANNO-SYMB
10
16.15562
20
14.2948
30
0
11
16.16741
21
14.2884
31
0
0
LINE
8
A-ANNO-SYMB
10
16.16741
20
14.2884
30
0
11
16.18045
21
14.28435
31
0
0
LINE
8
A-ANNO-SYMB
10
16.18045
20
14.28435
30
0
11
16.19444
21
14.28294
31
0
0
LINE
8
A-ANNO-SYMB
10
16.19444
20
14.28294
30
0
11
16.20844
21
14.28435
31
0
0
LINE
8
A-ANNO-SYMB
10
16.20844
20
14.28435
30
0
11
16.22148
21
14.2884
31
0
0
LINE
8
A-ANNO-SYMB
10
16.22148
20
14.2884
30
0
11
16.23327
21
14.2948
31
0
0
LINE
8
A-ANNO-SYMB
10
16.23327
20
14.2948
30
0
11
16.24355
21
14.30328
31
0
0
LINE
8
A-ANNO-SYMB
10
16.24355
20
14.30328
30
0
11
16.25203
21
14.31356
31
0
0
LINE
8
A-ANNO-SYMB
10
16.25203
20
14.31356
30
0
11
16.25843
21
14.32536
31
0
0
LINE
8
A-ANNO-SYMB
10
16.25843
20
14.32536
30
0
11
16.26248
21
14.33839
31
0
0
LINE
8
A-ANNO-SYMB
10
16.26248
20
14.33839
30
0
11
16.26389
21
14.35239
31
0
0
TEXT
8
A-ANNO-SYMB
10
16.19444
20
14.32461
30
0
40
0.05
1
116
50
0
72
1
11
16.19444
21
14.32461
31
0
0
LINE
8
A-WALL
10
16.96984
20
14.67817
30
0
11
16.96984
21
13.92817
31
0
0
LINE
8
A-WALL
10
16.91905
20
14.62739
30
0
11
16.91905
21
13.92817
31
0
0
LINE
8
A-WALL
10
17.83572
20
13.92817
30
0
11
17.83572
21
14.77778
31
0
0
LINE
8
A-WALL
10
17.83572
20
15.34028
30
0
11
17.83572
21
16.00239
31
0
0
LINE
8
A-WALL
10
17.83572
20
16.05317
30
0
11
17.83572
21
19.21528
31
0
0
LINE
8
A-WALL
10
17.8865
20
13.92817
30
0
11
17.8865
21
14.77778
31
0
0
LINE
8
A-WALL
10
17.8865
20
15.34028
30
0
11
17.8865
21
16.75916
31
0
0
LINE
8
A-WALL
10
17.8865
20
16.81241
30
0
11
17.8865
21
19.21528
31
0
0
LINE
8
A-WALL
10
17.83572
20
14.77778
30
0
11
17.8865
21
14.77778
31
0
0
LINE
8
A-WALL
10
17.83572
20
15.27778
30
0
11
17.8865
21
15.27778
31
0
0
LINE
8
A-GLAZ
10
17.8865
20
14.77778
30
0
11
17.8865
21
15.27778
31
0
0
LINE
8
A-GLAZ
10
17.86111
20
14.77778
30
0
11
17.86111
21
15.27778
31
0
0
LINE
8
A-GLAZ
10
17.83572
20
14.77778
30
0
11
17.83572
21
15.27778
31
0
0
LINE
8
A-WALL
10
17.8865
20
16.81241
30
0
11
19.99934
21
17.47858
31
0
0
LINE
8
A-WALL
10
17.8865
20
16.75916
30
0
11
20.01461
21
17.43015
31
0
0
LINE
8
A-WALL
10
19.99934
20
17.47858
30
0
11
20.01461
21
17.43015
31
0
0
LINE
8
A-WALL
10
21.58572
20
13.92817
30
0
11
21.58572
21
15.21528
31
0
0
LINE
8
A-WALL
10
21.58572
20
15.34028
30
0
11
21.58572
21
17.40278
31
0
0
LINE
8
A-WALL
10
21.58572
20
18.15278
30
0
11
21.58572
21
19.21528
31
0
0
LINE
8
A-WALL
10
21.6365
20
13.92817
30
0
11
21.6365
21
15.21528
31
0
0
LINE
8
A-WALL
10
21.6365
20
15.34028
30
0
11
21.6365
21
16.49002
31
0
0
LINE
8
A-WALL
10
21.6365
20
16.56554
30
0
11
21.6365
21
17.40278
31
0
0
LINE
8
A-WALL
10
21.6365
20
18.15278
30
0
11
21.6365
21
19.21528
31
0
0
LINE
8
A-WALL
10
21.58572
20
17.40278
30
0
11
21.6365
21
17.40278
31
0
0
LINE
8
A-WALL
10
21.58572
20
18.15278
30
0
11
21.6365
21
18.15278
31
0
0
LINE
8
A-WALL
10
23.78168
20
13.92817
30
0
11
23.78168
21
16.49002
31
0
0
LINE
8
A-WALL
10
23.78168
20
16.56554
30
0
11
23.78168
21
19.31879
31
0
0
LINE
8
A-WALL
10
23.8572
20
13.92817
30
0
11
23.8572
21
19.31879
31
0
0
LINE
8
A-WALL
10
21.6365
20
16.56554
30
0
11
23.78168
21
16.56554
31
0
0
LINE
8
A-WALL
10
21.6365
20
16.49002
30
0
11
23.78168
21
16.49002
31
0
0
LINE
8
A-WALL-CMU
10
26.90473
20
15.48806
30
0
11
26.90473
21
17.50304
31
0
0
LINE
8
A-WALL-CMU
10
26.90473
20
17.55252
30
0
11
26.90473
21
19.31879
31
0
0
LINE
8
A-WALL-CMU
10
26.98416
20
15.56749
30
0
11
26.98416
21
19.31879
31
0
0
LINE
8
A-WALL-CMU
10
26.98416
20
15.56749
30
0
11
29.14822
21
15.56749
31
0
0
LINE
8
A-WALL-CMU
10
26.90473
20
15.48806
30
0
11
29.14822
21
15.48806
31
0
0
LINE
8
A-WALL
10
26.88911
20
15.47244
30
0
11
26.88911
21
17.50304
31
0
0
LINE
8
A-WALL
10
26.88911
20
17.55252
30
0
11
26.88911
21
19.31879
31
0
0
LINE
8
A-WALL
10
26.90473
20
15.48806
30
0
11
26.90473
21
17.50304
31
0
0
LINE
8
A-WALL
10
26.90473
20
17.55252
30
0
11
26.90473
21
19.31879
31
0
0
LINE
8
A-WALL
10
26.90473
20
15.48806
30
0
11
29.14822
21
15.48806
31
0
0
LINE
8
A-WALL
10
26.88911
20
15.47244
30
0
11
29.14822
21
15.47244
31
0
0
LINE
8
A-WALL
10
25.4197
20
17.50304
30
0
11
25.4197
21
19.31879
31
0
0
LINE
8
A-WALL
10
25.46918
20
17.55252
30
0
11
25.46918
21
19.31879
31
0
0
LINE
8
A-WALL
10
25.46918
20
17.55252
30
0
11
26.88911
21
17.55252
31
0
0
LINE
8
A-WALL
10
25.4197
20
17.50304
30
0
11
26.88911
21
17.50304
31
0
0
LINE
8
A-WALL
10
6.96984
20
11.30317
30
0
11
8.00694
21
11.30317
31
0
0
LINE
8
A-WALL
10
8.38194
20
11.30317
30
0
11
9.41905
21
11.30317
31
0
0
LINE
8
A-WALL
10
9.46984
20
11.30317
30
0
11
10.66905
21
11.30317
31
0
0
LINE
8
A-WALL
10
10.71984
20
11.30317
30
0
11
11.75694
21
11.30317
31
0
0
LINE
8
A-WALL
10
12.13194
20
11.30317
30
0
11
13.16905
21
11.30317
31
0
0
LINE
8
A-WALL
10
13.21984
20
11.30317
30
0
11
14.07335
21
11.30317
31
0
0
LINE
8
A-WALL
10
6.96984
20
11.25239
30
0
11
8.00694
21
11.25239
31
0
0
LINE
8
A-WALL
10
8.38194
20
11.25239
30
0
11
10.48155
21
11.25239
31
0
0
LINE
8
A-WALL
10
10.53234
20
11.25239
30
0
11
11.75694
21
11.25239
31
0
0
LINE
8
A-WALL
10
12.13194
20
11.25239
30
0
11
14.07335
21
11.25239
31
0
0
LINE
8
A-WALL
10
8.00694
20
11.30317
30
0
11
8.00694
21
11.25239
31
0
0
LINE
8
A-WALL
10
8.38194
20
11.30317
30
0
11
8.38194
21
11.25239
31
0
0
LINE
8
A-WALL
10
11.75694
20
11.30317
30
0
11
11.75694
21
11.25239
31
0
0
LINE
8
A-WALL
10
12.13194
20
11.30317
30
0
11
12.13194
21
11.25239
31
0
0
LINE
8
A-DOOR
10
8.00694
20
11.30317
30
0
11
8.00694
21
11.67817
31
0
0
LINE
8
A-DOOR
10
8.00694
20
11.67817
30
0
11
8.02517
21
11.67817
31
0
0
LINE
8
A-DOOR
10
8.02517
20
11.67817
30
0
11
8.02517
21
11.30317
31
0
0
LINE
8
A-DOOR
10
8.02517
20
11.30317
30
0
11
8.00694
21
11.30317
31
0
0
LINE
8
A-DOOR
10
8.38194
20
11.30317
30
0
11
8.37433
21
11.37874
31
0
0
LINE
8
A-DOOR
10
8.37433
20
11.37874
30
0
11
8.35248
21
11.44914
31
0
0
LINE
8
A-DOOR
10
8.35248
20
11.44914
30
0
11
8.3179
21
11.51283
31
0
0
LINE
8
A-DOOR
10
8.3179
20
11.51283
30
0
11
8.27211
21
11.56833
31
0
0
LINE
8
A-DOOR
10
8.27211
20
11.56833
30
0
11
8.21661
21
11.61412
31
0
0
LINE
8
A-DOOR
10
8.21661
20
11.61412
30
0
11
8.15291
21
11.6487
31
0
0
LINE
8
A-DOOR
10
8.15291
20
11.6487
30
0
11
8.08252
21
11.67055
31
0
0
LINE
8
A-DOOR
10
8.08252
20
11.67055
30
0
11
8.00694
21
11.67817
31
0
0
LINE
8
A-ANNO-SYMB
10
8.26389
20
10.97739
30
0
11
8.26248
21
10.99138
31
0
0
LINE
8
A-ANNO-SYMB
10
8.26248
20
10.99138
30
0
11
8.25843
21
11.00442
31
0
0
LINE
8
A-ANNO-SYMB
10
8.25843
20
11.00442
30
0
11
8.25203
21
11.01621
31
0
0
LINE
8
A-ANNO-SYMB
10
8.25203
20
11.01621
30
0
11
8.24355
21
11.02649
31
0
0
LINE
8
A-ANNO-SYMB
10
8.24355
20
11.02649
30
0
11
8.23327
21
11.03497
31
0
0
LINE
8
A-ANNO-SYMB
10
8.23327
20
11.03497
30
0
11
8.22148
21
11.04137
31
0
0
LINE
8
A-ANNO-SYMB
10
8.22148
20
11.04137
30
0
11
8.20844
21
11.04542
31
0
0
LINE
8
A-ANNO-SYMB
10
8.20844
20
11.04542
30
0
11
8.19444
21
11.04683
31
0
0
LINE
8
A-ANNO-SYMB
10
8.19444
20
11.04683
30
0
11
8.18045
21
11.04542
31
0
0
LINE
8
A-ANNO-SYMB
10
8.18045
20
11.04542
30
0
11
8.16741
21
11.04137
31
0
0
LINE
8
A-ANNO-SYMB
10
8.16741
20
11.04137
30
0
11
8.15562
21
11.03497
31
0
0
LINE
8
A-ANNO-SYMB
10
8.15562
20
11.03497
30
0
11
8.14534
21
11.02649
31
0
0
LINE
8
A-ANNO-SYMB
10
8.14534
20
11.02649
30
0
11
8.13686
21
11.01621
31
0
0
LINE
8
A-ANNO-SYMB
10
8.13686
20
11.01621
30
0
11
8.13046
21
11.00442
31
0
0
LINE
8
A-ANNO-SYMB
10
8.13046
20
11.00442
30
0
11
8.12641
21
10.99138
31
0
0
LINE
8
A-ANNO-SYMB
10
8.12641
20
10.99138
30
0
11
8.125
21
10.97739
31
0
0
LINE
8
A-ANNO-SYMB
10
8.125
20
10.97739
30
0
11
8.12641
21
10.96339
31
0
0
LINE
8
A-ANNO-SYMB
10
8.12641
20
10.96339
30
0
11
8.13046
21
10.95036
31
0
0
LINE
8
A-ANNO-SYMB
10
8.13046
20
10.95036
30
0
11
8.13686
21
10.93856
31
0
0
LINE
8
A-ANNO-SYMB
10
8.13686
20
10.93856
30
0
11
8.14534
21
10.92828
31
0
0
LINE
8
A-ANNO-SYMB
10
8.14534
20
10.92828
30
0
11
8.15562
21
10.9198
31
0
0
LINE
8
A-ANNO-SYMB
10
8.15562
20
10.9198
30
0
11
8.16741
21
10.9134
31
0
0
LINE
8
A-ANNO-SYMB
10
8.16741
20
10.9134
30
0
11
8.18045
21
10.90935
31
0
0
LINE
8
A-ANNO-SYMB
10
8.18045
20
10.90935
30
0
11
8.19444
21
10.90794
31
0
0
LINE
8
A-ANNO-SYMB
10
8.19444
20
10.90794
30
0
11
8.20844
21
10.90935
31
0
0
LINE
8
A-ANNO-SYMB
10
8.20844
20
10.90935
30
0
11
8.22148
21
10.9134
31
0
0
LINE
8
A-ANNO-SYMB
10
8.22148
20
10.9134
30
0
11
8.23327
21
10.9198
31
0
0
LINE
8
A-ANNO-SYMB
10
8.23327
20
10.9198
30
0
11
8.24355
21
10.92828
31
0
0
LINE
8
A-ANNO-SYMB
10
8.24355
20
10.92828
30
0
11
8.25203
21
10.93856
31
0
0
LINE
8
A-ANNO-SYMB
10
8.25203
20
10.93856
30
0
11
8.25843
21
10.95036
31
0
0
LINE
8
A-ANNO-SYMB
10
8.25843
20
10.95036
30
0
11
8.26248
21
10.96339
31
0
0
LINE
8
A-ANNO-SYMB
10
8.26248
20
10.96339
30
0
11
8.26389
21
10.97739
31
0
0
TEXT
8
A-ANNO-SYMB
10
8.19444
20
10.94961
30
0
40
0.05
1
135
50
0
72
1
11
8.19444
21
10.94961
31
0
0
LINE
8
A-DOOR
10
11.75694
20
11.30317
30
0
11
11.75694
21
11.67817
31
0
0
LINE
8
A-DOOR
10
11.75694
20
11.67817
30
0
11
11.77517
21
11.67817
31
0
0
LINE
8
A-DOOR
10
11.77517
20
11.67817
30
0
11
11.77517
21
11.30317
31
0
0
LINE
8
A-DOOR
10
11.77517
20
11.30317
30
0
11
11.75694
21
11.30317
31
0
0
LINE
8
A-DOOR
10
12.13194
20
11.30317
30
0
11
12.12433
21
11.37874
31
0
0
LINE
8
A-DOOR
10
12.12433
20
11.37874
30
0
11
12.10248
21
11.44914
31
0
0
LINE
8
A-DOOR
10
12.10248
20
11.44914
30
0
11
12.0679
21
11.51283
31
0
0
LINE
8
A-DOOR
10
12.0679
20
11.51283
30
0
11
12.02211
21
11.56833
31
0
0
LINE
8
A-DOOR
10
12.02211
20
11.56833
30
0
11
11.96661
21
11.61412
31
0
0
LINE
8
A-DOOR
10
11.96661
20
11.61412
30
0
11
11.90291
21
11.6487
31
0
0
LINE
8
A-DOOR
10
11.90291
20
11.6487
30
0
11
11.83252
21
11.67055
31
0
0
LINE
8
A-DOOR
10
11.83252
20
11.67055
30
0
11
11.75694
21
11.67817
31
0
0
LINE
8
A-ANNO-SYMB
10
12.01389
20
10.97739
30
0
11
12.01248
21
10.99138
31
0
0
LINE
8
A-ANNO-SYMB
10
12.01248
20
10.99138
30
0
11
12.00843
21
11.00442
31
0
0
LINE
8
A-ANNO-SYMB
10
12.00843
20
11.00442
30
0
11
12.00203
21
11.01621
31
0
0
LINE
8
A-ANNO-SYMB
10
12.00203
20
11.01621
30
0
11
11.99355
21
11.02649
31
0
0
LINE
8
A-ANNO-SYMB
10
11.99355
20
11.02649
30
0
11
11.98327
21
11.03497
31
0
0
LINE
8
A-ANNO-SYMB
10
11.98327
20
11.03497
30
0
11
11.97148
21
11.04137
31
0
0
LINE
8
A-ANNO-SYMB
10
11.97148
20
11.04137
30
0
11
11.95844
21
11.04542
31
0
0
LINE
8
A-ANNO-SYMB
10
11.95844
20
11.04542
30
0
11
11.94444
21
11.04683
31
0
0
LINE
8
A-ANNO-SYMB
10
11.94444
20
11.04683
30
0
11
11.93045
21
11.04542
31
0
0
LINE
8
A-ANNO-SYMB
10
11.93045
20
11.04542
30
0
11
11.91741
21
11.04137
31
0
0
LINE
8
A-ANNO-SYMB
10
11.91741
20
11.04137
30
0
11
11.90562
21
11.03497
31
0
0
LINE
8
A-ANNO-SYMB
10
11.90562
20
11.03497
30
0
11
11.89534
21
11.02649
31
0
0
LINE
8
A-ANNO-SYMB
10
11.89534
20
11.02649
30
0
11
11.88686
21
11.01621
31
0
0
LINE
8
A-ANNO-SYMB
10
11.88686
20
11.01621
30
0
11
11.88046
21
11.00442
31
0
0
LINE
8
A-ANNO-SYMB
10
11.88046
20
11.00442
30
0
11
11.87641
21
10.99138
31
0
0
LINE
8
A-ANNO-SYMB
10
11.87641
20
10.99138
30
0
11
11.875
21
10.97739
31
0
0
LINE
8
A-ANNO-SYMB
10
11.875
20
10.97739
30
0
11
11.87641
21
10.96339
31
0
0
LINE
8
A-ANNO-SYMB
10
11.87641
20
10.96339
30
0
11
11.88046
21
10.95036
31
0
0
LINE
8
A-ANNO-SYMB
10
11.88046
20
10.95036
30
0
11
11.88686
21
10.93856
31
0
0
LINE
8
A-ANNO-SYMB
10
11.88686
20
10.93856
30
0
11
11.89534
21
10.92828
31
0
0
LINE
8
A-ANNO-SYMB
10
11.89534
20
10.92828
30
0
11
11.90562
21
10.9198
31
0
0
LINE
8
A-ANNO-SYMB
10
11.90562
20
10.9198
30
0
11
11.91741
21
10.9134
31
0
0
LINE
8
A-ANNO-SYMB
10
11.91741
20
10.9134
30
0
11
11.93045
21
10.90935
31
0
0
LINE
8
A-ANNO-SYMB
10
11.93045
20
10.90935
30
0
11
11.94444
21
10.90794
31
0
0
LINE
8
A-ANNO-SYMB
10
11.94444
20
10.90794
30
0
11
11.95844
21
10.90935
31
0
0
LINE
8
A-ANNO-SYMB
10
11.95844
20
10.90935
30
0
11
11.97148
21
10.9134
31
0
0
LINE
8
A-ANNO-SYMB
10
11.97148
20
10.9134
30
0
11
11.98327
21
10.9198
31
0
0
LINE
8
A-ANNO-SYMB
10
11.98327
20
10.9198
30
0
11
11.99355
21
10.92828
31
0
0
LINE
8
A-ANNO-SYMB
10
11.99355
20
10.92828
30
0
11
12.00203
21
10.93856
31
0
0
LINE
8
A-ANNO-SYMB
10
12.00203
20
10.93856
30
0
11
12.00843
21
10.95036
31
0
0
LINE
8
A-ANNO-SYMB
10
12.00843
20
10.95036
30
0
11
12.01248
21
10.96339
31
0
0
LINE
8
A-ANNO-SYMB
10
12.01248
20
10.96339
30
0
11
12.01389
21
10.97739
31
0
0
TEXT
8
A-ANNO-SYMB
10
11.94444
20
10.94961
30
0
40
0.05
1
136
50
0
72
1
11
11.94444
21
10.94961
31
0
0
LINE
8
A-WALL
10
8.16905
20
11.30317
30
0
11
8.16905
21
13.12739
31
0
0
LINE
8
A-WALL
10
8.21984
20
11.30317
30
0
11
8.21984
21
13.12739
31
0
0
LINE
8
A-WALL
10
9.41905
20
11.30317
30
0
11
9.41905
21
13.12739
31
0
0
LINE
8
A-WALL
10
9.46984
20
11.30317
30
0
11
9.46984
21
13.12739
31
0
0
LINE
8
A-WALL
10
10.66905
20
11.30317
30
0
11
10.66905
21
11.46528
31
0
0
LINE
8
A-WALL
10
10.66905
20
11.59028
30
0
11
10.66905
21
13.12739
31
0
0
LINE
8
A-WALL
10
10.71984
20
11.30317
30
0
11
10.71984
21
11.46528
31
0
0
LINE
8
A-WALL
10
10.71984
20
11.59028
30
0
11
10.71984
21
13.12739
31
0
0
LINE
8
A-WALL
10
11.91905
20
11.30317
30
0
11
11.91905
21
13.12739
31
0
0
LINE
8
A-WALL
10
11.96984
20
11.30317
30
0
11
11.96984
21
13.12739
31
0
0
LINE
8
A-WALL
10
13.16905
20
11.30317
30
0
11
13.16905
21
13.12739
31
0
0
LINE
8
A-WALL
10
13.21984
20
11.30317
30
0
11
13.21984
21
13.12739
31
0
0
LINE
8
A-WALL
10
10.48155
20
7.74067
30
0
11
10.48155
21
11.25239
31
0
0
LINE
8
A-WALL
10
10.53234
20
7.74067
30
0
11
10.53234
21
11.25239
31
0
0
LINE
8
A-WALL
10
14.07335
20
7.84028
30
0
11
14.07335
21
8.84028
31
0
0
LINE
8
A-WALL
10
14.07335
20
9.21528
30
0
11
14.07335
21
11.25239
31
0
0
LINE
8
A-WALL
10
14.07335
20
11.30317
30
0
11
14.07335
21
11.46528
31
0
0
LINE
8
A-WALL
10
14.07335
20
11.59028
30
0
11
14.07335
21
13.12739
31
0
0
LINE
8
A-WALL
10
14.14887
20
7.84028
30
0
11
14.14887
21
8.84028
31
0
0
LINE
8
A-WALL
10
14.14887
20
9.21528
30
0
11
14.14887
21
10.25239
31
0
0
LINE
8
A-WALL
10
14.14887
20
10.30317
30
0
11
14.14887
21
11.46528
31
0
0
LINE
8
A-WALL
10
14.14887
20
11.59028
30
0
11
14.14887
21
13.12739
31
0
0
LINE
8
A-WALL
10
14.07335
20
8.84028
30
0
11
14.14887
21
8.84028
31
0
0
LINE
8
A-WALL
10
14.07335
20
9.21528
30
0
11
14.14887
21
9.21528
31
0
0
LINE
8
A-DOOR
10
14.07335
20
8.84028
30
0
11
13.69835
21
8.84028
31
0
0
LINE
8
A-DOOR
10
13.69835
20
8.84028
30
0
11
13.69835
21
8.85851
31
0
0
LINE
8
A-DOOR
10
13.69835
20
8.85851
30
0
11
14.07335
21
8.85851
31
0
0
LINE
8
A-DOOR
10
14.07335
20
8.85851
30
0
11
14.07335
21
8.84028
31
0
0
LINE
8
A-DOOR
10
14.07335
20
9.21528
30
0
11
13.99778
21
9.20766
31
0
0
LINE
8
A-DOOR
10
13.99778
20
9.20766
30
0
11
13.92738
21
9.18581
31
0
0
LINE
8
A-DOOR
10
13.92738
20
9.18581
30
0
11
13.86368
21
9.15123
31
0
0
LINE
8
A-DOOR
10
13.86368
20
9.15123
30
0
11
13.80819
21
9.10544
31
0
0
LINE
8
A-DOOR
10
13.80819
20
9.10544
30
0
11
13.76239
21
9.04994
31
0
0
LINE
8
A-DOOR
10
13.76239
20
9.04994
30
0
11
13.72782
21
8.98624
31
0
0
LINE
8
A-DOOR
10
13.72782
20
8.98624
30
0
11
13.70597
21
8.91585
31
0
0
LINE
8
A-DOOR
10
13.70597
20
8.91585
30
0
11
13.69835
21
8.84028
31
0
0
LINE
8
A-ANNO-SYMB
10
14.49332
20
9.02778
30
0
11
14.49191
21
9.04177
31
0
0
LINE
8
A-ANNO-SYMB
10
14.49191
20
9.04177
30
0
11
14.48786
21
9.05481
31
0
0
LINE
8
A-ANNO-SYMB
10
14.48786
20
9.05481
30
0
11
14.48146
21
9.0666
31
0
0
LINE
8
A-ANNO-SYMB
10
14.48146
20
9.0666
30
0
11
14.47298
21
9.07688
31
0
0
LINE
8
A-ANNO-SYMB
10
14.47298
20
9.07688
30
0
11
14.4627
21
9.08536
31
0
0
LINE
8
A-ANNO-SYMB
10
14.4627
20
9.08536
30
0
11
14.4509
21
9.09176
31
0
0
LINE
8
A-ANNO-SYMB
10
14.4509
20
9.09176
30
0
11
14.43787
21
9.09581
31
0
0
LINE
8
A-ANNO-SYMB
10
14.43787
20
9.09581
30
0
11
14.42387
21
9.09722
31
0
0
LINE
8
A-ANNO-SYMB
10
14.42387
20
9.09722
30
0
11
14.40988
21
9.09581
31
0
0
LINE
8
A-ANNO-SYMB
10
14.40988
20
9.09581
30
0
11
14.39684
21
9.09176
31
0
0
LINE
8
A-ANNO-SYMB
10
14.39684
20
9.09176
30
0
11
14.38504
21
9.08536
31
0
0
LINE
8
A-ANNO-SYMB
10
14.38504
20
9.08536
30
0
11
14.37477
21
9.07688
31
0
0
LINE
8
A-ANNO-SYMB
10
14.37477
20
9.07688
30
0
11
14.36629
21
9.0666
31
0
0
LINE
8
A-ANNO-SYMB
10
14.36629
20
9.0666
30
0
11
14.35988
21
9.05481
31
0
0
LINE
8
A-ANNO-SYMB
10
14.35988
20
9.05481
30
0
11
14.35584
21
9.04177
31
0
0
LINE
8
A-ANNO-SYMB
10
14.35584
20
9.04177
30
0
11
14.35443
21
9.02778
31
0
0
LINE
8
A-ANNO-SYMB
10
14.35443
20
9.02778
30
0
11
14.35584
21
9.01378
31
0
0
LINE
8
A-ANNO-SYMB
10
14.35584
20
9.01378
30
0
11
14.35988
21
9.00075
31
0
0
LINE
8
A-ANNO-SYMB
10
14.35988
20
9.00075
30
0
11
14.36629
21
8.98895
31
0
0
LINE
8
A-ANNO-SYMB
10
14.36629
20
8.98895
30
0
11
14.37477
21
8.97867
31
0
0
LINE
8
A-ANNO-SYMB
10
14.37477
20
8.97867
30
0
11
14.38504
21
8.97019
31
0
0
LINE
8
A-ANNO-SYMB
10
14.38504
20
8.97019
30
0
11
14.39684
21
8.96379
31
0
0
LINE
8
A-ANNO-SYMB
10
14.39684
20
8.96379
30
0
11
14.40988
21
8.95974
31
0
0
LINE
8
A-ANNO-SYMB
10
14.40988
20
8.95974
30
0
11
14.42387
21
8.95833
31
0
0
LINE
8
A-ANNO-SYMB
10
14.42387
20
8.95833
30
0
11
14.43787
21
8.95974
31
0
0
LINE
8
A-ANNO-SYMB
10
14.43787
20
8.95974
30
0
11
14.4509
21
8.96379
31
0
0
LINE
8
A-ANNO-SYMB
10
14.4509
20
8.96379
30
0
11
14.4627
21
8.97019
31
0
0
LINE
8
A-ANNO-SYMB
10
14.4627
20
8.97019
30
0
11
14.47298
21
8.97867
31
0
0
LINE
8
A-ANNO-SYMB
10
14.47298
20
8.97867
30
0
11
14.48146
21
8.98895
31
0
0
LINE
8
A-ANNO-SYMB
10
14.48146
20
8.98895
30
0
11
14.48786
21
9.00075
31
0
0
LINE
8
A-ANNO-SYMB
10
14.48786
20
9.00075
30
0
11
14.49191
21
9.01378
31
0
0
LINE
8
A-ANNO-SYMB
10
14.49191
20
9.01378
30
0
11
14.49332
21
9.02778
31
0
0
TEXT
8
A-ANNO-SYMB
10
14.42387
20
9
30
0
40
0.05
1
137
50
0
72
1
11
14.42387
21
9
31
0
0
LINE
8
A-WALL
10
17.83572
20
7.84028
30
0
11
17.83572
21
10.25239
31
0
0
LINE
8
A-WALL
10
17.83572
20
10.30317
30
0
11
17.83572
21
11.46528
31
0
0
LINE
8
A-WALL
10
17.83572
20
11.59028
30
0
11
17.83572
21
13.12739
31
0
0
LINE
8
A-WALL
10
17.8865
20
7.84028
30
0
11
17.8865
21
10.25239
31
0
0
LINE
8
A-WALL
10
17.8865
20
10.30317
30
0
11
17.8865
21
11.46528
31
0
0
LINE
8
A-WALL
10
17.8865
20
11.59028
30
0
11
17.8865
21
13.12739
31
0
0
LINE
8
A-WALL
10
14.14887
20
10.30317
30
0
11
17.83572
21
10.30317
31
0
0
LINE
8
A-WALL
10
17.8865
20
10.30317
30
0
11
21.58572
21
10.30317
31
0
0
LINE
8
A-WALL
10
14.14887
20
10.25239
30
0
11
17.83572
21
10.25239
31
0
0
LINE
8
A-WALL
10
17.8865
20
10.25239
30
0
11
21.58572
21
10.25239
31
0
0
LINE
8
A-WALL
10
21.58572
20
7.84028
30
0
11
21.58572
21
10.25239
31
0
0
LINE
8
A-WALL
10
21.58572
20
10.30317
30
0
11
21.58572
21
11.46528
31
0
0
LINE
8
A-WALL
10
21.58572
20
11.59028
30
0
11
21.58572
21
13.12739
31
0
0
LINE
8
A-WALL
10
21.6365
20
7.84028
30
0
11
21.6365
21
11.46528
31
0
0
LINE
8
A-WALL
10
21.6365
20
11.59028
30
0
11
21.6365
21
13.12739
31
0
0
LINE
8
A-WALL
10
23.79405
20
7.74067
30
0
11
23.79405
21
13.12739
31
0
0
LINE
8
A-WALL
10
23.84484
20
7.74067
30
0
11
23.84484
21
9.00239
31
0
0
LINE
8
A-WALL
10
23.84484
20
9.05317
30
0
11
23.84484
21
13.12739
31
0
0
LINE
8
A-WALL
10
23.84484
20
9.05317
30
0
11
24.88194
21
9.05317
31
0
0
LINE
8
A-WALL
10
25.25694
20
9.05317
30
0
11
26.36892
21
9.05317
31
0
0
LINE
8
A-WALL
10
26.51997
20
9.05317
30
0
11
27.50694
21
9.05317
31
0
0
LINE
8
A-WALL
10
27.88194
20
9.05317
30
0
11
29.14822
21
9.05317
31
0
0
LINE
8
A-WALL
10
23.84484
20
9.00239
30
0
11
24.88194
21
9.00239
31
0
0
LINE
8
A-WALL
10
25.25694
20
9.00239
30
0
11
26.41905
21
9.00239
31
0
0
LINE
8
A-WALL
10
26.46984
20
9.00239
30
0
11
27.50694
21
9.00239
31
0
0
LINE
8
A-WALL
10
27.88194
20
9.00239
30
0
11
29.14822
21
9.00239
31
0
0
LINE
8
A-WALL
10
24.88194
20
9.05317
30
0
11
24.88194
21
9.00239
31
0
0
LINE
8
A-WALL
10
25.25694
20
9.05317
30
0
11
25.25694
21
9.00239
31
0
0
LINE
8
A-WALL
10
27.50694
20
9.05317
30
0
11
27.50694
21
9.00239
31
0
0
LINE
8
A-WALL
10
27.88194
20
9.05317
30
0
11
27.88194
21
9.00239
31
0
0
LINE
8
A-DOOR
10
24.88194
20
9.05317
30
0
11
24.88194
21
9.42817
31
0
0
LINE
8
A-DOOR
10
24.88194
20
9.42817
30
0
11
24.90017
21
9.42817
31
0
0
LINE
8
A-DOOR
10
24.90017
20
9.42817
30
0
11
24.90017
21
9.05317
31
0
0
LINE
8
A-DOOR
10
24.90017
20
9.05317
30
0
11
24.88194
21
9.05317
31
0
0
LINE
8
A-DOOR
10
25.25694
20
9.05317
30
0
11
25.24933
21
9.12874
31
0
0
LINE
8
A-DOOR
10
25.24933
20
9.12874
30
0
11
25.22748
21
9.19914
31
0
0
LINE
8
A-DOOR
10
25.22748
20
9.19914
30
0
11
25.1929
21
9.26283
31
0
0
LINE
8
A-DOOR
10
25.1929
20
9.26283
30
0
11
25.14711
21
9.31833
31
0
0
LINE
8
A-DOOR
10
25.14711
20
9.31833
30
0
11
25.09161
21
9.36412
31
0
0
LINE
8
A-DOOR
10
25.09161
20
9.36412
30
0
11
25.02791
21
9.3987
31
0
0
LINE
8
A-DOOR
10
25.02791
20
9.3987
30
0
11
24.95752
21
9.42055
31
0
0
LINE
8
A-DOOR
10
24.95752
20
9.42055
30
0
11
24.88194
21
9.42817
31
0
0
LINE
8
A-ANNO-SYMB
10
25.13889
20
8.72739
30
0
11
25.13748
21
8.74138
31
0
0
LINE
8
A-ANNO-SYMB
10
25.13748
20
8.74138
30
0
11
25.13343
21
8.75442
31
0
0
LINE
8
A-ANNO-SYMB
10
25.13343
20
8.75442
30
0
11
25.12703
21
8.76621
31
0
0
LINE
8
A-ANNO-SYMB
10
25.12703
20
8.76621
30
0
11
25.11855
21
8.77649
31
0
0
LINE
8
A-ANNO-SYMB
10
25.11855
20
8.77649
30
0
11
25.10827
21
8.78497
31
0
0
LINE
8
A-ANNO-SYMB
10
25.10827
20
8.78497
30
0
11
25.09648
21
8.79137
31
0
0
LINE
8
A-ANNO-SYMB
10
25.09648
20
8.79137
30
0
11
25.08344
21
8.79542
31
0
0
LINE
8
A-ANNO-SYMB
10
25.08344
20
8.79542
30
0
11
25.06944
21
8.79683
31
0
0
LINE
8
A-ANNO-SYMB
10
25.06944
20
8.79683
30
0
11
25.05545
21
8.79542
31
0
0
LINE
8
A-ANNO-SYMB
10
25.05545
20
8.79542
30
0
11
25.04241
21
8.79137
31
0
0
LINE
8
A-ANNO-SYMB
10
25.04241
20
8.79137
30
0
11
25.03062
21
8.78497
31
0
0
LINE
8
A-ANNO-SYMB
10
25.03062
20
8.78497
30
0
11
25.02034
21
8.77649
31
0
0
LINE
8
A-ANNO-SYMB
10
25.02034
20
8.77649
30
0
11
25.01186
21
8.76621
31
0
0
LINE
8
A-ANNO-SYMB
10
25.01186
20
8.76621
30
0
11
25.00546
21
8.75442
31
0
0
LINE
8
A-ANNO-SYMB
10
25.00546
20
8.75442
30
0
11
25.00141
21
8.74138
31
0
0
LINE
8
A-ANNO-SYMB
10
25.00141
20
8.74138
30
0
11
25
21
8.72739
31
0
0
LINE
8
A-ANNO-SYMB
10
25
20
8.72739
30
0
11
25.00141
21
8.71339
31
0
0
LINE
8
A-ANNO-SYMB
10
25.00141
20
8.71339
30
0
11
25.00546
21
8.70036
31
0
0
LINE
8
A-ANNO-SYMB
10
25.00546
20
8.70036
30
0
11
25.01186
21
8.68856
31
0
0
LINE
8
A-ANNO-SYMB
10
25.01186
20
8.68856
30
0
11
25.02034
21
8.67828
31
0
0
LINE
8
A-ANNO-SYMB
10
25.02034
20
8.67828
30
0
11
25.03062
21
8.6698
31
0
0
LINE
8
A-ANNO-SYMB
10
25.03062
20
8.6698
30
0
11
25.04241
21
8.6634
31
0
0
LINE
8
A-ANNO-SYMB
10
25.04241
20
8.6634
30
0
11
25.05545
21
8.65935
31
0
0
LINE
8
A-ANNO-SYMB
10
25.05545
20
8.65935
30
0
11
25.06944
21
8.65794
31
0
0
LINE
8
A-ANNO-SYMB
10
25.06944
20
8.65794
30
0
11
25.08344
21
8.65935
31
0
0
LINE
8
A-ANNO-SYMB
10
25.08344
20
8.65935
30
0
11
25.09648
21
8.6634
31
0
0
LINE
8
A-ANNO-SYMB
10
25.09648
20
8.6634
30
0
11
25.10827
21
8.6698
31
0
0
LINE
8
A-ANNO-SYMB
10
25.10827
20
8.6698
30
0
11
25.11855
21
8.67828
31
0
0
LINE
8
A-ANNO-SYMB
10
25.11855
20
8.67828
30
0
11
25.12703
21
8.68856
31
0
0
LINE
8
A-ANNO-SYMB
10
25.12703
20
8.68856
30
0
11
25.13343
21
8.70036
31
0
0
LINE
8
A-ANNO-SYMB
10
25.13343
20
8.70036
30
0
11
25.13748
21
8.71339
31
0
0
LINE
8
A-ANNO-SYMB
10
25.13748
20
8.71339
30
0
11
25.13889
21
8.72739
31
0
0
TEXT
8
A-ANNO-SYMB
10
25.06944
20
8.69961
30
0
40
0.05
1
145
50
0
72
1
11
25.06944
21
8.69961
31
0
0
LINE
8
A-DOOR
10
27.50694
20
9.05317
30
0
11
27.50694
21
9.42817
31
0
0
LINE
8
A-DOOR
10
27.50694
20
9.42817
30
0
11
27.52517
21
9.42817
31
0
0
LINE
8
A-DOOR
10
27.52517
20
9.42817
30
0
11
27.52517
21
9.05317
31
0
0
LINE
8
A-DOOR
10
27.52517
20
9.05317
30
0
11
27.50694
21
9.05317
31
0
0
LINE
8
A-DOOR
10
27.88194
20
9.05317
30
0
11
27.87433
21
9.12874
31
0
0
LINE
8
A-DOOR
10
27.87433
20
9.12874
30
0
11
27.85248
21
9.19914
31
0
0
LINE
8
A-DOOR
10
27.85248
20
9.19914
30
0
11
27.8179
21
9.26283
31
0
0
LINE
8
A-DOOR
10
27.8179
20
9.26283
30
0
11
27.77211
21
9.31833
31
0
0
LINE
8
A-DOOR
10
27.77211
20
9.31833
30
0
11
27.71661
21
9.36412
31
0
0
LINE
8
A-DOOR
10
27.71661
20
9.36412
30
0
11
27.65291
21
9.3987
31
0
0
LINE
8
A-DOOR
10
27.65291
20
9.3987
30
0
11
27.58252
21
9.42055
31
0
0
LINE
8
A-DOOR
10
27.58252
20
9.42055
30
0
11
27.50694
21
9.42817
31
0
0
LINE
8
A-ANNO-SYMB
10
27.76389
20
8.72739
30
0
11
27.76248
21
8.74138
31
0
0
LINE
8
A-ANNO-SYMB
10
27.76248
20
8.74138
30
0
11
27.75843
21
8.75442
31
0
0
LINE
8
A-ANNO-SYMB
10
27.75843
20
8.75442
30
0
11
27.75203
21
8.76621
31
0
0
LINE
8
A-ANNO-SYMB
10
27.75203
20
8.76621
30
0
11
27.74355
21
8.77649
31
0
0
LINE
8
A-ANNO-SYMB
10
27.74355
20
8.77649
30
0
11
27.73327
21
8.78497
31
0
0
LINE
8
A-ANNO-SYMB
10
27.73327
20
8.78497
30
0
11
27.72148
21
8.79137
31
0
0
LINE
8
A-ANNO-SYMB
10
27.72148
20
8.79137
30
0
11
27.70844
21
8.79542
31
0
0
LINE
8
A-ANNO-SYMB
10
27.70844
20
8.79542
30
0
11
27.69444
21
8.79683
31
0
0
LINE
8
A-ANNO-SYMB
10
27.69444
20
8.79683
30
0
11
27.68045
21
8.79542
31
0
0
LINE
8
A-ANNO-SYMB
10
27.68045
20
8.79542
30
0
11
27.66741
21
8.79137
31
0
0
LINE
8
A-ANNO-SYMB
10
27.66741
20
8.79137
30
0
11
27.65562
21
8.78497
31
0
0
LINE
8
A-ANNO-SYMB
10
27.65562
20
8.78497
30
0
11
27.64534
21
8.77649
31
0
0
LINE
8
A-ANNO-SYMB
10
27.64534
20
8.77649
30
0
11
27.63686
21
8.76621
31
0
0
LINE
8
A-ANNO-SYMB
10
27.63686
20
8.76621
30
0
11
27.63046
21
8.75442
31
0
0
LINE
8
A-ANNO-SYMB
10
27.63046
20
8.75442
30
0
11
27.62641
21
8.74138
31
0
0
LINE
8
A-ANNO-SYMB
10
27.62641
20
8.74138
30
0
11
27.625
21
8.72739
31
0
0
LINE
8
A-ANNO-SYMB
10
27.625
20
8.72739
30
0
11
27.62641
21
8.71339
31
0
0
LINE
8
A-ANNO-SYMB
10
27.62641
20
8.71339
30
0
11
27.63046
21
8.70036
31
0
0
LINE
8
A-ANNO-SYMB
10
27.63046
20
8.70036
30
0
11
27.63686
21
8.68856
31
0
0
LINE
8
A-ANNO-SYMB
10
27.63686
20
8.68856
30
0
11
27.64534
21
8.67828
31
0
0
LINE
8
A-ANNO-SYMB
10
27.64534
20
8.67828
30
0
11
27.65562
21
8.6698
31
0
0
LINE
8
A-ANNO-SYMB
10
27.65562
20
8.6698
30
0
11
27.66741
21
8.6634
31
0
0
LINE
8
A-ANNO-SYMB
10
27.66741
20
8.6634
30
0
11
27.68045
21
8.65935
31
0
0
LINE
8
A-ANNO-SYMB
10
27.68045
20
8.65935
30
0
11
27.69444
21
8.65794
31
0
0
LINE
8
A-ANNO-SYMB
10
27.69444
20
8.65794
30
0
11
27.70844
21
8.65935
31
0
0
LINE
8
A-ANNO-SYMB
10
27.70844
20
8.65935
30
0
11
27.72148
21
8.6634
31
0
0
LINE
8
A-ANNO-SYMB
10
27.72148
20
8.6634
30
0
11
27.73327
21
8.6698
31
0
0
LINE
8
A-ANNO-SYMB
10
27.73327
20
8.6698
30
0
11
27.74355
21
8.67828
31
0
0
LINE
8
A-ANNO-SYMB
10
27.74355
20
8.67828
30
0
11
27.75203
21
8.68856
31
0
0
LINE
8
A-ANNO-SYMB
10
27.75203
20
8.68856
30
0
11
27.75843
21
8.70036
31
0
0
LINE
8
A-ANNO-SYMB
10
27.75843
20
8.70036
30
0
11
27.76248
21
8.71339
31
0
0
LINE
8
A-ANNO-SYMB
10
27.76248
20
8.71339
30
0
11
27.76389
21
8.72739
31
0
0
TEXT
8
A-ANNO-SYMB
10
27.69444
20
8.69961
30
0
40
0.05
1
146
50
0
72
1
11
27.69444
21
8.69961
31
0
0
LINE
8
A-WALL
10
26.36892
20
9.05317
30
0
11
26.36892
21
13.12739
31
0
0
LINE
8
A-WALL
10
26.41319
20
9.05317
30
0
11
26.41319
21
13.12739
31
0
0
LINE
8
A-WALL
10
26.47569
20
9.05317
30
0
11
26.47569
21
13.12739
31
0
0
LINE
8
A-WALL
10
26.51997
20
9.05317
30
0
11
26.51997
21
13.12739
31
0
0
LINE
8
A-WALL
10
26.41905
20
7.74067
30
0
11
26.41905
21
9.00239
31
0
0
LINE
8
A-WALL
10
26.46984
20
7.74067
30
0
11
26.46984
21
9.00239
31
0
0
LINE
8
A-COLS
10
3.13194
20
7.71528
30
0
11
3.25694
21
7.71528
31
0
0
LINE
8
A-COLS
10
3.25694
20
7.71528
30
0
11
3.25694
21
7.84028
31
0
0
LINE
8
A-COLS
10
3.25694
20
7.84028
30
0
11
3.13194
21
7.84028
31
0
0
LINE
8
A-COLS
10
3.13194
20
7.84028
30
0
11
3.13194
21
7.71528
31
0
0
LINE
8
A-COLS
10
3.15694
20
7.74028
30
0
11
3.23194
21
7.74028
31
0
0
LINE
8
A-COLS
10
3.23194
20
7.74028
30
0
11
3.23194
21
7.75694
31
0
0
LINE
8
A-COLS
10
3.23194
20
7.75694
30
0
11
3.20139
21
7.75694
31
0
0
LINE
8
A-COLS
10
3.20139
20
7.75694
30
0
11
3.20139
21
7.79861
31
0
0
LINE
8
A-COLS
10
3.20139
20
7.79861
30
0
11
3.23194
21
7.79861
31
0
0
LINE
8
A-COLS
10
3.23194
20
7.79861
30
0
11
3.23194
21
7.81528
31
0
0
LINE
8
A-COLS
10
3.23194
20
7.81528
30
0
11
3.15694
21
7.81528
31
0
0
LINE
8
A-COLS
10
3.15694
20
7.81528
30
0
11
3.15694
21
7.79861
31
0
0
LINE
8
A-COLS
10
3.15694
20
7.79861
30
0
11
3.1875
21
7.79861
31
0
0
LINE
8
A-COLS
10
3.1875
20
7.79861
30
0
11
3.1875
21
7.75694
31
0
0
LINE
8
A-COLS
10
3.1875
20
7.75694
30
0
11
3.15694
21
7.75694
31
0
0
LINE
8
A-COLS
10
3.15694
20
7.75694
30
0
11
3.15694
21
7.74028
31
0
0
LINE
8
A-COLS
10
3.13194
20
11.46528
30
0
11
3.25694
21
11.46528
31
0
0
LINE
8
A-COLS
10
3.25694
20
11.46528
30
0
11
3.25694
21
11.59028
31
0
0
LINE
8
A-COLS
10
3.25694
20
11.59028
30
0
11
3.13194
21
11.59028
31
0
0
LINE
8
A-COLS
10
3.13194
20
11.59028
30
0
11
3.13194
21
11.46528
31
0
0
LINE
8
A-COLS
10
3.15694
20
11.49028
30
0
11
3.23194
21
11.49028
31
0
0
LINE
8
A-COLS
10
3.23194
20
11.49028
30
0
11
3.23194
21
11.50694
31
0
0
LINE
8
A-COLS
10
3.23194
20
11.50694
30
0
11
3.20139
21
11.50694
31
0
0
LINE
8
A-COLS
10
3.20139
20
11.50694
30
0
11
3.20139
21
11.54861
31
0
0
LINE
8
A-COLS
10
3.20139
20
11.54861
30
0
11
3.23194
21
11.54861
31
0
0
LINE
8
A-COLS
10
3.23194
20
11.54861
30
0
11
3.23194
21
11.56528
31
0
0
LINE
8
A-COLS
10
3.23194
20
11.56528
30
0
11
3.15694
21
11.56528
31
0
0
LINE
8
A-COLS
10
3.15694
20
11.56528
30
0
11
3.15694
21
11.54861
31
0
0
LINE
8
A-COLS
10
3.15694
20
11.54861
30
0
11
3.1875
21
11.54861
31
0
0
LINE
8
A-COLS
10
3.1875
20
11.54861
30
0
11
3.1875
21
11.50694
31
0
0
LINE
8
A-COLS
10
3.1875
20
11.50694
30
0
11
3.15694
21
11.50694
31
0
0
LINE
8
A-COLS
10
3.15694
20
11.50694
30
0
11
3.15694
21
11.49028
31
0
0
LINE
8
A-COLS
10
3.13194
20
15.21528
30
0
11
3.25694
21
15.21528
31
0
0
LINE
8
A-COLS
10
3.25694
20
15.21528
30
0
11
3.25694
21
15.34028
31
0
0
LINE
8
A-COLS
10
3.25694
20
15.34028
30
0
11
3.13194
21
15.34028
31
0
0
LINE
8
A-COLS
10
3.13194
20
15.34028
30
0
11
3.13194
21
15.21528
31
0
0
LINE
8
A-COLS
10
3.15694
20
15.24028
30
0
11
3.23194
21
15.24028
31
0
0
LINE
8
A-COLS
10
3.23194
20
15.24028
30
0
11
3.23194
21
15.25694
31
0
0
LINE
8
A-COLS
10
3.23194
20
15.25694
30
0
11
3.20139
21
15.25694
31
0
0
LINE
8
A-COLS
10
3.20139
20
15.25694
30
0
11
3.20139
21
15.29861
31
0
0
LINE
8
A-COLS
10
3.20139
20
15.29861
30
0
11
3.23194
21
15.29861
31
0
0
LINE
8
A-COLS
10
3.23194
20
15.29861
30
0
11
3.23194
21
15.31528
31
0
0
LINE
8
A-COLS
10
3.23194
20
15.31528
30
0
11
3.15694
21
15.31528
31
0
0
LINE
8
A-COLS
10
3.15694
20
15.31528
30
0
11
3.15694
21
15.29861
31
0
0
LINE
8
A-COLS
10
3.15694
20
15.29861
30
0
11
3.1875
21
15.29861
31
0
0
LINE
8
A-COLS
10
3.1875
20
15.29861
30
0
11
3.1875
21
15.25694
31
0
0
LINE
8
A-COLS
10
3.1875
20
15.25694
30
0
11
3.15694
21
15.25694
31
0
0
LINE
8
A-COLS
10
3.15694
20
15.25694
30
0
11
3.15694
21
15.24028
31
0
0
LINE
8
A-COLS
10
3.13194
20
19.21528
30
0
11
3.25694
21
19.21528
31
0
0
LINE
8
A-COLS
10
3.25694
20
19.21528
30
0
11
3.25694
21
19.34028
31
0
0
LINE
8
A-COLS
10
3.25694
20
19.34028
30
0
11
3.13194
21
19.34028
31
0
0
LINE
8
A-COLS
10
3.13194
20
19.34028
30
0
11
3.13194
21
19.21528
31
0
0
LINE
8
A-COLS
10
3.15694
20
19.24028
30
0
11
3.23194
21
19.24028
31
0
0
LINE
8
A-COLS
10
3.23194
20
19.24028
30
0
11
3.23194
21
19.25694
31
0
0
LINE
8
A-COLS
10
3.23194
20
19.25694
30
0
11
3.20139
21
19.25694
31
0
0
LINE
8
A-COLS
10
3.20139
20
19.25694
30
0
11
3.20139
21
19.29861
31
0
0
LINE
8
A-COLS
10
3.20139
20
19.29861
30
0
11
3.23194
21
19.29861
31
0
0
LINE
8
A-COLS
10
3.23194
20
19.29861
30
0
11
3.23194
21
19.31528
31
0
0
LINE
8
A-COLS
10
3.23194
20
19.31528
30
0
11
3.15694
21
19.31528
31
0
0
LINE
8
A-COLS
10
3.15694
20
19.31528
30
0
11
3.15694
21
19.29861
31
0
0
LINE
8
A-COLS
10
3.15694
20
19.29861
30
0
11
3.1875
21
19.29861
31
0
0
LINE
8
A-COLS
10
3.1875
20
19.29861
30
0
11
3.1875
21
19.25694
31
0
0
LINE
8
A-COLS
10
3.1875
20
19.25694
30
0
11
3.15694
21
19.25694
31
0
0
LINE
8
A-COLS
10
3.15694
20
19.25694
30
0
11
3.15694
21
19.24028
31
0
0
LINE
8
A-COLS
10
6.88194
20
7.71528
30
0
11
7.00694
21
7.71528
31
0
0
LINE
8
A-COLS
10
7.00694
20
7.71528
30
0
11
7.00694
21
7.84028
31
0
0
LINE
8
A-COLS
10
7.00694
20
7.84028
30
0
11
6.88194
21
7.84028
31
0
0
LINE
8
A-COLS
10
6.88194
20
7.84028
30
0
11
6.88194
21
7.71528
31
0
0
LINE
8
A-COLS
10
6.90694
20
7.74028
30
0
11
6.98194
21
7.74028
31
0
0
LINE
8
A-COLS
10
6.98194
20
7.74028
30
0
11
6.98194
21
7.75694
31
0
0
LINE
8
A-COLS
10
6.98194
20
7.75694
30
0
11
6.95139
21
7.75694
31
0
0
LINE
8
A-COLS
10
6.95139
20
7.75694
30
0
11
6.95139
21
7.79861
31
0
0
LINE
8
A-COLS
10
6.95139
20
7.79861
30
0
11
6.98194
21
7.79861
31
0
0
LINE
8
A-COLS
10
6.98194
20
7.79861
30
0
11
6.98194
21
7.81528
31
0
0
LINE
8
A-COLS
10
6.98194
20
7.81528
30
0
11
6.90694
21
7.81528
31
0
0
LINE
8
A-COLS
10
6.90694
20
7.81528
30
0
11
6.90694
21
7.79861
31
0
0
LINE
8
A-COLS
10
6.90694
20
7.79861
30
0
11
6.9375
21
7.79861
31
0
0
LINE
8
A-COLS
10
6.9375
20
7.79861
30
0
11
6.9375
21
7.75694
31
0
0
LINE
8
A-COLS
10
6.9375
20
7.75694
30
0
11
6.90694
21
7.75694
31
0
0
LINE
8
A-COLS
10
6.90694
20
7.75694
30
0
11
6.90694
21
7.74028
31
0
0
LINE
8
A-COLS
10
6.88194
20
11.46528
30
0
11
7.00694
21
11.46528
31
0
0
LINE
8
A-COLS
10
7.00694
20
11.46528
30
0
11
7.00694
21
11.59028
31
0
0
LINE
8
A-COLS
10
7.00694
20
11.59028
30
0
11
6.88194
21
11.59028
31
0
0
LINE
8
A-COLS
10
6.88194
20
11.59028
30
0
11
6.88194
21
11.46528
31
0
0
LINE
8
A-COLS
10
6.90694
20
11.49028
30
0
11
6.98194
21
11.49028
31
0
0
LINE
8
A-COLS
10
6.98194
20
11.49028
30
0
11
6.98194
21
11.50694
31
0
0
LINE
8
A-COLS
10
6.98194
20
11.50694
30
0
11
6.95139
21
11.50694
31
0
0
LINE
8
A-COLS
10
6.95139
20
11.50694
30
0
11
6.95139
21
11.54861
31
0
0
LINE
8
A-COLS
10
6.95139
20
11.54861
30
0
11
6.98194
21
11.54861
31
0
0
LINE
8
A-COLS
10
6.98194
20
11.54861
30
0
11
6.98194
21
11.56528
31
0
0
LINE
8
A-COLS
10
6.98194
20
11.56528
30
0
11
6.90694
21
11.56528
31
0
0
LINE
8
A-COLS
10
6.90694
20
11.56528
30
0
11
6.90694
21
11.54861
31
0
0
LINE
8
A-COLS
10
6.90694
20
11.54861
30
0
11
6.9375
21
11.54861
31
0
0
LINE
8
A-COLS
10
6.9375
20
11.54861
30
0
11
6.9375
21
11.50694
31
0
0
LINE
8
A-COLS
10
6.9375
20
11.50694
30
0
11
6.90694
21
11.50694
31
0
0
LINE
8
A-COLS
10
6.90694
20
11.50694
30
0
11
6.90694
21
11.49028
31
0
0
LINE
8
A-COLS
10
6.88194
20
15.21528
30
0
11
7.00694
21
15.21528
31
0
0
LINE
8
A-COLS
10
7.00694
20
15.21528
30
0
11
7.00694
21
15.34028
31
0
0
LINE
8
A-COLS
10
7.00694
20
15.34028
30
0
11
6.88194
21
15.34028
31
0
0
LINE
8
A-COLS
10
6.88194
20
15.34028
30
0
11
6.88194
21
15.21528
31
0
0
LINE
8
A-COLS
10
6.90694
20
15.24028
30
0
11
6.98194
21
15.24028
31
0
0
LINE
8
A-COLS
10
6.98194
20
15.24028
30
0
11
6.98194
21
15.25694
31
0
0
LINE
8
A-COLS
10
6.98194
20
15.25694
30
0
11
6.95139
21
15.25694
31
0
0
LINE
8
A-COLS
10
6.95139
20
15.25694
30
0
11
6.95139
21
15.29861
31
0
0
LINE
8
A-COLS
10
6.95139
20
15.29861
30
0
11
6.98194
21
15.29861
31
0
0
LINE
8
A-COLS
10
6.98194
20
15.29861
30
0
11
6.98194
21
15.31528
31
0
0
LINE
8
A-COLS
10
6.98194
20
15.31528
30
0
11
6.90694
21
15.31528
31
0
0
LINE
8
A-COLS
10
6.90694
20
15.31528
30
0
11
6.90694
21
15.29861
31
0
0
LINE
8
A-COLS
10
6.90694
20
15.29861
30
0
11
6.9375
21
15.29861
31
0
0
LINE
8
A-COLS
10
6.9375
20
15.29861
30
0
11
6.9375
21
15.25694
31
0
0
LINE
8
A-COLS
10
6.9375
20
15.25694
30
0
11
6.90694
21
15.25694
31
0
0
LINE
8
A-COLS
10
6.90694
20
15.25694
30
0
11
6.90694
21
15.24028
31
0
0
LINE
8
A-COLS
10
6.88194
20
19.21528
30
0
11
7.00694
21
19.21528
31
0
0
LINE
8
A-COLS
10
7.00694
20
19.21528
30
0
11
7.00694
21
19.34028
31
0
0
LINE
8
A-COLS
10
7.00694
20
19.34028
30
0
11
6.88194
21
19.34028
31
0
0
LINE
8
A-COLS
10
6.88194
20
19.34028
30
0
11
6.88194
21
19.21528
31
0
0
LINE
8
A-COLS
10
6.90694
20
19.24028
30
0
11
6.98194
21
19.24028
31
0
0
LINE
8
A-COLS
10
6.98194
20
19.24028
30
0
11
6.98194
21
19.25694
31
0
0
LINE
8
A-COLS
10
6.98194
20
19.25694
30
0
11
6.95139
21
19.25694
31
0
0
LINE
8
A-COLS
10
6.95139
20
19.25694
30
0
11
6.95139
21
19.29861
31
0
0
LINE
8
A-COLS
10
6.95139
20
19.29861
30
0
11
6.98194
21
19.29861
31
0
0
LINE
8
A-COLS
10
6.98194
20
19.29861
30
0
11
6.98194
21
19.31528
31
0
0
LINE
8
A-COLS
10
6.98194
20
19.31528
30
0
11
6.90694
21
19.31528
31
0
0
LINE
8
A-COLS
10
6.90694
20
19.31528
30
0
11
6.90694
21
19.29861
31
0
0
LINE
8
A-COLS
10
6.90694
20
19.29861
30
0
11
6.9375
21
19.29861
31
0
0
LINE
8
A-COLS
10
6.9375
20
19.29861
30
0
11
6.9375
21
19.25694
31
0
0
LINE
8
A-COLS
10
6.9375
20
19.25694
30
0
11
6.90694
21
19.25694
31
0
0
LINE
8
A-COLS
10
6.90694
20
19.25694
30
0
11
6.90694
21
19.24028
31
0
0
LINE
8
A-COLS
10
10.63194
20
7.71528
30
0
11
10.75694
21
7.71528
31
0
0
LINE
8
A-COLS
10
10.75694
20
7.71528
30
0
11
10.75694
21
7.84028
31
0
0
LINE
8
A-COLS
10
10.75694
20
7.84028
30
0
11
10.63194
21
7.84028
31
0
0
LINE
8
A-COLS
10
10.63194
20
7.84028
30
0
11
10.63194
21
7.71528
31
0
0
LINE
8
A-COLS
10
10.65694
20
7.74028
30
0
11
10.73194
21
7.74028
31
0
0
LINE
8
A-COLS
10
10.73194
20
7.74028
30
0
11
10.73194
21
7.75694
31
0
0
LINE
8
A-COLS
10
10.73194
20
7.75694
30
0
11
10.70139
21
7.75694
31
0
0
LINE
8
A-COLS
10
10.70139
20
7.75694
30
0
11
10.70139
21
7.79861
31
0
0
LINE
8
A-COLS
10
10.70139
20
7.79861
30
0
11
10.73194
21
7.79861
31
0
0
LINE
8
A-COLS
10
10.73194
20
7.79861
30
0
11
10.73194
21
7.81528
31
0
0
LINE
8
A-COLS
10
10.73194
20
7.81528
30
0
11
10.65694
21
7.81528
31
0
0
LINE
8
A-COLS
10
10.65694
20
7.81528
30
0
11
10.65694
21
7.79861
31
0
0
LINE
8
A-COLS
10
10.65694
20
7.79861
30
0
11
10.6875
21
7.79861
31
0
0
LINE
8
A-COLS
10
10.6875
20
7.79861
30
0
11
10.6875
21
7.75694
31
0
0
LINE
8
A-COLS
10
10.6875
20
7.75694
30
0
11
10.65694
21
7.75694
31
0
0
LINE
8
A-COLS
10
10.65694
20
7.75694
30
0
11
10.65694
21
7.74028
31
0
0
LINE
8
A-COLS
10
10.63194
20
11.46528
30
0
11
10.75694
21
11.46528
31
0
0
LINE
8
A-COLS
10
10.75694
20
11.46528
30
0
11
10.75694
21
11.59028
31
0
0
LINE
8
A-COLS
10
10.75694
20
11.59028
30
0
11
10.63194
21
11.59028
31
0
0
LINE
8
A-COLS
10
10.63194
20
11.59028
30
0
11
10.63194
21
11.46528
31
0
0
LINE
8
A-COLS
10
10.65694
20
11.49028
30
0
11
10.73194
21
11.49028
31
0
0
LINE
8
A-COLS
10
10.73194
20
11.49028
30
0
11
10.73194
21
11.50694
31
0
0
LINE
8
A-COLS
10
10.73194
20
11.50694
30
0
11
10.70139
21
11.50694
31
0
0
LINE
8
A-COLS
10
10.70139
20
11.50694
30
0
11
10.70139
21
11.54861
31
0
0
LINE
8
A-COLS
10
10.70139
20
11.54861
30
0
11
10.73194
21
11.54861
31
0
0
LINE
8
A-COLS
10
10.73194
20
11.54861
30
0
11
10.73194
21
11.56528
31
0
0
LINE
8
A-COLS
10
10.73194
20
11.56528
30
0
11
10.65694
21
11.56528
31
0
0
LINE
8
A-COLS
10
10.65694
20
11.56528
30
0
11
10.65694
21
11.54861
31
0
0
LINE
8
A-COLS
10
10.65694
20
11.54861
30
0
11
10.6875
21
11.54861
31
0
0
LINE
8
A-COLS
10
10.6875
20
11.54861
30
0
11
10.6875
21
11.50694
31
0
0
LINE
8
A-COLS
10
10.6875
20
11.50694
30
0
11
10.65694
21
11.50694
31
0
0
LINE
8
A-COLS
10
10.65694
20
11.50694
30
0
11
10.65694
21
11.49028
31
0
0
LINE
8
A-COLS
10
10.63194
20
15.21528
30
0
11
10.75694
21
15.21528
31
0
0
LINE
8
A-COLS
10
10.75694
20
15.21528
30
0
11
10.75694
21
15.34028
31
0
0
LINE
8
A-COLS
10
10.75694
20
15.34028
30
0
11
10.63194
21
15.34028
31
0
0
LINE
8
A-COLS
10
10.63194
20
15.34028
30
0
11
10.63194
21
15.21528
31
0
0
LINE
8
A-COLS
10
10.65694
20
15.24028
30
0
11
10.73194
21
15.24028
31
0
0
LINE
8
A-COLS
10
10.73194
20
15.24028
30
0
11
10.73194
21
15.25694
31
0
0
LINE
8
A-COLS
10
10.73194
20
15.25694
30
0
11
10.70139
21
15.25694
31
0
0
LINE
8
A-COLS
10
10.70139
20
15.25694
30
0
11
10.70139
21
15.29861
31
0
0
LINE
8
A-COLS
10
10.70139
20
15.29861
30
0
11
10.73194
21
15.29861
31
0
0
LINE
8
A-COLS
10
10.73194
20
15.29861
30
0
11
10.73194
21
15.31528
31
0
0
LINE
8
A-COLS
10
10.73194
20
15.31528
30
0
11
10.65694
21
15.31528
31
0
0
LINE
8
A-COLS
10
10.65694
20
15.31528
30
0
11
10.65694
21
15.29861
31
0
0
LINE
8
A-COLS
10
10.65694
20
15.29861
30
0
11
10.6875
21
15.29861
31
0
0
LINE
8
A-COLS
10
10.6875
20
15.29861
30
0
11
10.6875
21
15.25694
31
0
0
LINE
8
A-COLS
10
10.6875
20
15.25694
30
0
11
10.65694
21
15.25694
31
0
0
LINE
8
A-COLS
10
10.65694
20
15.25694
30
0
11
10.65694
21
15.24028
31
0
0
LINE
8
A-COLS
10
10.63194
20
19.21528
30
0
11
10.75694
21
19.21528
31
0
0
LINE
8
A-COLS
10
10.75694
20
19.21528
30
0
11
10.75694
21
19.34028
31
0
0
LINE
8
A-COLS
10
10.75694
20
19.34028
30
0
11
10.63194
21
19.34028
31
0
0
LINE
8
A-COLS
10
10.63194
20
19.34028
30
0
11
10.63194
21
19.21528
31
0
0
LINE
8
A-COLS
10
10.65694
20
19.24028
30
0
11
10.73194
21
19.24028
31
0
0
LINE
8
A-COLS
10
10.73194
20
19.24028
30
0
11
10.73194
21
19.25694
31
0
0
LINE
8
A-COLS
10
10.73194
20
19.25694
30
0
11
10.70139
21
19.25694
31
0
0
LINE
8
A-COLS
10
10.70139
20
19.25694
30
0
11
10.70139
21
19.29861
31
0
0
LINE
8
A-COLS
10
10.70139
20
19.29861
30
0
11
10.73194
21
19.29861
31
0
0
LINE
8
A-COLS
10
10.73194
20
19.29861
30
0
11
10.73194
21
19.31528
31
0
0
LINE
8
A-COLS
10
10.73194
20
19.31528
30
0
11
10.65694
21
19.31528
31
0
0
LINE
8
A-COLS
10
10.65694
20
19.31528
30
0
11
10.65694
21
19.29861
31
0
0
LINE
8
A-COLS
10
10.65694
20
19.29861
30
0
11
10.6875
21
19.29861
31
0
0
LINE
8
A-COLS
10
10.6875
20
19.29861
30
0
11
10.6875
21
19.25694
31
0
0
LINE
8
A-COLS
10
10.6875
20
19.25694
30
0
11
10.65694
21
19.25694
31
0
0
LINE
8
A-COLS
10
10.65694
20
19.25694
30
0
11
10.65694
21
19.24028
31
0
0
LINE
8
A-COLS
10
14.04861
20
7.71528
30
0
11
14.17361
21
7.71528
31
0
0
LINE
8
A-COLS
10
14.17361
20
7.71528
30
0
11
14.17361
21
7.84028
31
0
0
LINE
8
A-COLS
10
14.17361
20
7.84028
30
0
11
14.04861
21
7.84028
31
0
0
LINE
8
A-COLS
10
14.04861
20
7.84028
30
0
11
14.04861
21
7.71528
31
0
0
LINE
8
A-COLS
10
14.07361
20
7.74028
30
0
11
14.14861
21
7.74028
31
0
0
LINE
8
A-COLS
10
14.14861
20
7.74028
30
0
11
14.14861
21
7.75694
31
0
0
LINE
8
A-COLS
10
14.14861
20
7.75694
30
0
11
14.11806
21
7.75694
31
0
0
LINE
8
A-COLS
10
14.11806
20
7.75694
30
0
11
14.11806
21
7.79861
31
0
0
LINE
8
A-COLS
10
14.11806
20
7.79861
30
0
11
14.14861
21
7.79861
31
0
0
LINE
8
A-COLS
10
14.14861
20
7.79861
30
0
11
14.14861
21
7.81528
31
0
0
LINE
8
A-COLS
10
14.14861
20
7.81528
30
0
11
14.07361
21
7.81528
31
0
0
LINE
8
A-COLS
10
14.07361
20
7.81528
30
0
11
14.07361
21
7.79861
31
0
0
LINE
8
A-COLS
10
14.07361
20
7.79861
30
0
11
14.10417
21
7.79861
31
0
0
LINE
8
A-COLS
10
14.10417
20
7.79861
30
0
11
14.10417
21
7.75694
31
0
0
LINE
8
A-COLS
10
14.10417
20
7.75694
30
0
11
14.07361
21
7.75694
31
0
0
LINE
8
A-COLS
10
14.07361
20
7.75694
30
0
11
14.07361
21
7.74028
31
0
0
LINE
8
A-COLS
10
14.04861
20
11.46528
30
0
11
14.17361
21
11.46528
31
0
0
LINE
8
A-COLS
10
14.17361
20
11.46528
30
0
11
14.17361
21
11.59028
31
0
0
LINE
8
A-COLS
10
14.17361
20
11.59028
30
0
11
14.04861
21
11.59028
31
0
0
LINE
8
A-COLS
10
14.04861
20
11.59028
30
0
11
14.04861
21
11.46528
31
0
0
LINE
8
A-COLS
10
14.07361
20
11.49028
30
0
11
14.14861
21
11.49028
31
0
0
LINE
8
A-COLS
10
14.14861
20
11.49028
30
0
11
14.14861
21
11.50694
31
0
0
LINE
8
A-COLS
10
14.14861
20
11.50694
30
0
11
14.11806
21
11.50694
31
0
0
LINE
8
A-COLS
10
14.11806
20
11.50694
30
0
11
14.11806
21
11.54861
31
0
0
LINE
8
A-COLS
10
14.11806
20
11.54861
30
0
11
14.14861
21
11.54861
31
0
0
LINE
8
A-COLS
10
14.14861
20
11.54861
30
0
11
14.14861
21
11.56528
31
0
0
LINE
8
A-COLS
10
14.14861
20
11.56528
30
0
11
14.07361
21
11.56528
31
0
0
LINE
8
A-COLS
10
14.07361
20
11.56528
30
0
11
14.07361
21
11.54861
31
0
0
LINE
8
A-COLS
10
14.07361
20
11.54861
30
0
11
14.10417
21
11.54861
31
0
0
LINE
8
A-COLS
10
14.10417
20
11.54861
30
0
11
14.10417
21
11.50694
31
0
0
LINE
8
A-COLS
10
14.10417
20
11.50694
30
0
11
14.07361
21
11.50694
31
0
0
LINE
8
A-COLS
10
14.07361
20
11.50694
30
0
11
14.07361
21
11.49028
31
0
0
LINE
8
A-COLS
10
14.04861
20
15.21528
30
0
11
14.17361
21
15.21528
31
0
0
LINE
8
A-COLS
10
14.17361
20
15.21528
30
0
11
14.17361
21
15.34028
31
0
0
LINE
8
A-COLS
10
14.17361
20
15.34028
30
0
11
14.04861
21
15.34028
31
0
0
LINE
8
A-COLS
10
14.04861
20
15.34028
30
0
11
14.04861
21
15.21528
31
0
0
LINE
8
A-COLS
10
14.07361
20
15.24028
30
0
11
14.14861
21
15.24028
31
0
0
LINE
8
A-COLS
10
14.14861
20
15.24028
30
0
11
14.14861
21
15.25694
31
0
0
LINE
8
A-COLS
10
14.14861
20
15.25694
30
0
11
14.11806
21
15.25694
31
0
0
LINE
8
A-COLS
10
14.11806
20
15.25694
30
0
11
14.11806
21
15.29861
31
0
0
LINE
8
A-COLS
10
14.11806
20
15.29861
30
0
11
14.14861
21
15.29861
31
0
0
LINE
8
A-COLS
10
14.14861
20
15.29861
30
0
11
14.14861
21
15.31528
31
0
0
LINE
8
A-COLS
10
14.14861
20
15.31528
30
0
11
14.07361
21
15.31528
31
0
0
LINE
8
A-COLS
10
14.07361
20
15.31528
30
0
11
14.07361
21
15.29861
31
0
0
LINE
8
A-COLS
10
14.07361
20
15.29861
30
0
11
14.10417
21
15.29861
31
0
0
LINE
8
A-COLS
10
14.10417
20
15.29861
30
0
11
14.10417
21
15.25694
31
0
0
LINE
8
A-COLS
10
14.10417
20
15.25694
30
0
11
14.07361
21
15.25694
31
0
0
LINE
8
A-COLS
10
14.07361
20
15.25694
30
0
11
14.07361
21
15.24028
31
0
0
LINE
8
A-COLS
10
14.04861
20
19.21528
30
0
11
14.17361
21
19.21528
31
0
0
LINE
8
A-COLS
10
14.17361
20
19.21528
30
0
11
14.17361
21
19.34028
31
0
0
LINE
8
A-COLS
10
14.17361
20
19.34028
30
0
11
14.04861
21
19.34028
31
0
0
LINE
8
A-COLS
10
14.04861
20
19.34028
30
0
11
14.04861
21
19.21528
31
0
0
LINE
8
A-COLS
10
14.07361
20
19.24028
30
0
11
14.14861
21
19.24028
31
0
0
LINE
8
A-COLS
10
14.14861
20
19.24028
30
0
11
14.14861
21
19.25694
31
0
0
LINE
8
A-COLS
10
14.14861
20
19.25694
30
0
11
14.11806
21
19.25694
31
0
0
LINE
8
A-COLS
10
14.11806
20
19.25694
30
0
11
14.11806
21
19.29861
31
0
0
LINE
8
A-COLS
10
14.11806
20
19.29861
30
0
11
14.14861
21
19.29861
31
0
0
LINE
8
A-COLS
10
14.14861
20
19.29861
30
0
11
14.14861
21
19.31528
31
0
0
LINE
8
A-COLS
10
14.14861
20
19.31528
30
0
11
14.07361
21
19.31528
31
0
0
LINE
8
A-COLS
10
14.07361
20
19.31528
30
0
11
14.07361
21
19.29861
31
0
0
LINE
8
A-COLS
10
14.07361
20
19.29861
30
0
11
14.10417
21
19.29861
31
0
0
LINE
8
A-COLS
10
14.10417
20
19.29861
30
0
11
14.10417
21
19.25694
31
0
0
LINE
8
A-COLS
10
14.10417
20
19.25694
30
0
11
14.07361
21
19.25694
31
0
0
LINE
8
A-COLS
10
14.07361
20
19.25694
30
0
11
14.07361
21
19.24028
31
0
0
LINE
8
A-COLS
10
17.79861
20
7.71528
30
0
11
17.92361
21
7.71528
31
0
0
LINE
8
A-COLS
10
17.92361
20
7.71528
30
0
11
17.92361
21
7.84028
31
0
0
LINE
8
A-COLS
10
17.92361
20
7.84028
30
0
11
17.79861
21
7.84028
31
0
0
LINE
8
A-COLS
10
17.79861
20
7.84028
30
0
11
17.79861
21
7.71528
31
0
0
LINE
8
A-COLS
10
17.82361
20
7.74028
30
0
11
17.89861
21
7.74028
31
0
0
LINE
8
A-COLS
10
17.89861
20
7.74028
30
0
11
17.89861
21
7.75694
31
0
0
LINE
8
A-COLS
10
17.89861
20
7.75694
30
0
11
17.86806
21
7.75694
31
0
0
LINE
8
A-COLS
10
17.86806
20
7.75694
30
0
11
17.86806
21
7.79861
31
0
0
LINE
8
A-COLS
10
17.86806
20
7.79861
30
0
11
17.89861
21
7.79861
31
0
0
LINE
8
A-COLS
10
17.89861
20
7.79861
30
0
11
17.89861
21
7.81528
31
0
0
LINE
8
A-COLS
10
17.89861
20
7.81528
30
0
11
17.82361
21
7.81528
31
0
0
LINE
8
A-COLS
10
17.82361
20
7.81528
30
0
11
17.82361
21
7.79861
31
0
0
LINE
8
A-COLS
10
17.82361
20
7.79861
30
0
11
17.85417
21
7.79861
31
0
0
LINE
8
A-COLS
10
17.85417
20
7.79861
30
0
11
17.85417
21
7.75694
31
0
0
LINE
8
A-COLS
10
17.85417
20
7.75694
30
0
11
17.82361
21
7.75694
31
0
0
LINE
8
A-COLS
10
17.82361
20
7.75694
30
0
11
17.82361
21
7.74028
31
0
0
LINE
8
A-COLS
10
17.79861
20
11.46528
30
0
11
17.92361
21
11.46528
31
0
0
LINE
8
A-COLS
10
17.92361
20
11.46528
30
0
11
17.92361
21
11.59028
31
0
0
LINE
8
A-COLS
10
17.92361
20
11.59028
30
0
11
17.79861
21
11.59028
31
0
0
LINE
8
A-COLS
10
17.79861
20
11.59028
30
0
11
17.79861
21
11.46528
31
0
0
LINE
8
A-COLS
10
17.82361
20
11.49028
30
0
11
17.89861
21
11.49028
31
0
0
LINE
8
A-COLS
10
17.89861
20
11.49028
30
0
11
17.89861
21
11.50694
31
0
0
LINE
8
A-COLS
10
17.89861
20
11.50694
30
0
11
17.86806
21
11.50694
31
0
0
LINE
8
A-COLS
10
17.86806
20
11.50694
30
0
11
17.86806
21
11.54861
31
0
0
LINE
8
A-COLS
10
17.86806
20
11.54861
30
0
11
17.89861
21
11.54861
31
0
0
LINE
8
A-COLS
10
17.89861
20
11.54861
30
0
11
17.89861
21
11.56528
31
0
0
LINE
8
A-COLS
10
17.89861
20
11.56528
30
0
11
17.82361
21
11.56528
31
0
0
LINE
8
A-COLS
10
17.82361
20
11.56528
30
0
11
17.82361
21
11.54861
31
0
0
LINE
8
A-COLS
10
17.82361
20
11.54861
30
0
11
17.85417
21
11.54861
31
0
0
LINE
8
A-COLS
10
17.85417
20
11.54861
30
0
11
17.85417
21
11.50694
31
0
0
LINE
8
A-COLS
10
17.85417
20
11.50694
30
0
11
17.82361
21
11.50694
31
0
0
LINE
8
A-COLS
10
17.82361
20
11.50694
30
0
11
17.82361
21
11.49028
31
0
0
LINE
8
A-COLS
10
17.79861
20
15.21528
30
0
11
17.92361
21
15.21528
31
0
0
LINE
8
A-COLS
10
17.92361
20
15.21528
30
0
11
17.92361
21
15.34028
31
0
0
LINE
8
A-COLS
10
17.92361
20
15.34028
30
0
11
17.79861
21
15.34028
31
0
0
LINE
8
A-COLS
10
17.79861
20
15.34028
30
0
11
17.79861
21
15.21528
31
0
0
LINE
8
A-COLS
10
17.82361
20
15.24028
30
0
11
17.89861
21
15.24028
31
0
0
LINE
8
A-COLS
10
17.89861
20
15.24028
30
0
11
17.89861
21
15.25694
31
0
0
LINE
8
A-COLS
10
17.89861
20
15.25694
30
0
11
17.86806
21
15.25694
31
0
0
LINE
8
A-COLS
10
17.86806
20
15.25694
30
0
11
17.86806
21
15.29861
31
0
0
LINE
8
A-COLS
10
17.86806
20
15.29861
30
0
11
17.89861
21
15.29861
31
0
0
LINE
8
A-COLS
10
17.89861
20
15.29861
30
0
11
17.89861
21
15.31528
31
0
0
LINE
8
A-COLS
10
17.89861
20
15.31528
30
0
11
17.82361
21
15.31528
31
0
0
LINE
8
A-COLS
10
17.82361
20
15.31528
30
0
11
17.82361
21
15.29861
31
0
0
LINE
8
A-COLS
10
17.82361
20
15.29861
30
0
11
17.85417
21
15.29861
31
0
0
LINE
8
A-COLS
10
17.85417
20
15.29861
30
0
11
17.85417
21
15.25694
31
0
0
LINE
8
A-COLS
10
17.85417
20
15.25694
30
0
11
17.82361
21
15.25694
31
0
0
LINE
8
A-COLS
10
17.82361
20
15.25694
30
0
11
17.82361
21
15.24028
31
0
0
LINE
8
A-COLS
10
17.79861
20
19.21528
30
0
11
17.92361
21
19.21528
31
0
0
LINE
8
A-COLS
10
17.92361
20
19.21528
30
0
11
17.92361
21
19.34028
31
0
0
LINE
8
A-COLS
10
17.92361
20
19.34028
30
0
11
17.79861
21
19.34028
31
0
0
LINE
8
A-COLS
10
17.79861
20
19.34028
30
0
11
17.79861
21
19.21528
31
0
0
LINE
8
A-COLS
10
17.82361
20
19.24028
30
0
11
17.89861
21
19.24028
31
0
0
LINE
8
A-COLS
10
17.89861
20
19.24028
30
0
11
17.89861
21
19.25694
31
0
0
LINE
8
A-COLS
10
17.89861
20
19.25694
30
0
11
17.86806
21
19.25694
31
0
0
LINE
8
A-COLS
10
17.86806
20
19.25694
30
0
11
17.86806
21
19.29861
31
0
0
LINE
8
A-COLS
10
17.86806
20
19.29861
30
0
11
17.89861
21
19.29861
31
0
0
LINE
8
A-COLS
10
17.89861
20
19.29861
30
0
11
17.89861
21
19.31528
31
0
0
LINE
8
A-COLS
10
17.89861
20
19.31528
30
0
11
17.82361
21
19.31528
31
0
0
LINE
8
A-COLS
10
17.82361
20
19.31528
30
0
11
17.82361
21
19.29861
31
0
0
LINE
8
A-COLS
10
17.82361
20
19.29861
30
0
11
17.85417
21
19.29861
31
0
0
LINE
8
A-COLS
10
17.85417
20
19.29861
30
0
11
17.85417
21
19.25694
31
0
0
LINE
8
A-COLS
10
17.85417
20
19.25694
30
0
11
17.82361
21
19.25694
31
0
0
LINE
8
A-COLS
10
17.82361
20
19.25694
30
0
11
17.82361
21
19.24028
31
0
0
LINE
8
A-COLS
10
21.54861
20
7.71528
30
0
11
21.67361
21
7.71528
31
0
0
LINE
8
A-COLS
10
21.67361
20
7.71528
30
0
11
21.67361
21
7.84028
31
0
0
LINE
8
A-COLS
10
21.67361
20
7.84028
30
0
11
21.54861
21
7.84028
31
0
0
LINE
8
A-COLS
10
21.54861
20
7.84028
30
0
11
21.54861
21
7.71528
31
0
0
LINE
8
A-COLS
10
21.57361
20
7.74028
30
0
11
21.64861
21
7.74028
31
0
0
LINE
8
A-COLS
10
21.64861
20
7.74028
30
0
11
21.64861
21
7.75694
31
0
0
LINE
8
A-COLS
10
21.64861
20
7.75694
30
0
11
21.61806
21
7.75694
31
0
0
LINE
8
A-COLS
10
21.61806
20
7.75694
30
0
11
21.61806
21
7.79861
31
0
0
LINE
8
A-COLS
10
21.61806
20
7.79861
30
0
11
21.64861
21
7.79861
31
0
0
LINE
8
A-COLS
10
21.64861
20
7.79861
30
0
11
21.64861
21
7.81528
31
0
0
LINE
8
A-COLS
10
21.64861
20
7.81528
30
0
11
21.57361
21
7.81528
31
0
0
LINE
8
A-COLS
10
21.57361
20
7.81528
30
0
11
21.57361
21
7.79861
31
0
0
LINE
8
A-COLS
10
21.57361
20
7.79861
30
0
11
21.60417
21
7.79861
31
0
0
LINE
8
A-COLS
10
21.60417
20
7.79861
30
0
11
21.60417
21
7.75694
31
0
0
LINE
8
A-COLS
10
21.60417
20
7.75694
30
0
11
21.57361
21
7.75694
31
0
0
LINE
8
A-COLS
10
21.57361
20
7.75694
30
0
11
21.57361
21
7.74028
31
0
0
LINE
8
A-COLS
10
21.54861
20
11.46528
30
0
11
21.67361
21
11.46528
31
0
0
LINE
8
A-COLS
10
21.67361
20
11.46528
30
0
11
21.67361
21
11.59028
31
0
0
LINE
8
A-COLS
10
21.67361
20
11.59028
30
0
11
21.54861
21
11.59028
31
0
0
LINE
8
A-COLS
10
21.54861
20
11.59028
30
0
11
21.54861
21
11.46528
31
0
0
LINE
8
A-COLS
10
21.57361
20
11.49028
30
0
11
21.64861
21
11.49028
31
0
0
LINE
8
A-COLS
10
21.64861
20
11.49028
30
0
11
21.64861
21
11.50694
31
0
0
LINE
8
A-COLS
10
21.64861
20
11.50694
30
0
11
21.61806
21
11.50694
31
0
0
LINE
8
A-COLS
10
21.61806
20
11.50694
30
0
11
21.61806
21
11.54861
31
0
0
LINE
8
A-COLS
10
21.61806
20
11.54861
30
0
11
21.64861
21
11.54861
31
0
0
LINE
8
A-COLS
10
21.64861
20
11.54861
30
0
11
21.64861
21
11.56528
31
0
0
LINE
8
A-COLS
10
21.64861
20
11.56528
30
0
11
21.57361
21
11.56528
31
0
0
LINE
8
A-COLS
10
21.57361
20
11.56528
30
0
11
21.57361
21
11.54861
31
0
0
LINE
8
A-COLS
10
21.57361
20
11.54861
30
0
11
21.60417
21
11.54861
31
0
0
LINE
8
A-COLS
10
21.60417
20
11.54861
30
0
11
21.60417
21
11.50694
31
0
0
LINE
8
A-COLS
10
21.60417
20
11.50694
30
0
11
21.57361
21
11.50694
31
0
0
LINE
8
A-COLS
10
21.57361
20
11.50694
30
0
11
21.57361
21
11.49028
31
0
0
LINE
8
A-COLS
10
21.54861
20
15.21528
30
0
11
21.67361
21
15.21528
31
0
0
LINE
8
A-COLS
10
21.67361
20
15.21528
30
0
11
21.67361
21
15.34028
31
0
0
LINE
8
A-COLS
10
21.67361
20
15.34028
30
0
11
21.54861
21
15.34028
31
0
0
LINE
8
A-COLS
10
21.54861
20
15.34028
30
0
11
21.54861
21
15.21528
31
0
0
LINE
8
A-COLS
10
21.57361
20
15.24028
30
0
11
21.64861
21
15.24028
31
0
0
LINE
8
A-COLS
10
21.64861
20
15.24028
30
0
11
21.64861
21
15.25694
31
0
0
LINE
8
A-COLS
10
21.64861
20
15.25694
30
0
11
21.61806
21
15.25694
31
0
0
LINE
8
A-COLS
10
21.61806
20
15.25694
30
0
11
21.61806
21
15.29861
31
0
0
LINE
8
A-COLS
10
21.61806
20
15.29861
30
0
11
21.64861
21
15.29861
31
0
0
LINE
8
A-COLS
10
21.64861
20
15.29861
30
0
11
21.64861
21
15.31528
31
0
0
LINE
8
A-COLS
10
21.64861
20
15.31528
30
0
11
21.57361
21
15.31528
31
0
0
LINE
8
A-COLS
10
21.57361
20
15.31528
30
0
11
21.57361
21
15.29861
31
0
0
LINE
8
A-COLS
10
21.57361
20
15.29861
30
0
11
21.60417
21
15.29861
31
0
0
LINE
8
A-COLS
10
21.60417
20
15.29861
30
0
11
21.60417
21
15.25694
31
0
0
LINE
8
A-COLS
10
21.60417
20
15.25694
30
0
11
21.57361
21
15.25694
31
0
0
LINE
8
A-COLS
10
21.57361
20
15.25694
30
0
11
21.57361
21
15.24028
31
0
0
LINE
8
A-COLS
10
21.54861
20
19.21528
30
0
11
21.67361
21
19.21528
31
0
0
LINE
8
A-COLS
10
21.67361
20
19.21528
30
0
11
21.67361
21
19.34028
31
0
0
LINE
8
A-COLS
10
21.67361
20
19.34028
30
0
11
21.54861
21
19.34028
31
0
0
LINE
8
A-COLS
10
21.54861
20
19.34028
30
0
11
21.54861
21
19.21528
31
0
0
LINE
8
A-COLS
10
21.57361
20
19.24028
30
0
11
21.64861
21
19.24028
31
0
0
LINE
8
A-COLS
10
21.64861
20
19.24028
30
0
11
21.64861
21
19.25694
31
0
0
LINE
8
A-COLS
10
21.64861
20
19.25694
30
0
11
21.61806
21
19.25694
31
0
0
LINE
8
A-COLS
10
21.61806
20
19.25694
30
0
11
21.61806
21
19.29861
31
0
0
LINE
8
A-COLS
10
21.61806
20
19.29861
30
0
11
21.64861
21
19.29861
31
0
0
LINE
8
A-COLS
10
21.64861
20
19.29861
30
0
11
21.64861
21
19.31528
31
0
0
LINE
8
A-COLS
10
21.64861
20
19.31528
30
0
11
21.57361
21
19.31528
31
0
0
LINE
8
A-COLS
10
21.57361
20
19.31528
30
0
11
21.57361
21
19.29861
31
0
0
LINE
8
A-COLS
10
21.57361
20
19.29861
30
0
11
21.60417
21
19.29861
31
0
0
LINE
8
A-COLS
10
21.60417
20
19.29861
30
0
11
21.60417
21
19.25694
31
0
0
LINE
8
A-COLS
10
21.60417
20
19.25694
30
0
11
21.57361
21
19.25694
31
0
0
LINE
8
A-COLS
10
21.57361
20
19.25694
30
0
11
21.57361
21
19.24028
31
0
0
LINE
8
A-COLS
10
25.29861
20
7.71528
30
0
11
25.42361
21
7.71528
31
0
0
LINE
8
A-COLS
10
25.42361
20
7.71528
30
0
11
25.42361
21
7.84028
31
0
0
LINE
8
A-COLS
10
25.42361
20
7.84028
30
0
11
25.29861
21
7.84028
31
0
0
LINE
8
A-COLS
10
25.29861
20
7.84028
30
0
11
25.29861
21
7.71528
31
0
0
LINE
8
A-COLS
10
25.32361
20
7.74028
30
0
11
25.39861
21
7.74028
31
0
0
LINE
8
A-COLS
10
25.39861
20
7.74028
30
0
11
25.39861
21
7.75694
31
0
0
LINE
8
A-COLS
10
25.39861
20
7.75694
30
0
11
25.36806
21
7.75694
31
0
0
LINE
8
A-COLS
10
25.36806
20
7.75694
30
0
11
25.36806
21
7.79861
31
0
0
LINE
8
A-COLS
10
25.36806
20
7.79861
30
0
11
25.39861
21
7.79861
31
0
0
LINE
8
A-COLS
10
25.39861
20
7.79861
30
0
11
25.39861
21
7.81528
31
0
0
LINE
8
A-COLS
10
25.39861
20
7.81528
30
0
11
25.32361
21
7.81528
31
0
0
LINE
8
A-COLS
10
25.32361
20
7.81528
30
0
11
25.32361
21
7.79861
31
0
0
LINE
8
A-COLS
10
25.32361
20
7.79861
30
0
11
25.35417
21
7.79861
31
0
0
LINE
8
A-COLS
10
25.35417
20
7.79861
30
0
11
25.35417
21
7.75694
31
0
0
LINE
8
A-COLS
10
25.35417
20
7.75694
30
0
11
25.32361
21
7.75694
31
0
0
LINE
8
A-COLS
10
25.32361
20
7.75694
30
0
11
25.32361
21
7.74028
31
0
0
LINE
8
A-COLS
10
25.29861
20
11.46528
30
0
11
25.42361
21
11.46528
31
0
0
LINE
8
A-COLS
10
25.42361
20
11.46528
30
0
11
25.42361
21
11.59028
31
0
0
LINE
8
A-COLS
10
25.42361
20
11.59028
30
0
11
25.29861
21
11.59028
31
0
0
LINE
8
A-COLS
10
25.29861
20
11.59028
30
0
11
25.29861
21
11.46528
31
0
0
LINE
8
A-COLS
10
25.32361
20
11.49028
30
0
11
25.39861
21
11.49028
31
0
0
LINE
8
A-COLS
10
25.39861
20
11.49028
30
0
11
25.39861
21
11.50694
31
0
0
LINE
8
A-COLS
10
25.39861
20
11.50694
30
0
11
25.36806
21
11.50694
31
0
0
LINE
8
A-COLS
10
25.36806
20
11.50694
30
0
11
25.36806
21
11.54861
31
0
0
LINE
8
A-COLS
10
25.36806
20
11.54861
30
0
11
25.39861
21
11.54861
31
0
0
LINE
8
A-COLS
10
25.39861
20
11.54861
30
0
11
25.39861
21
11.56528
31
0
0
LINE
8
A-COLS
10
25.39861
20
11.56528
30
0
11
25.32361
21
11.56528
31
0
0
LINE
8
A-COLS
10
25.32361
20
11.56528
30
0
11
25.32361
21
11.54861
31
0
0
LINE
8
A-COLS
10
25.32361
20
11.54861
30
0
11
25.35417
21
11.54861
31
0
0
LINE
8
A-COLS
10
25.35417
20
11.54861
30
0
11
25.35417
21
11.50694
31
0
0
LINE
8
A-COLS
10
25.35417
20
11.50694
30
0
11
25.32361
21
11.50694
31
0
0
LINE
8
A-COLS
10
25.32361
20
11.50694
30
0
11
25.32361
21
11.49028
31
0
0
LINE
8
A-COLS
10
25.29861
20
15.21528
30
0
11
25.42361
21
15.21528
31
0
0
LINE
8
A-COLS
10
25.42361
20
15.21528
30
0
11
25.42361
21
15.34028
31
0
0
LINE
8
A-COLS
10
25.42361
20
15.34028
30
0
11
25.29861
21
15.34028
31
0
0
LINE
8
A-COLS
10
25.29861
20
15.34028
30
0
11
25.29861
21
15.21528
31
0
0
LINE
8
A-COLS
10
25.32361
20
15.24028
30
0
11
25.39861
21
15.24028
31
0
0
LINE
8
A-COLS
10
25.39861
20
15.24028
30
0
11
25.39861
21
15.25694
31
0
0
LINE
8
A-COLS
10
25.39861
20
15.25694
30
0
11
25.36806
21
15.25694
31
0
0
LINE
8
A-COLS
10
25.36806
20
15.25694
30
0
11
25.36806
21
15.29861
31
0
0
LINE
8
A-COLS
10
25.36806
20
15.29861
30
0
11
25.39861
21
15.29861
31
0
0
LINE
8
A-COLS
10
25.39861
20
15.29861
30
0
11
25.39861
21
15.31528
31
0
0
LINE
8
A-COLS
10
25.39861
20
15.31528
30
0
11
25.32361
21
15.31528
31
0
0
LINE
8
A-COLS
10
25.32361
20
15.31528
30
0
11
25.32361
21
15.29861
31
0
0
LINE
8
A-COLS
10
25.32361
20
15.29861
30
0
11
25.35417
21
15.29861
31
0
0
LINE
8
A-COLS
10
25.35417
20
15.29861
30
0
11
25.35417
21
15.25694
31
0
0
LINE
8
A-COLS
10
25.35417
20
15.25694
30
0
11
25.32361
21
15.25694
31
0
0
LINE
8
A-COLS
10
25.32361
20
15.25694
30
0
11
25.32361
21
15.24028
31
0
0
LINE
8
A-COLS
10
25.29861
20
19.21528
30
0
11
25.42361
21
19.21528
31
0
0
LINE
8
A-COLS
10
25.42361
20
19.21528
30
0
11
25.42361
21
19.34028
31
0
0
LINE
8
A-COLS
10
25.42361
20
19.34028
30
0
11
25.29861
21
19.34028
31
0
0
LINE
8
A-COLS
10
25.29861
20
19.34028
30
0
11
25.29861
21
19.21528
31
0
0
LINE
8
A-COLS
10
25.32361
20
19.24028
30
0
11
25.39861
21
19.24028
31
0
0
LINE
8
A-COLS
10
25.39861
20
19.24028
30
0
11
25.39861
21
19.25694
31
0
0
LINE
8
A-COLS
10
25.39861
20
19.25694
30
0
11
25.36806
21
19.25694
31
0
0
LINE
8
A-COLS
10
25.36806
20
19.25694
30
0
11
25.36806
21
19.29861
31
0
0
LINE
8
A-COLS
10
25.36806
20
19.29861
30
0
11
25.39861
21
19.29861
31
0
0
LINE
8
A-COLS
10
25.39861
20
19.29861
30
0
11
25.39861
21
19.31528
31
0
0
LINE
8
A-COLS
10
25.39861
20
19.31528
30
0
11
25.32361
21
19.31528
31
0
0
LINE
8
A-COLS
10
25.32361
20
19.31528
30
0
11
25.32361
21
19.29861
31
0
0
LINE
8
A-COLS
10
25.32361
20
19.29861
30
0
11
25.35417
21
19.29861
31
0
0
LINE
8
A-COLS
10
25.35417
20
19.29861
30
0
11
25.35417
21
19.25694
31
0
0
LINE
8
A-COLS
10
25.35417
20
19.25694
30
0
11
25.32361
21
19.25694
31
0
0
LINE
8
A-COLS
10
25.32361
20
19.25694
30
0
11
25.32361
21
19.24028
31
0
0
LINE
8
A-COLS
10
29.04861
20
7.71528
30
0
11
29.17361
21
7.71528
31
0
0
LINE
8
A-COLS
10
29.17361
20
7.71528
30
0
11
29.17361
21
7.84028
31
0
0
LINE
8
A-COLS
10
29.17361
20
7.84028
30
0
11
29.04861
21
7.84028
31
0
0
LINE
8
A-COLS
10
29.04861
20
7.84028
30
0
11
29.04861
21
7.71528
31
0
0
LINE
8
A-COLS
10
29.07361
20
7.74028
30
0
11
29.14861
21
7.74028
31
0
0
LINE
8
A-COLS
10
29.14861
20
7.74028
30
0
11
29.14861
21
7.75694
31
0
0
LINE
8
A-COLS
10
29.14861
20
7.75694
30
0
11
29.11806
21
7.75694
31
0
0
LINE
8
A-COLS
10
29.11806
20
7.75694
30
0
11
29.11806
21
7.79861
31
0
0
LINE
8
A-COLS
10
29.11806
20
7.79861
30
0
11
29.14861
21
7.79861
31
0
0
LINE
8
A-COLS
10
29.14861
20
7.79861
30
0
11
29.14861
21
7.81528
31
0
0
LINE
8
A-COLS
10
29.14861
20
7.81528
30
0
11
29.07361
21
7.81528
31
0
0
LINE
8
A-COLS
10
29.07361
20
7.81528
30
0
11
29.07361
21
7.79861
31
0
0
LINE
8
A-COLS
10
29.07361
20
7.79861
30
0
11
29.10417
21
7.79861
31
0
0
LINE
8
A-COLS
10
29.10417
20
7.79861
30
0
11
29.10417
21
7.75694
31
0
0
LINE
8
A-COLS
10
29.10417
20
7.75694
30
0
11
29.07361
21
7.75694
31
0
0
LINE
8
A-COLS
10
29.07361
20
7.75694
30
0
11
29.07361
21
7.74028
31
0
0
LINE
8
A-COLS
10
29.04861
20
11.46528
30
0
11
29.17361
21
11.46528
31
0
0
LINE
8
A-COLS
10
29.17361
20
11.46528
30
0
11
29.17361
21
11.59028
31
0
0
LINE
8
A-COLS
10
29.17361
20
11.59028
30
0
11
29.04861
21
11.59028
31
0
0
LINE
8
A-COLS
10
29.04861
20
11.59028
30
0
11
29.04861
21
11.46528
31
0
0
LINE
8
A-COLS
10
29.07361
20
11.49028
30
0
11
29.14861
21
11.49028
31
0
0
LINE
8
A-COLS
10
29.14861
20
11.49028
30
0
11
29.14861
21
11.50694
31
0
0
LINE
8
A-COLS
10
29.14861
20
11.50694
30
0
11
29.11806
21
11.50694
31
0
0
LINE
8
A-COLS
10
29.11806
20
11.50694
30
0
11
29.11806
21
11.54861
31
0
0
LINE
8
A-COLS
10
29.11806
20
11.54861
30
0
11
29.14861
21
11.54861
31
0
0
LINE
8
A-COLS
10
29.14861
20
11.54861
30
0
11
29.14861
21
11.56528
31
0
0
LINE
8
A-COLS
10
29.14861
20
11.56528
30
0
11
29.07361
21
11.56528
31
0
0
LINE
8
A-COLS
10
29.07361
20
11.56528
30
0
11
29.07361
21
11.54861
31
0
0
LINE
8
A-COLS
10
29.07361
20
11.54861
30
0
11
29.10417
21
11.54861
31
0
0
LINE
8
A-COLS
10
29.10417
20
11.54861
30
0
11
29.10417
21
11.50694
31
0
0
LINE
8
A-COLS
10
29.10417
20
11.50694
30
0
11
29.07361
21
11.50694
31
0
0
LINE
8
A-COLS
10
29.07361
20
11.50694
30
0
11
29.07361
21
11.49028
31
0
0
LINE
8
A-COLS
10
29.04861
20
15.21528
30
0
11
29.17361
21
15.21528
31
0
0
LINE
8
A-COLS
10
29.17361
20
15.21528
30
0
11
29.17361
21
15.34028
31
0
0
LINE
8
A-COLS
10
29.17361
20
15.34028
30
0
11
29.04861
21
15.34028
31
0
0
LINE
8
A-COLS
10
29.04861
20
15.34028
30
0
11
29.04861
21
15.21528
31
0
0
LINE
8
A-COLS
10
29.07361
20
15.24028
30
0
11
29.14861
21
15.24028
31
0
0
LINE
8
A-COLS
10
29.14861
20
15.24028
30
0
11
29.14861
21
15.25694
31
0
0
LINE
8
A-COLS
10
29.14861
20
15.25694
30
0
11
29.11806
21
15.25694
31
0
0
LINE
8
A-COLS
10
29.11806
20
15.25694
30
0
11
29.11806
21
15.29861
31
0
0
LINE
8
A-COLS
10
29.11806
20
15.29861
30
0
11
29.14861
21
15.29861
31
0
0
LINE
8
A-COLS
10
29.14861
20
15.29861
30
0
11
29.14861
21
15.31528
31
0
0
LINE
8
A-COLS
10
29.14861
20
15.31528
30
0
11
29.07361
21
15.31528
31
0
0
LINE
8
A-COLS
10
29.07361
20
15.31528
30
0
11
29.07361
21
15.29861
31
0
0
LINE
8
A-COLS
10
29.07361
20
15.29861
30
0
11
29.10417
21
15.29861
31
0
0
LINE
8
A-COLS
10
29.10417
20
15.29861
30
0
11
29.10417
21
15.25694
31
0
0
LINE
8
A-COLS
10
29.10417
20
15.25694
30
0
11
29.07361
21
15.25694
31
0
0
LINE
8
A-COLS
10
29.07361
20
15.25694
30
0
11
29.07361
21
15.24028
31
0
0
LINE
8
A-COLS
10
29.04861
20
19.21528
30
0
11
29.17361
21
19.21528
31
0
0
LINE
8
A-COLS
10
29.17361
20
19.21528
30
0
11
29.17361
21
19.34028
31
0
0
LINE
8
A-COLS
10
29.17361
20
19.34028
30
0
11
29.04861
21
19.34028
31
0
0
LINE
8
A-COLS
10
29.04861
20
19.34028
30
0
11
29.04861
21
19.21528
31
0
0
LINE
8
A-COLS
10
29.07361
20
19.24028
30
0
11
29.14861
21
19.24028
31
0
0
LINE
8
A-COLS
10
29.14861
20
19.24028
30
0
11
29.14861
21
19.25694
31
0
0
LINE
8
A-COLS
10
29.14861
20
19.25694
30
0
11
29.11806
21
19.25694
31
0
0
LINE
8
A-COLS
10
29.11806
20
19.25694
30
0
11
29.11806
21
19.29861
31
0
0
LINE
8
A-COLS
10
29.11806
20
19.29861
30
0
11
29.14861
21
19.29861
31
0
0
LINE
8
A-COLS
10
29.14861
20
19.29861
30
0
11
29.14861
21
19.31528
31
0
0
LINE
8
A-COLS
10
29.14861
20
19.31528
30
0
11
29.07361
21
19.31528
31
0
0
LINE
8
A-COLS
10
29.07361
20
19.31528
30
0
11
29.07361
21
19.29861
31
0
0
LINE
8
A-COLS
10
29.07361
20
19.29861
30
0
11
29.10417
21
19.29861
31
0
0
LINE
8
A-COLS
10
29.10417
20
19.29861
30
0
11
29.10417
21
19.25694
31
0
0
LINE
8
A-COLS
10
29.10417
20
19.25694
30
0
11
29.07361
21
19.25694
31
0
0
LINE
8
A-COLS
10
29.07361
20
19.25694
30
0
11
29.07361
21
19.24028
31
0
0
LINE
8
A-CLNG-GRID
10
7.11944
20
13.95278
30
0
11
7.11944
21
15.97778
31
0
0
LINE
8
A-CLNG-GRID
10
7.61944
20
13.95278
30
0
11
7.61944
21
15.97778
31
0
0
LINE
8
A-CLNG-GRID
10
8.11944
20
13.95278
30
0
11
8.11944
21
15.97778
31
0
0
LINE
8
A-CLNG-GRID
10
8.61944
20
13.95278
30
0
11
8.61944
21
15.97778
31
0
0
LINE
8
A-CLNG-GRID
10
9.11944
20
13.95278
30
0
11
9.11944
21
15.97778
31
0
0
LINE
8
A-CLNG-GRID
10
9.61944
20
13.95278
30
0
11
9.61944
21
15.97778
31
0
0
LINE
8
A-CLNG-GRID
10
10.11944
20
13.95278
30
0
11
10.11944
21
15.97778
31
0
0
LINE
8
A-CLNG-GRID
10
10.61944
20
13.95278
30
0
11
10.61944
21
15.97778
31
0
0
LINE
8
A-CLNG-GRID
10
11.11944
20
13.95278
30
0
11
11.11944
21
15.97778
31
0
0
LINE
8
A-CLNG-GRID
10
11.61944
20
13.95278
30
0
11
11.61944
21
15.97778
31
0
0
LINE
8
A-CLNG-GRID
10
12.11944
20
13.95278
30
0
11
12.11944
21
15.97778
31
0
0
LINE
8
A-CLNG-GRID
10
12.61944
20
13.95278
30
0
11
12.61944
21
15.97778
31
0
0
LINE
8
A-CLNG-GRID
10
13.11944
20
13.95278
30
0
11
13.11944
21
15.97778
31
0
0
LINE
8
A-CLNG-GRID
10
13.61944
20
13.95278
30
0
11
13.61944
21
15.97778
31
0
0
LINE
8
A-CLNG-GRID
10
6.99444
20
14.07778
30
0
11
14.06944
21
14.07778
31
0
0
LINE
8
A-CLNG-GRID
10
6.99444
20
14.32778
30
0
11
14.06944
21
14.32778
31
0
0
LINE
8
A-CLNG-GRID
10
6.99444
20
14.57778
30
0
11
14.06944
21
14.57778
31
0
0
LINE
8
A-CLNG-GRID
10
6.99444
20
14.82778
30
0
11
14.06944
21
14.82778
31
0
0
LINE
8
A-CLNG-GRID
10
6.99444
20
15.07778
30
0
11
14.06944
21
15.07778
31
0
0
LINE
8
A-CLNG-GRID
10
6.99444
20
15.32778
30
0
11
14.06944
21
15.32778
31
0
0
LINE
8
A-CLNG-GRID
10
6.99444
20
15.57778
30
0
11
14.06944
21
15.57778
31
0
0
LINE
8
A-CLNG-GRID
10
6.99444
20
15.82778
30
0
11
14.06944
21
15.82778
31
0
0
LINE
8
E-LITE
10
7.36944
20
14.90278
30
0
11
7.86944
21
14.90278
31
0
0
LINE
8
E-LITE
10
7.86944
20
14.90278
30
0
11
7.86944
21
15.02778
31
0
0
LINE
8
E-LITE
10
7.86944
20
15.02778
30
0
11
7.36944
21
15.02778
31
0
0
LINE
8
E-LITE
10
7.36944
20
15.02778
30
0
11
7.36944
21
14.90278
31
0
0
LINE
8
E-LITE
10
8.36944
20
14.90278
30
0
11
8.86944
21
14.90278
31
0
0
LINE
8
E-LITE
10
8.86944
20
14.90278
30
0
11
8.86944
21
15.02778
31
0
0
LINE
8
E-LITE
10
8.86944
20
15.02778
30
0
11
8.36944
21
15.02778
31
0
0
LINE
8
E-LITE
10
8.36944
20
15.02778
30
0
11
8.36944
21
14.90278
31
0
0
LINE
8
E-LITE
10
9.36944
20
14.90278
30
0
11
9.86944
21
14.90278
31
0
0
LINE
8
E-LITE
10
9.86944
20
14.90278
30
0
11
9.86944
21
15.02778
31
0
0
LINE
8
E-LITE
10
9.86944
20
15.02778
30
0
11
9.36944
21
15.02778
31
0
0
LINE
8
E-LITE
10
9.36944
20
15.02778
30
0
11
9.36944
21
14.90278
31
0
0
LINE
8
E-LITE
10
10.36944
20
14.90278
30
0
11
10.86944
21
14.90278
31
0
0
LINE
8
E-LITE
10
10.86944
20
14.90278
30
0
11
10.86944
21
15.02778
31
0
0
LINE
8
E-LITE
10
10.86944
20
15.02778
30
0
11
10.36944
21
15.02778
31
0
0
LINE
8
E-LITE
10
10.36944
20
15.02778
30
0
11
10.36944
21
14.90278
31
0
0
LINE
8
E-LITE
10
11.36944
20
14.90278
30
0
11
11.86944
21
14.90278
31
0
0
LINE
8
E-LITE
10
11.86944
20
14.90278
30
0
11
11.86944
21
15.02778
31
0
0
LINE
8
E-LITE
10
11.86944
20
15.02778
30
0
11
11.36944
21
15.02778
31
0
0
LINE
8
E-LITE
10
11.36944
20
15.02778
30
0
11
11.36944
21
14.90278
31
0
0
LINE
8
E-LITE
10
12.36944
20
14.90278
30
0
11
12.86944
21
14.90278
31
0
0
LINE
8
E-LITE
10
12.86944
20
14.90278
30
0
11
12.86944
21
15.02778
31
0
0
LINE
8
E-LITE
10
12.86944
20
15.02778
30
0
11
12.36944
21
15.02778
31
0
0
LINE
8
E-LITE
10
12.36944
20
15.02778
30
0
11
12.36944
21
14.90278
31
0
0
LINE
8
E-LITE
10
13.36944
20
14.90278
30
0
11
13.86944
21
14.90278
31
0
0
LINE
8
E-LITE
10
13.86944
20
14.90278
30
0
11
13.86944
21
15.02778
31
0
0
LINE
8
E-LITE
10
13.86944
20
15.02778
30
0
11
13.36944
21
15.02778
31
0
0
LINE
8
E-LITE
10
13.36944
20
15.02778
30
0
11
13.36944
21
14.90278
31
0
0
LINE
8
A-CLNG-GRID
10
7.11944
20
11.32778
30
0
11
7.11944
21
13.10278
31
0
0
LINE
8
A-CLNG-GRID
10
7.61944
20
11.32778
30
0
11
7.61944
21
13.10278
31
0
0
LINE
8
A-CLNG-GRID
10
8.11944
20
11.32778
30
0
11
8.11944
21
13.10278
31
0
0
LINE
8
A-CLNG-GRID
10
8.61944
20
11.32778
30
0
11
8.61944
21
13.10278
31
0
0
LINE
8
A-CLNG-GRID
10
9.11944
20
11.32778
30
0
11
9.11944
21
13.10278
31
0
0
LINE
8
A-CLNG-GRID
10
9.61944
20
11.32778
30
0
11
9.61944
21
13.10278
31
0
0
LINE
8
A-CLNG-GRID
10
10.11944
20
11.32778
30
0
11
10.11944
21
13.10278
31
0
0
LINE
8
A-CLNG-GRID
10
10.61944
20
11.32778
30
0
11
10.61944
21
13.10278
31
0
0
LINE
8
A-CLNG-GRID
10
11.11944
20
11.32778
30
0
11
11.11944
21
13.10278
31
0
0
LINE
8
A-CLNG-GRID
10
11.61944
20
11.32778
30
0
11
11.61944
21
13.10278
31
0
0
LINE
8
A-CLNG-GRID
10
12.11944
20
11.32778
30
0
11
12.11944
21
13.10278
31
0
0
LINE
8
A-CLNG-GRID
10
12.61944
20
11.32778
30
0
11
12.61944
21
13.10278
31
0
0
LINE
8
A-CLNG-GRID
10
13.11944
20
11.32778
30
0
11
13.11944
21
13.10278
31
0
0
LINE
8
A-CLNG-GRID
10
13.61944
20
11.32778
30
0
11
13.61944
21
13.10278
31
0
0
LINE
8
A-CLNG-GRID
10
6.99444
20
11.45278
30
0
11
14.06944
21
11.45278
31
0
0
LINE
8
A-CLNG-GRID
10
6.99444
20
11.70278
30
0
11
14.06944
21
11.70278
31
0
0
LINE
8
A-CLNG-GRID
10
6.99444
20
11.95278
30
0
11
14.06944
21
11.95278
31
0
0
LINE
8
A-CLNG-GRID
10
6.99444
20
12.20278
30
0
11
14.06944
21
12.20278
31
0
0
LINE
8
A-CLNG-GRID
10
6.99444
20
12.45278
30
0
11
14.06944
21
12.45278
31
0
0
LINE
8
A-CLNG-GRID
10
6.99444
20
12.70278
30
0
11
14.06944
21
12.70278
31
0
0
LINE
8
A-CLNG-GRID
10
6.99444
20
12.95278
30
0
11
14.06944
21
12.95278
31
0
0
LINE
8
E-LITE
10
7.36944
20
12.15278
30
0
11
7.86944
21
12.15278
31
0
0
LINE
8
E-LITE
10
7.86944
20
12.15278
30
0
11
7.86944
21
12.27778
31
0
0
LINE
8
E-LITE
10
7.86944
20
12.27778
30
0
11
7.36944
21
12.27778
31
0
0
LINE
8
E-LITE
10
7.36944
20
12.27778
30
0
11
7.36944
21
12.15278
31
0
0
LINE
8
E-LITE
10
8.36944
20
12.15278
30
0
11
8.86944
21
12.15278
31
0
0
LINE
8
E-LITE
10
8.86944
20
12.15278
30
0
11
8.86944
21
12.27778
31
0
0
LINE
8
E-LITE
10
8.86944
20
12.27778
30
0
11
8.36944
21
12.27778
31
0
0
LINE
8
E-LITE
10
8.36944
20
12.27778
30
0
11
8.36944
21
12.15278
31
0
0
LINE
8
E-LITE
10
9.36944
20
12.15278
30
0
11
9.86944
21
12.15278
31
0
0
LINE
8
E-LITE
10
9.86944
20
12.15278
30
0
11
9.86944
21
12.27778
31
0
0
LINE
8
E-LITE
10
9.86944
20
12.27778
30
0
11
9.36944
21
12.27778
31
0
0
LINE
8
E-LITE
10
9.36944
20
12.27778
30
0
11
9.36944
21
12.15278
31
0
0
LINE
8
E-LITE
10
10.36944
20
12.15278
30
0
11
10.86944
21
12.15278
31
0
0
LINE
8
E-LITE
10
10.86944
20
12.15278
30
0
11
10.86944
21
12.27778
31
0
0
LINE
8
E-LITE
10
10.86944
20
12.27778
30
0
11
10.36944
21
12.27778
31
0
0
LINE
8
E-LITE
10
10.36944
20
12.27778
30
0
11
10.36944
21
12.15278
31
0
0
LINE
8
E-LITE
10
11.36944
20
12.15278
30
0
11
11.86944
21
12.15278
31
0
0
LINE
8
E-LITE
10
11.86944
20
12.15278
30
0
11
11.86944
21
12.27778
31
0
0
LINE
8
E-LITE
10
11.86944
20
12.27778
30
0
11
11.36944
21
12.27778
31
0
0
LINE
8
E-LITE
10
11.36944
20
12.27778
30
0
11
11.36944
21
12.15278
31
0
0
LINE
8
E-LITE
10
12.36944
20
12.15278
30
0
11
12.86944
21
12.15278
31
0
0
LINE
8
E-LITE
10
12.86944
20
12.15278
30
0
11
12.86944
21
12.27778
31
0
0
LINE
8
E-LITE
10
12.86944
20
12.27778
30
0
11
12.36944
21
12.27778
31
0
0
LINE
8
E-LITE
10
12.36944
20
12.27778
30
0
11
12.36944
21
12.15278
31
0
0
LINE
8
E-LITE
10
13.36944
20
12.15278
30
0
11
13.86944
21
12.15278
31
0
0
LINE
8
E-LITE
10
13.86944
20
12.15278
30
0
11
13.86944
21
12.27778
31
0
0
LINE
8
E-LITE
10
13.86944
20
12.27778
30
0
11
13.36944
21
12.27778
31
0
0
LINE
8
E-LITE
10
13.36944
20
12.27778
30
0
11
13.36944
21
12.15278
31
0
0
LINE
8
A-CLNG-GRID
10
18.01944
20
13.95278
30
0
11
18.01944
21
19.30278
31
0
0
LINE
8
A-CLNG-GRID
10
18.51944
20
13.95278
30
0
11
18.51944
21
19.30278
31
0
0
LINE
8
A-CLNG-GRID
10
19.01944
20
13.95278
30
0
11
19.01944
21
19.30278
31
0
0
LINE
8
A-CLNG-GRID
10
19.51944
20
13.95278
30
0
11
19.51944
21
19.30278
31
0
0
LINE
8
A-CLNG-GRID
10
20.01944
20
13.95278
30
0
11
20.01944
21
19.30278
31
0
0
LINE
8
A-CLNG-GRID
10
20.51944
20
13.95278
30
0
11
20.51944
21
19.30278
31
0
0
LINE
8
A-CLNG-GRID
10
21.01944
20
13.95278
30
0
11
21.01944
21
19.30278
31
0
0
LINE
8
A-CLNG-GRID
10
21.51944
20
13.95278
30
0
11
21.51944
21
19.30278
31
0
0
LINE
8
A-CLNG-GRID
10
17.89444
20
14.07778
30
0
11
21.56944
21
14.07778
31
0
0
LINE
8
A-CLNG-GRID
10
17.89444
20
14.32778
30
0
11
21.56944
21
14.32778
31
0
0
LINE
8
A-CLNG-GRID
10
17.89444
20
14.57778
30
0
11
21.56944
21
14.57778
31
0
0
LINE
8
A-CLNG-GRID
10
17.89444
20
14.82778
30
0
11
21.56944
21
14.82778
31
0
0
LINE
8
A-CLNG-GRID
10
17.89444
20
15.07778
30
0
11
21.56944
21
15.07778
31
0
0
LINE
8
A-CLNG-GRID
10
17.89444
20
15.32778
30
0
11
21.56944
21
15.32778
31
0
0
LINE
8
A-CLNG-GRID
10
17.89444
20
15.57778
30
0
11
21.56944
21
15.57778
31
0
0
LINE
8
A-CLNG-GRID
10
17.89444
20
15.82778
30
0
11
21.56944
21
15.82778
31
0
0
LINE
8
A-CLNG-GRID
10
17.89444
20
16.07778
30
0
11
21.56944
21
16.07778
31
0
0
LINE
8
A-CLNG-GRID
10
17.89444
20
16.32778
30
0
11
21.56944
21
16.32778
31
0
0
LINE
8
A-CLNG-GRID
10
17.89444
20
16.57778
30
0
11
21.56944
21
16.57778
31
0
0
LINE
8
A-CLNG-GRID
10
17.89444
20
16.82778
30
0
11
21.56944
21
16.82778
31
0
0
LINE
8
A-CLNG-GRID
10
17.89444
20
17.07778
30
0
11
21.56944
21
17.07778
31
0
0
LINE
8
A-CLNG-GRID
10
17.89444
20
17.32778
30
0
11
21.56944
21
17.32778
31
0
0
LINE
8
A-CLNG-GRID
10
17.89444
20
17.57778
30
0
11
21.56944
21
17.57778
31
0
0
LINE
8
A-CLNG-GRID
10
17.89444
20
17.82778
30
0
11
21.56944
21
17.82778
31
0
0
LINE
8
A-CLNG-GRID
10
17.89444
20
18.07778
30
0
11
21.56944
21
18.07778
31
0
0
LINE
8
A-CLNG-GRID
10
17.89444
20
18.32778
30
0
11
21.56944
21
18.32778
31
0
0
LINE
8
A-CLNG-GRID
10
17.89444
20
18.57778
30
0
11
21.56944
21
18.57778
31
0
0
LINE
8
A-CLNG-GRID
10
17.89444
20
18.82778
30
0
11
21.56944
21
18.82778
31
0
0
LINE
8
A-CLNG-GRID
10
17.89444
20
19.07778
30
0
11
21.56944
21
19.07778
31
0
0
LINE
8
E-LITE
10
18.26944
20
16.56528
30
0
11
18.76944
21
16.56528
31
0
0
LINE
8
E-LITE
10
18.76944
20
16.56528
30
0
11
18.76944
21
16.69028
31
0
0
LINE
8
E-LITE
10
18.76944
20
16.69028
30
0
11
18.26944
21
16.69028
31
0
0
LINE
8
E-LITE
10
18.26944
20
16.69028
30
0
11
18.26944
21
16.56528
31
0
0
LINE
8
E-LITE
10
19.26944
20
16.56528
30
0
11
19.76944
21
16.56528
31
0
0
LINE
8
E-LITE
10
19.76944
20
16.56528
30
0
11
19.76944
21
16.69028
31
0
0
LINE
8
E-LITE
10
19.76944
20
16.69028
30
0
11
19.26944
21
16.69028
31
0
0
LINE
8
E-LITE
10
19.26944
20
16.69028
30
0
11
19.26944
21
16.56528
31
0
0
LINE
8
E-LITE
10
20.26944
20
16.56528
30
0
11
20.76944
21
16.56528
31
0
0
LINE
8
E-LITE
10
20.76944
20
16.56528
30
0
11
20.76944
21
16.69028
31
0
0
LINE
8
E-LITE
10
20.76944
20
16.69028
30
0
11
20.26944
21
16.69028
31
0
0
LINE
8
E-LITE
10
20.26944
20
16.69028
30
0
11
20.26944
21
16.56528
31
0
0
LINE
8
A-CLNG-GRID
10
14.26944
20
7.77778
30
0
11
14.26944
21
10.22778
31
0
0
LINE
8
A-CLNG-GRID
10
14.76944
20
7.77778
30
0
11
14.76944
21
10.22778
31
0
0
LINE
8
A-CLNG-GRID
10
15.26944
20
7.77778
30
0
11
15.26944
21
10.22778
31
0
0
LINE
8
A-CLNG-GRID
10
15.76944
20
7.77778
30
0
11
15.76944
21
10.22778
31
0
0
LINE
8
A-CLNG-GRID
10
16.26944
20
7.77778
30
0
11
16.26944
21
10.22778
31
0
0
LINE
8
A-CLNG-GRID
10
16.76944
20
7.77778
30
0
11
16.76944
21
10.22778
31
0
0
LINE
8
A-CLNG-GRID
10
17.26944
20
7.77778
30
0
11
17.26944
21
10.22778
31
0
0
LINE
8
A-CLNG-GRID
10
17.76944
20
7.77778
30
0
11
17.76944
21
10.22778
31
0
0
LINE
8
A-CLNG-GRID
10
18.26944
20
7.77778
30
0
11
18.26944
21
10.22778
31
0
0
LINE
8
A-CLNG-GRID
10
18.76944
20
7.77778
30
0
11
18.76944
21
10.22778
31
0
0
LINE
8
A-CLNG-GRID
10
19.26944
20
7.77778
30
0
11
19.26944
21
10.22778
31
0
0
LINE
8
A-CLNG-GRID
10
19.76944
20
7.77778
30
0
11
19.76944
21
10.22778
31
0
0
LINE
8
A-CLNG-GRID
10
20.26944
20
7.77778
30
0
11
20.26944
21
10.22778
31
0
0
LINE
8
A-CLNG-GRID
10
20.76944
20
7.77778
30
0
11
20.76944
21
10.22778
31
0
0
LINE
8
A-CLNG-GRID
10
21.26944
20
7.77778
30
0
11
21.26944
21
10.22778
31
0
0
LINE
8
A-CLNG-GRID
10
14.14444
20
7.90278
30
0
11
21.56944
21
7.90278
31
0
0
LINE
8
A-CLNG-GRID
10
14.14444
20
8.15278
30
0
11
21.56944
21
8.15278
31
0
0
LINE
8
A-CLNG-GRID
10
14.14444
20
8.40278
30
0
11
21.56944
21
8.40278
31
0
0
LINE
8
A-CLNG-GRID
10
14.14444
20
8.65278
30
0
11
21.56944
21
8.65278
31
0
0
LINE
8
A-CLNG-GRID
10
14.14444
20
8.90278
30
0
11
21.56944
21
8.90278
31
0
0
LINE
8
A-CLNG-GRID
10
14.14444
20
9.15278
30
0
11
21.56944
21
9.15278
31
0
0
LINE
8
A-CLNG-GRID
10
14.14444
20
9.40278
30
0
11
21.56944
21
9.40278
31
0
0
LINE
8
A-CLNG-GRID
10
14.14444
20
9.65278
30
0
11
21.56944
21
9.65278
31
0
0
LINE
8
A-CLNG-GRID
10
14.14444
20
9.90278
30
0
11
21.56944
21
9.90278
31
0
0
LINE
8
A-CLNG-GRID
10
14.14444
20
10.15278
30
0
11
21.56944
21
10.15278
31
0
0
LINE
8
E-LITE
10
14.51944
20
8.94028
30
0
11
15.01944
21
8.94028
31
0
0
LINE
8
E-LITE
10
15.01944
20
8.94028
30
0
11
15.01944
21
9.06528
31
0
0
LINE
8
E-LITE
10
15.01944
20
9.06528
30
0
11
14.51944
21
9.06528
31
0
0
LINE
8
E-LITE
10
14.51944
20
9.06528
30
0
11
14.51944
21
8.94028
31
0
0
LINE
8
E-LITE
10
15.51944
20
8.94028
30
0
11
16.01944
21
8.94028
31
0
0
LINE
8
E-LITE
10
16.01944
20
8.94028
30
0
11
16.01944
21
9.06528
31
0
0
LINE
8
E-LITE
10
16.01944
20
9.06528
30
0
11
15.51944
21
9.06528
31
0
0
LINE
8
E-LITE
10
15.51944
20
9.06528
30
0
11
15.51944
21
8.94028
31
0
0
LINE
8
E-LITE
10
16.51944
20
8.94028
30
0
11
17.01944
21
8.94028
31
0
0
LINE
8
E-LITE
10
17.01944
20
8.94028
30
0
11
17.01944
21
9.06528
31
0
0
LINE
8
E-LITE
10
17.01944
20
9.06528
30
0
11
16.51944
21
9.06528
31
0
0
LINE
8
E-LITE
10
16.51944
20
9.06528
30
0
11
16.51944
21
8.94028
31
0
0
LINE
8
E-LITE
10
17.51944
20
8.94028
30
0
11
18.01944
21
8.94028
31
0
0
LINE
8
E-LITE
10
18.01944
20
8.94028
30
0
11
18.01944
21
9.06528
31
0
0
LINE
8
E-LITE
10
18.01944
20
9.06528
30
0
11
17.51944
21
9.06528
31
0
0
LINE
8
E-LITE
10
17.51944
20
9.06528
30
0
11
17.51944
21
8.94028
31
0
0
LINE
8
E-LITE
10
18.51944
20
8.94028
30
0
11
19.01944
21
8.94028
31
0
0
LINE
8
E-LITE
10
19.01944
20
8.94028
30
0
11
19.01944
21
9.06528
31
0
0
LINE
8
E-LITE
10
19.01944
20
9.06528
30
0
11
18.51944
21
9.06528
31
0
0
LINE
8
E-LITE
10
18.51944
20
9.06528
30
0
11
18.51944
21
8.94028
31
0
0
LINE
8
E-LITE
10
19.51944
20
8.94028
30
0
11
20.01944
21
8.94028
31
0
0
LINE
8
E-LITE
10
20.01944
20
8.94028
30
0
11
20.01944
21
9.06528
31
0
0
LINE
8
E-LITE
10
20.01944
20
9.06528
30
0
11
19.51944
21
9.06528
31
0
0
LINE
8
E-LITE
10
19.51944
20
9.06528
30
0
11
19.51944
21
8.94028
31
0
0
LINE
8
E-LITE
10
20.51944
20
8.94028
30
0
11
21.01944
21
8.94028
31
0
0
LINE
8
E-LITE
10
21.01944
20
8.94028
30
0
11
21.01944
21
9.06528
31
0
0
LINE
8
E-LITE
10
21.01944
20
9.06528
30
0
11
20.51944
21
9.06528
31
0
0
LINE
8
E-LITE
10
20.51944
20
9.06528
30
0
11
20.51944
21
8.94028
31
0
0
LINE
8
A-CLNG-SOFF
10
3.11111
20
14.77778
30
0
11
6.94444
21
14.77778
31
0
0
LINE
8
A-CLNG-SOFF
10
6.94444
20
14.77778
30
0
11
6.94444
21
15.77778
31
0
0
LINE
8
A-CLNG-SOFF
10
6.94444
20
15.77778
30
0
11
3.11111
21
15.77778
31
0
0
LINE
8
A-CLNG-SOFF
10
3.11111
20
15.77778
30
0
11
3.11111
21
14.77778
31
0
0
LINE
8
A-CLNG-SOFF
10
3.19444
20
14.86111
30
0
11
6.86111
21
14.86111
31
0
0
LINE
8
A-CLNG-SOFF
10
6.86111
20
14.86111
30
0
11
6.86111
21
15.69444
31
0
0
LINE
8
A-CLNG-SOFF
10
6.86111
20
15.69444
30
0
11
3.19444
21
15.69444
31
0
0
LINE
8
A-CLNG-SOFF
10
3.19444
20
15.69444
30
0
11
3.19444
21
14.86111
31
0
0
TEXT
8
A-ANNO-TEXT
10
5.02778
20
15.90278
30
0
40
0.06
1
GYP SOFFIT @ 9'-0" A.F.F.
50
0
72
1
11
5.02778
21
15.90278
31
0
0
LINE
8
A-CLNG-SOFF
10
6.94444
20
13.15278
30
0
11
26.44444
21
13.15278
31
0
0
LINE
8
A-CLNG-SOFF
10
26.44444
20
13.15278
30
0
11
26.44444
21
13.90278
31
0
0
LINE
8
A-CLNG-SOFF
10
26.44444
20
13.90278
30
0
11
6.94444
21
13.90278
31
0
0
LINE
8
A-CLNG-SOFF
10
6.94444
20
13.90278
30
0
11
6.94444
21
13.15278
31
0
0
LINE
8
A-CLNG-SOFF
10
7.02778
20
13.23611
30
0
11
26.36111
21
13.23611
31
0
0
LINE
8
A-CLNG-SOFF
10
26.36111
20
13.23611
30
0
11
26.36111
21
13.81944
31
0
0
LINE
8
A-CLNG-SOFF
10
26.36111
20
13.81944
30
0
11
7.02778
21
13.81944
31
0
0
LINE
8
A-CLNG-SOFF
10
7.02778
20
13.81944
30
0
11
7.02778
21
13.23611
31
0
0
TEXT
8
A-ANNO-TEXT
10
16.69444
20
14.02778
30
0
40
0.06
1
GYP SOFFIT @ 9'-0" A.F.F.
50
0
72
1
11
16.69444
21
14.02778
31
0
0
TEXT
8
A-ANNO-TEXT
10
5.06944
20
10.90278
30
0
40
0.06
1
GYP 12'-0"
50
0
72
1
11
5.06944
21
10.90278
31
0
0
TEXT
8
A-ANNO-TEXT
10
5.69444
20
17.27778
30
0
40
0.06
1
ACT 9'-0"
50
0
72
1
11
5.69444
21
17.27778
31
0
0
TEXT
8
A-ANNO-TEXT
10
5.06944
20
14.02778
30
0
40
0.06
1
ACT 10'-0"
50
0
72
1
11
5.06944
21
14.02778
31
0
0
TEXT
8
A-ANNO-TEXT
10
7.56944
20
15.02778
30
0
40
0.06
1
ACT 10'-0"
50
0
72
1
11
7.56944
21
15.02778
31
0
0
TEXT
8
A-ANNO-TEXT
10
8.81944
20
15.02778
30
0
40
0.06
1
ACT 10'-0"
50
0
72
1
11
8.81944
21
15.02778
31
0
0
TEXT
8
A-ANNO-TEXT
10
10.06944
20
15.02778
30
0
40
0.06
1
ACT 10'-0"
50
0
72
1
11
10.06944
21
15.02778
31
0
0
TEXT
8
A-ANNO-TEXT
10
11.31944
20
15.02778
30
0
40
0.06
1
ACT 10'-0"
50
0
72
1
11
11.31944
21
15.02778
31
0
0
TEXT
8
A-ANNO-TEXT
10
12.56944
20
15.02778
30
0
40
0.06
1
ACT 10'-0"
50
0
72
1
11
12.56944
21
15.02778
31
0
0
TEXT
8
A-ANNO-TEXT
10
16.19444
20
14.21528
30
0
40
0.06
1
ACT 10'-0"
50
0
72
1
11
16.19444
21
14.21528
31
0
0
TEXT
8
A-ANNO-TEXT
10
19.69444
20
18.02778
30
0
40
0.06
1
ACT 10'-0"
50
0
72
1
11
19.69444
21
18.02778
31
0
0
TEXT
8
A-ANNO-TEXT
10
22.69444
20
15.27778
30
0
40
0.06
1
GYP 10'-0"
50
0
72
1
11
22.69444
21
15.27778
31
0
0
TEXT
8
A-ANNO-TEXT
10
24.56944
20
15.27778
30
0
40
0.06
1
ACT 10'-0"
50
0
72
1
11
24.56944
21
15.27778
31
0
0
TEXT
8
A-ANNO-TEXT
10
7.56944
20
12.15278
30
0
40
0.06
1
ACT 10'-0"
50
0
72
1
11
7.56944
21
12.15278
31
0
0
TEXT
8
A-ANNO-TEXT
10
8.81944
20
12.15278
30
0
40
0.06
1
ACT 10'-0"
50
0
72
1
11
8.81944
21
12.15278
31
0
0
TEXT
8
A-ANNO-TEXT
10
10.06944
20
12.15278
30
0
40
0.06
1
ACT 10'-0"
50
0
72
1
11
10.06944
21
12.15278
31
0
0
TEXT
8
A-ANNO-TEXT
10
11.31944
20
12.15278
30
0
40
0.06
1
ACT 10'-0"
50
0
72
1
11
11.31944
21
12.15278
31
0
0
TEXT
8
A-ANNO-TEXT
10
12.56944
20
12.15278
30
0
40
0.06
1
ACT 10'-0"
50
0
72
1
11
12.56944
21
12.15278
31
0
0
TEXT
8
A-ANNO-TEXT
10
15.69444
20
11.52778
30
0
40
0.06
1
ACT 10'-0"
50
0
72
1
11
15.69444
21
11.52778
31
0
0
TEXT
8
A-ANNO-TEXT
10
25.06944
20
11.52778
30
0
40
0.06
1
GYP 9'-0"
50
0
72
1
11
25.06944
21
11.52778
31
0
0
TEXT
8
A-ANNO-TEXT
10
27.81944
20
11.52778
30
0
40
0.06
1
GYP 9'-0"
50
0
72
1
11
27.81944
21
11.52778
31
0
0
TEXT
8
A-ANNO-TEXT
10
27.81944
20
8.27778
30
0
40
0.06
1
ACT 9'-0"
50
0
72
1
11
27.81944
21
8.27778
31
0
0
TEXT
8
A-ANNO-TEXT
10
18.19444
20
13.52778
30
0
40
0.06
1
ACT 9'-0"
50
0
72
1
11
18.19444
21
13.52778
31
0
0
LINE
8
A-ANNO-DIMS
10
3.19444
20
6.44403
30
0
11
6.94444
21
6.44403
31
0
0
LINE
8
A-ANNO-DIMS
10
3.19444
20
7.66625
30
0
11
3.19444
21
6.40236
31
0
0
LINE
8
A-ANNO-DIMS
10
3.16989
20
6.41948
30
0
11
3.219
21
6.46858
31
0
0
LINE
8
A-ANNO-DIMS
10
6.94444
20
7.66625
30
0
11
6.94444
21
6.40236
31
0
0
LINE
8
A-ANNO-DIMS
10
6.91989
20
6.41948
30
0
11
6.969
21
6.46858
31
0
0
TEXT
8
A-ANNO-DIMS
10
5.06944
20
6.47181
30
0
40
0.0675
1
30'-0"
50
0
72
1
11
5.06944
21
6.47181
31
0
0
LINE
8
A-ANNO-DIMS
10
6.94444
20
6.44403
30
0
11
10.69444
21
6.44403
31
0
0
LINE
8
A-ANNO-DIMS
10
6.94444
20
7.66625
30
0
11
6.94444
21
6.40236
31
0
0
LINE
8
A-ANNO-DIMS
10
6.91989
20
6.41948
30
0
11
6.969
21
6.46858
31
0
0
LINE
8
A-ANNO-DIMS
10
10.69444
20
7.66625
30
0
11
10.69444
21
6.40236
31
0
0
LINE
8
A-ANNO-DIMS
10
10.66989
20
6.41948
30
0
11
10.719
21
6.46858
31
0
0
TEXT
8
A-ANNO-DIMS
10
8.81944
20
6.47181
30
0
40
0.0675
1
30'-0"
50
0
72
1
11
8.81944
21
6.47181
31
0
0
LINE
8
A-ANNO-DIMS
10
10.69444
20
6.44403
30
0
11
14.11111
21
6.44403
31
0
0
LINE
8
A-ANNO-DIMS
10
10.69444
20
7.66625
30
0
11
10.69444
21
6.40236
31
0
0
LINE
8
A-ANNO-DIMS
10
10.66989
20
6.41948
30
0
11
10.719
21
6.46858
31
0
0
LINE
8
A-ANNO-DIMS
10
14.11111
20
7.66625
30
0
11
14.11111
21
6.40236
31
0
0
LINE
8
A-ANNO-DIMS
10
14.08656
20
6.41948
30
0
11
14.13566
21
6.46858
31
0
0
TEXT
8
A-ANNO-DIMS
10
12.40278
20
6.47181
30
0
40
0.0675
1
27'-4"
50
0
72
1
11
12.40278
21
6.47181
31
0
0
LINE
8
A-ANNO-DIMS
10
14.11111
20
6.44403
30
0
11
17.86111
21
6.44403
31
0
0
LINE
8
A-ANNO-DIMS
10
14.11111
20
7.66625
30
0
11
14.11111
21
6.40236
31
0
0
LINE
8
A-ANNO-DIMS
10
14.08656
20
6.41948
30
0
11
14.13566
21
6.46858
31
0
0
LINE
8
A-ANNO-DIMS
10
17.86111
20
7.66625
30
0
11
17.86111
21
6.40236
31
0
0
LINE
8
A-ANNO-DIMS
10
17.83656
20
6.41948
30
0
11
17.88566
21
6.46858
31
0
0
TEXT
8
A-ANNO-DIMS
10
15.98611
20
6.47181
30
0
40
0.0675
1
30'-0"
50
0
72
1
11
15.98611
21
6.47181
31
0
0
LINE
8
A-ANNO-DIMS
10
17.86111
20
6.44403
30
0
11
21.61111
21
6.44403
31
0
0
LINE
8
A-ANNO-DIMS
10
17.86111
20
7.66625
30
0
11
17.86111
21
6.40236
31
0
0
LINE
8
A-ANNO-DIMS
10
17.83656
20
6.41948
30
0
11
17.88566
21
6.46858
31
0
0
LINE
8
A-ANNO-DIMS
10
21.61111
20
7.66625
30
0
11
21.61111
21
6.40236
31
0
0
LINE
8
A-ANNO-DIMS
10
21.58656
20
6.41948
30
0
11
21.63566
21
6.46858
31
0
0
TEXT
8
A-ANNO-DIMS
10
19.73611
20
6.47181
30
0
40
0.0675
1
30'-0"
50
0
72
1
11
19.73611
21
6.47181
31
0
0
LINE
8
A-ANNO-DIMS
10
21.61111
20
6.44403
30
0
11
25.36111
21
6.44403
31
0
0
LINE
8
A-ANNO-DIMS
10
21.61111
20
7.66625
30
0
11
21.61111
21
6.40236
31
0
0
LINE
8
A-ANNO-DIMS
10
21.58656
20
6.41948
30
0
11
21.63566
21
6.46858
31
0
0
LINE
8
A-ANNO-DIMS
10
25.36111
20
7.66625
30
0
11
25.36111
21
6.40236
31
0
0
LINE
8
A-ANNO-DIMS
10
25.33656
20
6.41948
30
0
11
25.38566
21
6.46858
31
0
0
TEXT
8
A-ANNO-DIMS
10
23.48611
20
6.47181
30
0
40
0.0675
1
30'-0"
50
0
72
1
11
23.48611
21
6.47181
31
0
0
LINE
8
A-ANNO-DIMS
10
25.36111
20
6.44403
30
0
11
29.11111
21
6.44403
31
0
0
LINE
8
A-ANNO-DIMS
10
25.36111
20
7.66625
30
0
11
25.36111
21
6.40236
31
0
0
LINE
8
A-ANNO-DIMS
10
25.33656
20
6.41948
30
0
11
25.38566
21
6.46858
31
0
0
LINE
8
A-ANNO-DIMS
10
29.11111
20
7.66625
30
0
11
29.11111
21
6.40236
31
0
0
LINE
8
A-ANNO-DIMS
10
29.08656
20
6.41948
30
0
11
29.13566
21
6.46858
31
0
0
TEXT
8
A-ANNO-DIMS
10
27.23611
20
6.47181
30
0
40
0.0675
1
30'-0"
50
0
72
1
11
27.23611
21
6.47181
31
0
0
LINE
8
A-ANNO-DIMS
10
3.19444
20
5.69403
30
0
11
29.11111
21
5.69403
31
0
0
LINE
8
A-ANNO-DIMS
10
3.19444
20
7.66625
30
0
11
3.19444
21
5.65236
31
0
0
LINE
8
A-ANNO-DIMS
10
3.16989
20
5.66948
30
0
11
3.219
21
5.71858
31
0
0
LINE
8
A-ANNO-DIMS
10
29.11111
20
7.66625
30
0
11
29.11111
21
5.65236
31
0
0
LINE
8
A-ANNO-DIMS
10
29.08656
20
5.66948
30
0
11
29.13566
21
5.71858
31
0
0
TEXT
8
A-ANNO-DIMS
10
16.15278
20
5.72181
30
0
40
0.0675
1
207'-4"
50
0
72
1
11
16.15278
21
5.72181
31
0
0
LINE
8
A-ANNO-DIMS
10
1.86069
20
7.77778
30
0
11
1.86069
21
11.52778
31
0
0
LINE
8
A-ANNO-DIMS
10
3.08292
20
7.77778
30
0
11
1.81903
21
7.77778
31
0
0
LINE
8
A-ANNO-DIMS
10
1.88525
20
7.75323
30
0
11
1.83614
21
7.80233
31
0
0
LINE
8
A-ANNO-DIMS
10
3.08292
20
11.52778
30
0
11
1.81903
21
11.52778
31
0
0
LINE
8
A-ANNO-DIMS
10
1.88525
20
11.50323
30
0
11
1.83614
21
11.55233
31
0
0
TEXT
8
A-ANNO-DIMS
10
1.83292
20
9.65278
30
0
40
0.0675
1
30'-0"
50
90
72
1
11
1.83292
21
9.65278
31
0
0
LINE
8
A-ANNO-DIMS
10
1.86069
20
11.52778
30
0
11
1.86069
21
15.27778
31
0
0
LINE
8
A-ANNO-DIMS
10
3.08292
20
11.52778
30
0
11
1.81903
21
11.52778
31
0
0
LINE
8
A-ANNO-DIMS
10
1.88525
20
11.50323
30
0
11
1.83614
21
11.55233
31
0
0
LINE
8
A-ANNO-DIMS
10
3.08292
20
15.27778
30
0
11
1.81903
21
15.27778
31
0
0
LINE
8
A-ANNO-DIMS
10
1.88525
20
15.25323
30
0
11
1.83614
21
15.30233
31
0
0
TEXT
8
A-ANNO-DIMS
10
1.83292
20
13.40278
30
0
40
0.0675
1
30'-0"
50
90
72
1
11
1.83292
21
13.40278
31
0
0
LINE
8
A-ANNO-DIMS
10
1.86069
20
15.27778
30
0
11
1.86069
21
19.27778
31
0
0
LINE
8
A-ANNO-DIMS
10
3.08292
20
15.27778
30
0
11
1.81903
21
15.27778
31
0
0
LINE
8
A-ANNO-DIMS
10
1.88525
20
15.25323
30
0
11
1.83614
21
15.30233
31
0
0
LINE
8
A-ANNO-DIMS
10
3.08292
20
19.27778
30
0
11
1.81903
21
19.27778
31
0
0
LINE
8
A-ANNO-DIMS
10
1.88525
20
19.25323
30
0
11
1.83614
21
19.30233
31
0
0
TEXT
8
A-ANNO-DIMS
10
1.83292
20
17.27778
30
0
40
0.0675
1
32'-0"
50
90
72
1
11
1.83292
21
17.27778
31
0
0
LINE
8
A-ANNO-DIMS
10
1.11069
20
7.77778
30
0
11
1.11069
21
19.27778
31
0
0
LINE
8
A-ANNO-DIMS
10
3.08292
20
7.77778
30
0
11
1.06903
21
7.77778
31
0
0
LINE
8
A-ANNO-DIMS
10
1.13525
20
7.75323
30
0
11
1.08614
21
7.80233
31
0
0
LINE
8
A-ANNO-DIMS
10
3.08292
20
19.27778
30
0
11
1.06903
21
19.27778
31
0
0
LINE
8
A-ANNO-DIMS
10
1.13525
20
19.25323
30
0
11
1.08614
21
19.30233
31
0
0
TEXT
8
A-ANNO-DIMS
10
1.08292
20
13.52778
30
0
40
0.0675
1
92'-0"
50
90
72
1
11
1.08292
21
13.52778
31
0
0
LINE
8
A-ANNO-DIMS
10
3.19444
20
20.36153
30
0
11
5.69444
21
20.36153
31
0
0
LINE
8
A-ANNO-DIMS
10
3.19444
20
19.38931
30
0
11
3.19444
21
20.40319
31
0
0
LINE
8
A-ANNO-DIMS
10
3.16989
20
20.33698
30
0
11
3.219
21
20.38608
31
0
0
LINE
8
A-ANNO-DIMS
10
5.69444
20
19.38931
30
0
11
5.69444
21
20.40319
31
0
0
LINE
8
A-ANNO-DIMS
10
5.66989
20
20.33698
30
0
11
5.719
21
20.38608
31
0
0
TEXT
8
A-ANNO-DIMS
10
4.44444
20
20.38931
30
0
40
0.0675
1
20'-0"
50
0
72
1
11
4.44444
21
20.38931
31
0
0
LINE
8
A-ANNO-DIMS
10
5.69444
20
20.36153
30
0
11
8.19444
21
20.36153
31
0
0
LINE
8
A-ANNO-DIMS
10
5.69444
20
19.38931
30
0
11
5.69444
21
20.40319
31
0
0
LINE
8
A-ANNO-DIMS
10
5.66989
20
20.33698
30
0
11
5.719
21
20.38608
31
0
0
LINE
8
A-ANNO-DIMS
10
8.19444
20
19.38931
30
0
11
8.19444
21
20.40319
31
0
0
LINE
8
A-ANNO-DIMS
10
8.16989
20
20.33698
30
0
11
8.219
21
20.38608
31
0
0
TEXT
8
A-ANNO-DIMS
10
6.94444
20
20.38931
30
0
40
0.0675
1
20'-0"
50
0
72
1
11
6.94444
21
20.38931
31
0
0
LINE
8
A-ANNO-DIMS
10
8.19444
20
20.36153
30
0
11
13.19444
21
20.36153
31
0
0
LINE
8
A-ANNO-DIMS
10
8.19444
20
19.38931
30
0
11
8.19444
21
20.40319
31
0
0
LINE
8
A-ANNO-DIMS
10
8.16989
20
20.33698
30
0
11
8.219
21
20.38608
31
0
0
LINE
8
A-ANNO-DIMS
10
13.19444
20
19.38931
30
0
11
13.19444
21
20.40319
31
0
0
LINE
8
A-ANNO-DIMS
10
13.16989
20
20.33698
30
0
11
13.219
21
20.38608
31
0
0
TEXT
8
A-ANNO-DIMS
10
10.69444
20
20.38931
30
0
40
0.0675
1
40'-0"
50
0
72
1
11
10.69444
21
20.38931
31
0
0
LINE
8
A-ANNO-DIMS
10
13.19444
20
20.36153
30
0
11
15.69444
21
20.36153
31
0
0
LINE
8
A-ANNO-DIMS
10
13.19444
20
19.38931
30
0
11
13.19444
21
20.40319
31
0
0
LINE
8
A-ANNO-DIMS
10
13.16989
20
20.33698
30
0
11
13.219
21
20.38608
31
0
0
LINE
8
A-ANNO-DIMS
10
15.69444
20
19.38931
30
0
11
15.69444
21
20.40319
31
0
0
LINE
8
A-ANNO-DIMS
10
15.66989
20
20.33698
30
0
11
15.719
21
20.38608
31
0
0
TEXT
8
A-ANNO-DIMS
10
14.44444
20
20.38931
30
0
40
0.0675
1
20'-0"
50
0
72
1
11
14.44444
21
20.38931
31
0
0
LINE
8
A-ANNO-DIMS
10
15.69444
20
20.36153
30
0
11
19.44444
21
20.36153
31
0
0
LINE
8
A-ANNO-DIMS
10
15.69444
20
19.38931
30
0
11
15.69444
21
20.40319
31
0
0
LINE
8
A-ANNO-DIMS
10
15.66989
20
20.33698
30
0
11
15.719
21
20.38608
31
0
0
LINE
8
A-ANNO-DIMS
10
19.44444
20
19.38931
30
0
11
19.44444
21
20.40319
31
0
0
LINE
8
A-ANNO-DIMS
10
19.41989
20
20.33698
30
0
11
19.469
21
20.38608
31
0
0
TEXT
8
A-ANNO-DIMS
10
17.56944
20
20.38931
30
0
40
0.0675
1
30'-0"
50
0
72
1
11
17.56944
21
20.38931
31
0
0
LINE
8
A-ANNO-DIMS
10
19.44444
20
20.36153
30
0
11
22.94444
21
20.36153
31
0
0
LINE
8
A-ANNO-DIMS
10
19.44444
20
19.38931
30
0
11
19.44444
21
20.40319
31
0
0
LINE
8
A-ANNO-DIMS
10
19.41989
20
20.33698
30
0
11
19.469
21
20.38608
31
0
0
LINE
8
A-ANNO-DIMS
10
22.94444
20
19.38931
30
0
11
22.94444
21
20.40319
31
0
0
LINE
8
A-ANNO-DIMS
10
22.91989
20
20.33698
30
0
11
22.969
21
20.38608
31
0
0
TEXT
8
A-ANNO-DIMS
10
21.19444
20
20.38931
30
0
40
0.0675
1
28'-0"
50
0
72
1
11
21.19444
21
20.38931
31
0
0
LINE
8
A-ANNO-DIMS
10
6.94444
20
14.52778
30
0
11
8.19444
21
14.52778
31
0
0
LINE
8
A-ANNO-DIMS
10
6.94444
20
14.55556
30
0
11
6.94444
21
14.56944
31
0
0
LINE
8
A-ANNO-DIMS
10
6.91989
20
14.50323
30
0
11
6.969
21
14.55233
31
0
0
LINE
8
A-ANNO-DIMS
10
8.19444
20
14.55556
30
0
11
8.19444
21
14.56944
31
0
0
LINE
8
A-ANNO-DIMS
10
8.16989
20
14.50323
30
0
11
8.219
21
14.55233
31
0
0
TEXT
8
A-ANNO-DIMS
10
7.56944
20
14.55556
30
0
40
0.0675
1
10'-0"
50
0
72
1
11
7.56944
21
14.55556
31
0
0
LINE
8
A-ANNO-DIMS
10
8.19444
20
14.52778
30
0
11
9.44444
21
14.52778
31
0
0
LINE
8
A-ANNO-DIMS
10
8.19444
20
14.55556
30
0
11
8.19444
21
14.56944
31
0
0
LINE
8
A-ANNO-DIMS
10
8.16989
20
14.50323
30
0
11
8.219
21
14.55233
31
0
0
LINE
8
A-ANNO-DIMS
10
9.44444
20
14.55556
30
0
11
9.44444
21
14.56944
31
0
0
LINE
8
A-ANNO-DIMS
10
9.41989
20
14.50323
30
0
11
9.469
21
14.55233
31
0
0
TEXT
8
A-ANNO-DIMS
10
8.81944
20
14.55556
30
0
40
0.0675
1
10'-0"
50
0
72
1
11
8.81944
21
14.55556
31
0
0
LINE
8
A-ANNO-DIMS
10
9.44444
20
14.52778
30
0
11
10.69444
21
14.52778
31
0
0
LINE
8
A-ANNO-DIMS
10
9.44444
20
14.55556
30
0
11
9.44444
21
14.56944
31
0
0
LINE
8
A-ANNO-DIMS
10
9.41989
20
14.50323
30
0
11
9.469
21
14.55233
31
0
0
LINE
8
A-ANNO-DIMS
10
10.69444
20
14.55556
30
0
11
10.69444
21
14.56944
31
0
0
LINE
8
A-ANNO-DIMS
10
10.66989
20
14.50323
30
0
11
10.719
21
14.55233
31
0
0
TEXT
8
A-ANNO-DIMS
10
10.06944
20
14.55556
30
0
40
0.0675
1
10'-0"
50
0
72
1
11
10.06944
21
14.55556
31
0
0
LINE
8
A-ANNO-DIMS
10
10.69444
20
14.52778
30
0
11
11.94444
21
14.52778
31
0
0
LINE
8
A-ANNO-DIMS
10
10.69444
20
14.55556
30
0
11
10.69444
21
14.56944
31
0
0
LINE
8
A-ANNO-DIMS
10
10.66989
20
14.50323
30
0
11
10.719
21
14.55233
31
0
0
LINE
8
A-ANNO-DIMS
10
11.94444
20
14.55556
30
0
11
11.94444
21
14.56944
31
0
0
LINE
8
A-ANNO-DIMS
10
11.91989
20
14.50323
30
0
11
11.969
21
14.55233
31
0
0
TEXT
8
A-ANNO-DIMS
10
11.31944
20
14.55556
30
0
40
0.0675
1
10'-0"
50
0
72
1
11
11.31944
21
14.55556
31
0
0
LINE
8
A-ANNO-DIMS
10
11.94444
20
14.52778
30
0
11
13.19444
21
14.52778
31
0
0
LINE
8
A-ANNO-DIMS
10
11.94444
20
14.55556
30
0
11
11.94444
21
14.56944
31
0
0
LINE
8
A-ANNO-DIMS
10
11.91989
20
14.50323
30
0
11
11.969
21
14.55233
31
0
0
LINE
8
A-ANNO-DIMS
10
13.19444
20
14.55556
30
0
11
13.19444
21
14.56944
31
0
0
LINE
8
A-ANNO-DIMS
10
13.16989
20
14.50323
30
0
11
13.219
21
14.55233
31
0
0
TEXT
8
A-ANNO-DIMS
10
12.56944
20
14.55556
30
0
40
0.0675
1
10'-0"
50
0
72
1
11
12.56944
21
14.55556
31
0
0
LINE
8
A-ANNO-DIMS
10
18.19444
20
13.15278
30
0
11
18.19444
21
13.90278
31
0
0
LINE
8
A-ANNO-DIMS
10
18.16667
20
13.15278
30
0
11
18.15278
21
13.15278
31
0
0
LINE
8
A-ANNO-DIMS
10
18.219
20
13.12823
30
0
11
18.16989
21
13.17733
31
0
0
LINE
8
A-ANNO-DIMS
10
18.16667
20
13.90278
30
0
11
18.15278
21
13.90278
31
0
0
LINE
8
A-ANNO-DIMS
10
18.219
20
13.87823
30
0
11
18.16989
21
13.92733
31
0
0
TEXT
8
A-ANNO-DIMS
10
18.16667
20
13.52778
30
0
40
0.0675
1
6'-0"
50
90
72
1
11
18.16667
21
13.52778
31
0
0
LINE
8
A-ANNO-DIMS
10
7.31944
20
13.90278
30
0
11
7.31944
21
16.02778
31
0
0
LINE
8
A-ANNO-DIMS
10
7.29167
20
13.90278
30
0
11
7.27778
21
13.90278
31
0
0
LINE
8
A-ANNO-DIMS
10
7.344
20
13.87823
30
0
11
7.29489
21
13.92733
31
0
0
LINE
8
A-ANNO-DIMS
10
7.29167
20
16.02778
30
0
11
7.27778
21
16.02778
31
0
0
LINE
8
A-ANNO-DIMS
10
7.344
20
16.00323
30
0
11
7.29489
21
16.05233
31
0
0
TEXT
8
A-ANNO-DIMS
10
7.29167
20
14.96528
30
0
40
0.0675
1
17'-0"
50
90
72
1
11
7.29167
21
14.96528
31
0
0
LINE
8
A-ANNO-DIMS
10
7.31944
20
11.27778
30
0
11
7.31944
21
13.15278
31
0
0
LINE
8
A-ANNO-DIMS
10
7.29167
20
11.27778
30
0
11
7.27778
21
11.27778
31
0
0
LINE
8
A-ANNO-DIMS
10
7.344
20
11.25323
30
0
11
7.29489
21
11.30233
31
0
0
LINE
8
A-ANNO-DIMS
10
7.29167
20
13.15278
30
0
11
7.27778
21
13.15278
31
0
0
LINE
8
A-ANNO-DIMS
10
7.344
20
13.12823
30
0
11
7.29489
21
13.17733
31
0
0
TEXT
8
A-ANNO-DIMS
10
7.29167
20
12.21528
30
0
40
0.0675
1
15'-0"
50
90
72
1
11
7.29167
21
12.21528
31
0
0
LINE
8
A-ANNO-DIMS
10
15.44444
20
15.02778
30
0
11
16.94444
21
15.02778
31
0
0
LINE
8
A-ANNO-DIMS
10
15.44444
20
15.05556
30
0
11
15.44444
21
15.06944
31
0
0
LINE
8
A-ANNO-DIMS
10
15.41989
20
15.00323
30
0
11
15.469
21
15.05233
31
0
0
LINE
8
A-ANNO-DIMS
10
16.94444
20
15.05556
30
0
11
16.94444
21
15.06944
31
0
0
LINE
8
A-ANNO-DIMS
10
16.91989
20
15.00323
30
0
11
16.969
21
15.05233
31
0
0
TEXT
8
A-ANNO-DIMS
10
16.19444
20
15.05556
30
0
40
0.0675
1
12'-0"
50
0
72
1
11
16.19444
21
15.05556
31
0
0
LINE
8
A-ANNO-DIMS
10
23.81944
20
11.52778
30
0
11
26.44444
21
11.52778
31
0
0
LINE
8
A-ANNO-DIMS
10
23.81944
20
11.55556
30
0
11
23.81944
21
11.56944
31
0
0
LINE
8
A-ANNO-DIMS
10
23.79489
20
11.50323
30
0
11
23.844
21
11.55233
31
0
0
LINE
8
A-ANNO-DIMS
10
26.44444
20
11.55556
30
0
11
26.44444
21
11.56944
31
0
0
LINE
8
A-ANNO-DIMS
10
26.41989
20
11.50323
30
0
11
26.469
21
11.55233
31
0
0
TEXT
8
A-ANNO-DIMS
10
25.13194
20
11.55556
30
0
40
0.0675
1
21'-0"
50
0
72
1
11
25.13194
21
11.55556
31
0
0
LINE
8
A-ANNO-DIMS
10
26.44444
20
8.40278
30
0
11
29.19444
21
8.40278
31
0
0
LINE
8
A-ANNO-DIMS
10
26.44444
20
8.43056
30
0
11
26.44444
21
8.44444
31
0
0
LINE
8
A-ANNO-DIMS
10
26.41989
20
8.37823
30
0
11
26.469
21
8.42733
31
0
0
LINE
8
A-ANNO-DIMS
10
29.19444
20
8.43056
30
0
11
29.19444
21
8.44444
31
0
0
LINE
8
A-ANNO-DIMS
10
29.16989
20
8.37823
30
0
11
29.219
21
8.42733
31
0
0
TEXT
8
A-ANNO-DIMS
10
27.81944
20
8.43056
30
0
40
0.0675
1
22'-0"
50
0
72
1
11
27.81944
21
8.43056
31
0
0
LINE
8
A-ANNO-DIMS
10
21.61069
20
17.15278
30
0
11
23.81944
21
17.15278
31
0
0
LINE
8
A-ANNO-DIMS
10
21.61069
20
17.18056
30
0
11
21.61069
21
17.19444
31
0
0
LINE
8
A-ANNO-DIMS
10
21.58614
20
17.12823
30
0
11
21.63525
21
17.17733
31
0
0
LINE
8
A-ANNO-DIMS
10
23.81944
20
17.18056
30
0
11
23.81944
21
17.19444
31
0
0
LINE
8
A-ANNO-DIMS
10
23.79489
20
17.12823
30
0
11
23.844
21
17.17733
31
0
0
TEXT
8
A-ANNO-DIMS
10
22.71507
20
17.18056
30
0
40
0.0675
1
17'-8 1/16"
50
0
72
1
11
22.71507
21
17.18056
31
0
0
LINE
8
A-ANNO-DIMS
10
9.44444
20
18.77778
30
0
11
11.94444
21
18.77778
31
0
0
LINE
8
A-ANNO-DIMS
10
9.44444
20
18.80556
30
0
11
9.44444
21
18.81944
31
0
0
LINE
8
A-ANNO-DIMS
10
9.41989
20
18.75323
30
0
11
9.469
21
18.80233
31
0
0
LINE
8
A-ANNO-DIMS
10
11.94444
20
18.80556
30
0
11
11.94444
21
18.81944
31
0
0
LINE
8
A-ANNO-DIMS
10
11.91989
20
18.75323
30
0
11
11.969
21
18.80233
31
0
0
TEXT
8
A-ANNO-DIMS
10
10.69444
20
18.80556
30
0
40
0.0675
1
20'-0"
50
0
72
1
11
10.69444
21
18.80556
31
0
0
LINE
8
A-ANNO-DIMS
10
10.50694
20
9.52778
30
0
11
14.11069
21
9.52778
31
0
0
LINE
8
A-ANNO-DIMS
10
10.50694
20
9.55556
30
0
11
10.50694
21
9.56944
31
0
0
LINE
8
A-ANNO-DIMS
10
10.48239
20
9.50323
30
0
11
10.5315
21
9.55233
31
0
0
LINE
8
A-ANNO-DIMS
10
14.11069
20
9.55556
30
0
11
14.11069
21
9.56944
31
0
0
LINE
8
A-ANNO-DIMS
10
14.08614
20
9.50323
30
0
11
14.13525
21
9.55233
31
0
0
TEXT
8
A-ANNO-DIMS
10
12.30882
20
9.55556
30
0
40
0.0675
1
28'-9 15/16"
50
0
72
1
11
12.30882
21
9.55556
31
0
0
LINE
8
A-ANNO-SYMB
10
8.25
20
4.63889
30
0
11
8.24605
21
4.67808
31
0
0
LINE
8
A-ANNO-SYMB
10
8.24605
20
4.67808
30
0
11
8.23472
21
4.71458
31
0
0
LINE
8
A-ANNO-SYMB
10
8.23472
20
4.71458
30
0
11
8.21679
21
4.7476
31
0
0
LINE
8
A-ANNO-SYMB
10
8.21679
20
4.7476
30
0
11
8.19305
21
4.77638
31
0
0
LINE
8
A-ANNO-SYMB
10
8.19305
20
4.77638
30
0
11
8.16427
21
4.80013
31
0
0
LINE
8
A-ANNO-SYMB
10
8.16427
20
4.80013
30
0
11
8.13124
21
4.81805
31
0
0
LINE
8
A-ANNO-SYMB
10
8.13124
20
4.81805
30
0
11
8.09474
21
4.82938
31
0
0
LINE
8
A-ANNO-SYMB
10
8.09474
20
4.82938
30
0
11
8.05556
21
4.83333
31
0
0
LINE
8
A-ANNO-SYMB
10
8.05556
20
4.83333
30
0
11
8.01637
21
4.82938
31
0
0
LINE
8
A-ANNO-SYMB
10
8.01637
20
4.82938
30
0
11
7.97987
21
4.81805
31
0
0
LINE
8
A-ANNO-SYMB
10
7.97987
20
4.81805
30
0
11
7.94684
21
4.80013
31
0
0
LINE
8
A-ANNO-SYMB
10
7.94684
20
4.80013
30
0
11
7.91806
21
4.77638
31
0
0
LINE
8
A-ANNO-SYMB
10
7.91806
20
4.77638
30
0
11
7.89432
21
4.7476
31
0
0
LINE
8
A-ANNO-SYMB
10
7.89432
20
4.7476
30
0
11
7.87639
21
4.71458
31
0
0
LINE
8
A-ANNO-SYMB
10
7.87639
20
4.71458
30
0
11
7.86506
21
4.67808
31
0
0
LINE
8
A-ANNO-SYMB
10
7.86506
20
4.67808
30
0
11
7.86111
21
4.63889
31
0
0
LINE
8
A-ANNO-SYMB
10
7.86111
20
4.63889
30
0
11
7.86506
21
4.5997
31
0
0
LINE
8
A-ANNO-SYMB
10
7.86506
20
4.5997
30
0
11
7.87639
21
4.5632
31
0
0
LINE
8
A-ANNO-SYMB
10
7.87639
20
4.5632
30
0
11
7.89432
21
4.53017
31
0
0
LINE
8
A-ANNO-SYMB
10
7.89432
20
4.53017
30
0
11
7.91806
21
4.5014
31
0
0
LINE
8
A-ANNO-SYMB
10
7.91806
20
4.5014
30
0
11
7.94684
21
4.47765
31
0
0
LINE
8
A-ANNO-SYMB
10
7.94684
20
4.47765
30
0
11
7.97987
21
4.45972
31
0
0
LINE
8
A-ANNO-SYMB
10
7.97987
20
4.45972
30
0
11
8.01637
21
4.44839
31
0
0
LINE
8
A-ANNO-SYMB
10
8.01637
20
4.44839
30
0
11
8.05556
21
4.44444
31
0
0
LINE
8
A-ANNO-SYMB
10
8.05556
20
4.44444
30
0
11
8.09474
21
4.44839
31
0
0
LINE
8
A-ANNO-SYMB
10
8.09474
20
4.44839
30
0
11
8.13124
21
4.45972
31
0
0
LINE
8
A-ANNO-SYMB
10
8.13124
20
4.45972
30
0
11
8.16427
21
4.47765
31
0
0
LINE
8
A-ANNO-SYMB
10
8.16427
20
4.47765
30
0
11
8.19305
21
4.5014
31
0
0
LINE
8
A-ANNO-SYMB
10
8.19305
20
4.5014
30
0
11
8.21679
21
4.53017
31
0
0
LINE
8
A-ANNO-SYMB
10
8.21679
20
4.53017
30
0
11
8.23472
21
4.5632
31
0
0
LINE
8
A-ANNO-SYMB
10
8.23472
20
4.5632
30
0
11
8.24605
21
4.5997
31
0
0
LINE
8
A-ANNO-SYMB
10
8.24605
20
4.5997
30
0
11
8.25
21
4.63889
31
0
0
TEXT
8
A-ANNO-SYMB
10
8.05556
20
4.58333
30
0
40
0.1
1
1
50
0
72
1
11
8.05556
21
4.58333
31
0
0
TEXT
8
A-ANNO-TEXT
10
8.33333
20
4.58333
30
0
40
0.14
1
LEVEL 1 REFLECTED CEILING PLAN
50
0
0
LINE
8
A-ANNO-TEXT
10
8.33333
20
4.52778
30
0
11
12.5
21
4.52778
31
0
0
TEXT
8
A-ANNO-TEXT
10
8.33333
20
4.36111
30
0
40
0.07
1
SCALE: 1/8" = 1'-0"
50
0
0
LINE
8
G-ANNO-TTLB
10
0.5
20
0.5
30
0
11
35.5
21
0.5
31
0
0
LINE
8
G-ANNO-TTLB
10
35.5
20
0.5
30
0
11
35.5
21
23.5
31
0
0
LINE
8
G-ANNO-TTLB
10
35.5
20
23.5
30
0
11
0.5
21
23.5
31
0
0
LINE
8
G-ANNO-TTLB
10
0.5
20
23.5
30
0
11
0.5
21
0.5
31
0
0
LINE
8
G-ANNO-TTLB
10
33
20
0.5
30
0
11
35.5
21
0.5
31
0
0
LINE
8
G-ANNO-TTLB
10
35.5
20
0.5
30
0
11
35.5
21
23.5
31
0
0
LINE
8
G-ANNO-TTLB
10
35.5
20
23.5
30
0
11
33
21
23.5
31
0
0
LINE
8
G-ANNO-TTLB
10
33
20
23.5
30
0
11
33
21
0.5
31
0
0
LINE
8
G-ANNO-TTLB
10
33
20
21.27778
30
0
11
35.5
21
21.27778
31
0
0
LINE
8
G-ANNO-TTLB
10
33
20
19.05556
30
0
11
35.5
21
19.05556
31
0
0
LINE
8
G-ANNO-TTLB
10
33
20
6.33333
30
0
11
35.5
21
6.33333
31
0
0
LINE
8
G-ANNO-TTLB
10
33
20
4.66667
30
0
11
35.5
21
4.66667
31
0
0
LINE
8
G-ANNO-TTLB
10
33
20
3.27778
30
0
11
35.5
21
3.27778
31
0
0
LINE
8
G-ANNO-TTLB
10
33
20
2.16667
30
0
11
35.5
21
2.16667
31
0
0
TEXT
8
G-ANNO-TTLB
10
33.13889
20
23.16667
30
0
40
0.09
1
ARCADIA DESIGN COLLECTIVE
50
0
0
TEXT
8
G-ANNO-TTLB
10
33.13889
20
22.97222
30
0
40
0.06
1
SYNTHETIC TEST SET - NOT A REAL PROJECT
50
0
0
TEXT
8
G-ANNO-TTLB
10
33.13889
20
22.77778
30
0
40
0.06
1
1200 E CAMELBACK RD, PHOENIX AZ
50
0
0
TEXT
8
G-ANNO-TTLB
10
33.13889
20
21.36111
30
0
40
0.11
1
MESA RIDGE MEDICAL
50
0
0
TEXT
8
G-ANNO-TTLB
10
33.13889
20
21.16667
30
0
40
0.11
1
OFFICE BUILDING
50
0
0
TEXT
8
G-ANNO-TTLB
10
33.13889
20
20.97222
30
0
40
0.06
1
4410 S RIDGE PKWY, PHOENIX AZ
50
0
0
TEXT
8
G-ANNO-TTLB
10
33.13889
20
20.77778
30
0
40
0.06
1
PROJECT NO. 25-118
50
0
0
TEXT
8
G-ANNO-TTLB
10
33.13889
20
6.125
30
0
40
0.07
1
REVISIONS
50
0
0
TEXT
8
G-ANNO-TTLB
10
33.13889
20
4.38889
30
0
40
0.07
1
DATE: 08/04/2026
50
0
0
TEXT
8
G-ANNO-TTLB
10
33.13889
20
4.18056
30
0
40
0.07
1
ISSUE: BID SET
50
0
0
TEXT
8
G-ANNO-TTLB
10
33.13889
20
3
30
0
40
0.07
1
SCALE: 1/8" = 1'-0"
50
0
0
TEXT
8
G-ANNO-TTLB
10
33.13889
20
1.88889
30
0
40
0.09
1
LEVEL 1 RCP
50
0
0
TEXT
8
G-ANNO-TTLB
10
33.13889
20
1.19444
30
0
40
0.3
1
A-111
50
0
0
ENDSEC
0
EOF
