case,set,view,wall,type,in_scope,counted,why_not,key_cl_ft,key_face_ft,key_net_ft,height_ft,runs,reported_ft,covered_ft,err_vs_cl_pct,err_vs_face_pct,double_count_ft,status,diagnosis
A-101__clean,main,LEVEL 1 FLOOR PLAN,X-S,EXT-1,true,true,,208.67,168.89,172.67,14.5,0,0.00,0.00,-100.0,-100.0,0.00,MISSED,"wallsFromStrokes series test (inAHatchSeries): the type is drawn as 5 parallel lines, so every pair of its faces has a third line continuing the spacing"
A-101__clean,main,LEVEL 1 FLOOR PLAN,X-E,EXT-1,true,true,,93.33,79.65,82.33,14.5,1,18.00,18.00,-80.7,-77.4,0.00,PARTIAL,"wallsFromStrokes series test (inAHatchSeries): the type is drawn as 5 parallel lines, so every pair of its faces has a third line continuing the spacing"
A-101__clean,main,LEVEL 1 FLOOR PLAN,X-N,EXT-2,true,true,,208.67,170.13,175.67,14.5,0,0.00,0.00,-100.0,-100.0,0.00,MISSED,"wallFromPair face-length ratio: its two faces are drawn 0.6 ft and 38.0 ft (63.3x > 3x) — one face broken at junctions/openings, the other continuous"
A-101__clean,main,LEVEL 1 FLOOR PLAN,X-W,EXT-1,true,true,,93.33,84.22,85.33,14.5,1,41.00,41.00,-56.1,-51.3,0.00,PARTIAL,"wallsFromStrokes series test (inAHatchSeries): the type is drawn as 5 parallel lines, so every pair of its faces has a third line continuing the spacing"
A-101__clean,main,LEVEL 1 FLOOR PLAN,SF-1,SF,false,true,,20.00,0.00,0.00,10,0,0.00,0.00,-100.0,,0.00,MISSED,"only one face reached the reader, or the faces came back 0.62\" apart — under wallFromPair's 0.2 ft (2.4\") thickness floor"
A-101__clean,main,LEVEL 1 FLOOR PLAN,C-S,A1,true,true,,178.00,139.36,145.00,10.5,31,161.42,161.42,-9.3,15.8,0.00,FOUND,""
A-101__clean,main,LEVEL 1 FLOOR PLAN,C-N,A1,true,true,,178.00,140.89,146.50,10.5,30,160.58,160.58,-9.8,14.0,0.00,FOUND,""
A-101__clean,main,LEVEL 1 FLOOR PLAN,B-S,A1,true,true,,43.67,40.89,43.67,10.5,2,39.59,39.59,-9.3,-3.2,0.00,FOUND,""
A-101__clean,main,LEVEL 1 FLOOR PLAN,B-N,A1,true,true,,43.67,40.89,43.67,10.5,2,35.59,35.59,-18.5,-13.0,0.00,FOUND,""
A-101__clean,main,LEVEL 1 FLOOR PLAN,LB-1,A1,true,true,,30.67,25.59,27.67,9,3,25.70,25.70,-16.2,0.4,0.00,FOUND,""
A-101__clean,main,LEVEL 1 FLOOR PLAN,LB-2,A1,true,true,,32.67,29.13,29.67,10.5,3,31.61,31.61,-3.2,8.5,0.00,FOUND,""
A-101__clean,main,LEVEL 1 FLOOR PLAN,RCP-ARC,A1,true,true,,23.04,23.04,23.04,10.5,0,0.00,0.00,-100.0,-100.0,0.00,MISSED,"sheetStrokes skips curveTo: a curved wall has no straight faces to pair"
A-101__clean,main,LEVEL 1 FLOOR PLAN,LB-30,A1,true,true,,10.00,10.00,10.00,10.5,1,10.00,10.00,-0.0,-0.0,0.00,FOUND,""
A-101__clean,main,LEVEL 1 FLOOR PLAN,N-BK,A1,true,true,,87.33,76.10,78.33,10.5,7,70.12,70.12,-19.7,-7.9,0.00,FOUND,""
A-101__clean,main,LEVEL 1 FLOOR PLAN,N-EX40,A2,true,true,,17.00,16.59,17.00,14.5,1,16.73,16.73,-1.6,0.8,0.00,FOUND,""
A-101__clean,main,LEVEL 1 FLOOR PLAN,N-EX50,A2,true,true,,17.00,16.59,17.00,14.5,1,16.80,16.80,-1.2,1.2,0.00,FOUND,""
A-101__clean,main,LEVEL 1 FLOOR PLAN,N-EX60,A2,true,true,,17.00,15.59,17.00,14.5,2,15.59,15.59,-8.3,0.0,0.00,FOUND,""
A-101__clean,main,LEVEL 1 FLOOR PLAN,N-EX70,A2,true,true,,17.00,16.59,17.00,14.5,1,16.73,16.73,-1.6,0.8,0.00,FOUND,""
A-101__clean,main,LEVEL 1 FLOOR PLAN,N-EX80,A2,true,true,,17.00,16.59,17.00,14.5,1,16.94,16.93,-0.3,2.1,0.00,FOUND,""
A-101__clean,main,LEVEL 1 FLOOR PLAN,N-D,B1,true,true,,43.67,37.89,40.67,14.5,4,38.30,38.30,-12.3,1.1,0.00,FOUND,""
A-101__clean,main,LEVEL 1 FLOOR PLAN,N-OF50,A1,true,true,,26.67,26.13,26.67,10.5,1,26.32,26.32,-1.3,0.7,0.00,FOUND,""
A-101__clean,main,LEVEL 1 FLOOR PLAN,N-OF70,A1,true,true,,26.67,26.13,26.67,10.5,1,26.32,26.32,-1.3,0.7,0.00,FOUND,""
A-101__clean,main,LEVEL 1 FLOOR PLAN,NS-45,A1,true,true,,8.49,7.91,8.49,10.5,1,8.20,8.20,-3.3,3.7,0.00,FOUND,""
A-101__clean,main,LEVEL 1 FLOOR PLAN,NS-H,A1,true,true,,12.00,8.71,9.00,10.5,3,11.55,11.53,-3.7,32.6,0.00,FOUND,""
A-101__clean,main,LEVEL 1 FLOOR PLAN,NS-V,A1,true,true,,6.00,5.59,6.00,10.5,1,5.98,5.97,-0.4,6.8,0.00,FOUND,""
A-101__clean,main,LEVEL 1 FLOOR PLAN,N-E,A1,true,true,,43.67,36.96,39.67,10.5,4,35.32,35.32,-19.1,-4.5,0.00,FOUND,""
A-101__clean,main,LEVEL 1 FLOOR PLAN,CF-17,A1,true,true,,18.00,17.72,18.00,10.5,1,17.72,17.72,-1.5,-0.0,0.00,FOUND,""
A-101__clean,main,LEVEL 1 FLOOR PLAN,N-F,A1,true,true,,43.67,34.69,37.67,10.5,3,27.99,27.99,-35.9,-19.3,0.00,PARTIAL,"wallsFromStrokes one-face-one-use: the faces are broken into pieces (openings, T junctions, columns) and the long piece is spent on one partner, stranding the rest"
A-101__clean,main,LEVEL 1 FLOOR PLAN,IM-V,B1,true,true,,43.67,42.52,43.67,14.5,3,42.63,42.63,-2.4,0.2,0.00,FOUND,""
A-101__clean,main,LEVEL 1 FLOOR PLAN,IM-H,B1,true,true,,17.67,17.16,17.67,14.5,1,17.38,17.38,-1.6,1.3,0.00,FOUND,""
A-101__clean,main,LEVEL 1 FLOOR PLAN,ST-V,CMU,false,true,,30.67,29.61,30.67,14.5,1,13.80,13.80,-55.0,-53.4,0.00,PARTIAL,"wallsFromStrokes series test (inAHatchSeries): a 16.2 ft parallel line 5.3\" off centre continues the face spacing — wall (A-WALL)"
A-101__clean,main,LEVEL 1 FLOOR PLAN,ST-H,CMU,false,true,,18.00,17.31,18.00,14.5,0,0.00,0.00,-100.0,-100.0,0.00,MISSED,"wallsFromStrokes series test (inAHatchSeries): a 18.1 ft parallel line 5.3\" off centre continues the face spacing — wall (A-WALL)"
A-101__clean,main,LEVEL 1 FLOOR PLAN,FR-V,F1,true,true,,31.05,30.25,31.05,14.5,0,0.00,0.00,-100.0,-100.0,0.00,MISSED,"only one face reached the reader, or the faces came back 1.50\" apart — under wallFromPair's 0.2 ft (2.4\") thickness floor"
A-101__clean,main,LEVEL 1 FLOOR PLAN,FR-H,F1,true,true,,18.38,17.95,18.38,14.5,0,0.00,0.00,-100.0,-100.0,0.00,MISSED,"only one face reached the reader, or the faces came back 1.50\" apart — under wallFromPair's 0.2 ft (2.4\") thickness floor"
A-101__clean,main,LEVEL 1 FLOOR PLAN,EL-V,C1,true,true,,14.67,14.13,14.67,14.5,1,13.78,13.78,-6.0,-2.5,0.00,FOUND,""
A-101__clean,main,LEVEL 1 FLOOR PLAN,EL-H,C1,true,true,,12.00,11.36,12.00,14.5,1,11.60,11.60,-3.3,2.1,0.00,FOUND,""
A-101__clean,main,LEVEL 1 FLOOR PLAN,S-BK,A1,true,true,,57.33,49.20,51.33,10.5,8,54.18,54.18,-5.5,10.1,0.00,FOUND,""
A-101__clean,main,LEVEL 1 FLOOR PLAN,S-EX40,A2,true,true,,15.00,14.59,15.00,14.5,1,14.82,14.80,-1.2,1.5,0.00,FOUND,""
A-101__clean,main,LEVEL 1 FLOOR PLAN,S-EX50,A2,true,true,,15.00,14.59,15.00,14.5,1,14.82,14.80,-1.2,1.5,0.00,FOUND,""
A-101__clean,main,LEVEL 1 FLOOR PLAN,S-EX60,A2,true,true,,15.00,13.59,15.00,14.5,1,12.30,12.30,-18.0,-9.5,0.00,FOUND,""
A-101__clean,main,LEVEL 1 FLOOR PLAN,S-EX70,A2,true,true,,15.00,14.59,15.00,14.5,1,14.82,14.80,-1.2,1.5,0.00,FOUND,""
A-101__clean,main,LEVEL 1 FLOOR PLAN,S-EX80,A2,true,true,,15.00,14.59,15.00,14.5,1,14.82,14.80,-1.2,1.5,0.00,FOUND,""
A-101__clean,main,LEVEL 1 FLOOR PLAN,S-OF,A1,true,true,,28.67,28.09,28.67,10.5,1,28.27,28.27,-1.4,0.6,0.00,FOUND,""
A-101__clean,main,LEVEL 1 FLOOR PLAN,S-D,B1,true,true,,43.67,37.48,40.67,14.5,4,37.94,37.94,-13.1,1.2,0.00,FOUND,""
A-101__clean,main,LEVEL 1 FLOOR PLAN,S-E,A1,true,true,,43.67,40.89,43.67,10.5,3,40.89,40.89,-6.4,0.0,0.00,FOUND,""
A-101__clean,main,LEVEL 1 FLOOR PLAN,S-20,A1,true,true,,60.00,59.09,60.00,10.5,2,59.41,59.41,-1.0,0.6,0.00,FOUND,""
A-101__clean,main,LEVEL 1 FLOOR PLAN,S-F,A1,true,true,,43.67,40.89,43.67,10.5,2,31.59,31.59,-27.6,-22.7,0.00,PARTIAL,"wallsFromStrokes one-face-one-use: the faces are broken into pieces (openings, T junctions, columns) and the long piece is spent on one partner, stranding the rest"
A-101__clean,main,LEVEL 1 FLOOR PLAN,S-165,A1,true,true,,43.67,42.69,43.67,10.5,2,42.74,42.72,-2.1,0.1,0.00,FOUND,""
A-101__clean,main,LEVEL 1 FLOOR PLAN,RR-10,A2,true,true,,43.00,35.22,37.00,14.5,6,40.51,40.50,-5.8,15.0,0.00,FOUND,""
A-101__clean,main,LEVEL 1 FLOOR PLAN,RR-CH,D1,true,true,,33.00,32.59,33.00,14.5,1,33.04,33.00,0.1,1.4,0.00,FOUND,""
A-101__clean,main,LEVEL 1 FLOOR PLAN,EL-RM,A1,true,true,,10.67,10.09,10.67,10.5,1,10.28,10.28,-3.7,1.8,0.00,FOUND,""
A-101__revit,main,LEVEL 1 FLOOR PLAN,X-S,EXT-1,true,true,,208.67,168.89,172.67,14.5,0,0.00,0.00,-100.0,-100.0,0.00,MISSED,"wallsFromStrokes series test (inAHatchSeries): the type is drawn as 5 parallel lines, so every pair of its faces has a third line continuing the spacing"
A-101__revit,main,LEVEL 1 FLOOR PLAN,X-E,EXT-1,true,true,,93.33,79.65,82.33,14.5,1,18.00,18.00,-80.7,-77.4,0.00,PARTIAL,"wallsFromStrokes series test (inAHatchSeries): the type is drawn as 5 parallel lines, so every pair of its faces has a third line continuing the spacing"
A-101__revit,main,LEVEL 1 FLOOR PLAN,X-N,EXT-2,true,true,,208.67,170.13,175.67,14.5,0,0.00,0.00,-100.0,-100.0,0.00,MISSED,"wallFromPair face-length ratio: its two faces are drawn 0.6 ft and 38.0 ft (63.3x > 3x) — one face broken at junctions/openings, the other continuous"
A-101__revit,main,LEVEL 1 FLOOR PLAN,X-W,EXT-1,true,true,,93.33,84.22,85.33,14.5,1,41.00,41.00,-56.1,-51.3,0.00,PARTIAL,"wallsFromStrokes series test (inAHatchSeries): the type is drawn as 5 parallel lines, so every pair of its faces has a third line continuing the spacing"
A-101__revit,main,LEVEL 1 FLOOR PLAN,SF-1,SF,false,true,,20.00,0.00,0.00,10,0,0.00,0.00,-100.0,,0.00,MISSED,"only one face reached the reader, or the faces came back 0.62\" apart — under wallFromPair's 0.2 ft (2.4\") thickness floor"
A-101__revit,main,LEVEL 1 FLOOR PLAN,C-S,A1,true,true,,178.00,139.36,145.00,10.5,32,158.92,158.92,-10.7,14.0,0.00,FOUND,""
A-101__revit,main,LEVEL 1 FLOOR PLAN,C-N,A1,true,true,,178.00,140.89,146.50,10.5,29,131.00,131.00,-26.4,-7.0,0.00,PARTIAL,"wallsFromStrokes one-face-one-use: the faces are broken into pieces (openings, T junctions, columns) and the long piece is spent on one partner, stranding the rest"
A-101__revit,main,LEVEL 1 FLOOR PLAN,B-S,A1,true,true,,43.67,40.89,43.67,10.5,4,38.00,38.00,-13.0,-7.1,0.00,FOUND,""
A-101__revit,main,LEVEL 1 FLOOR PLAN,B-N,A1,true,true,,43.67,40.89,43.67,10.5,3,31.49,31.49,-27.9,-23.0,0.00,PARTIAL,"wallsFromStrokes one-face-one-use: the faces are broken into pieces (openings, T junctions, columns) and the long piece is spent on one partner, stranding the rest"
A-101__revit,main,LEVEL 1 FLOOR PLAN,LB-1,A1,true,true,,30.67,25.59,27.67,9,4,22.06,22.06,-28.1,-13.8,0.00,PARTIAL,"wallsFromStrokes one-face-one-use: the faces are broken into pieces (openings, T junctions, columns) and the long piece is spent on one partner, stranding the rest"
A-101__revit,main,LEVEL 1 FLOOR PLAN,LB-2,A1,true,true,,32.67,29.13,29.67,10.5,3,31.39,31.39,-3.9,7.8,0.00,FOUND,""
A-101__revit,main,LEVEL 1 FLOOR PLAN,RCP-ARC,A1,true,true,,23.04,23.04,23.04,10.5,0,0.00,0.00,-100.0,-100.0,0.00,MISSED,"sheetStrokes skips curveTo: a curved wall has no straight faces to pair"
A-101__revit,main,LEVEL 1 FLOOR PLAN,LB-30,A1,true,true,,10.00,10.00,10.00,10.5,0,0.00,0.00,-100.0,-100.0,0.00,MISSED,"wallsFromStrokes one-face-one-use: the faces are broken into pieces (openings, T junctions, columns) and the long piece is spent on one partner, stranding the rest"
A-101__revit,main,LEVEL 1 FLOOR PLAN,N-BK,A1,true,true,,87.33,76.10,78.33,10.5,6,72.53,72.53,-17.0,-4.7,0.00,FOUND,""
A-101__revit,main,LEVEL 1 FLOOR PLAN,N-EX40,A2,true,true,,17.00,16.59,17.00,14.5,1,16.59,16.59,-2.4,0.0,0.00,FOUND,""
A-101__revit,main,LEVEL 1 FLOOR PLAN,N-EX50,A2,true,true,,17.00,16.59,17.00,14.5,1,16.59,16.59,-2.4,0.0,0.00,FOUND,""
A-101__revit,main,LEVEL 1 FLOOR PLAN,N-EX60,A2,true,true,,17.00,15.59,17.00,14.5,1,10.30,10.30,-39.4,-34.0,0.00,PARTIAL,"wallsFromStrokes one-face-one-use: the faces are broken into pieces (openings, T junctions, columns) and the long piece is spent on one partner, stranding the rest"
A-101__revit,main,LEVEL 1 FLOOR PLAN,N-EX70,A2,true,true,,17.00,16.59,17.00,14.5,1,16.59,16.59,-2.4,0.0,0.00,FOUND,""
A-101__revit,main,LEVEL 1 FLOOR PLAN,N-EX80,A2,true,true,,17.00,16.59,17.00,14.5,1,16.59,16.59,-2.4,0.0,0.00,FOUND,""
A-101__revit,main,LEVEL 1 FLOOR PLAN,N-D,B1,true,true,,43.67,37.89,40.67,14.5,5,28.19,28.19,-35.4,-25.6,0.00,PARTIAL,"wallsFromStrokes one-face-one-use: the faces are broken into pieces (openings, T junctions, columns) and the long piece is spent on one partner, stranding the rest"
A-101__revit,main,LEVEL 1 FLOOR PLAN,N-OF50,A1,true,true,,26.67,26.13,26.67,10.5,1,26.13,26.13,-2.0,0.0,0.00,FOUND,""
A-101__revit,main,LEVEL 1 FLOOR PLAN,N-OF70,A1,true,true,,26.67,26.13,26.67,10.5,1,26.13,26.13,-2.0,0.0,0.00,FOUND,""
A-101__revit,main,LEVEL 1 FLOOR PLAN,NS-45,A1,true,true,,8.49,7.91,8.49,10.5,1,7.96,7.95,-6.2,0.6,0.00,FOUND,""
A-101__revit,main,LEVEL 1 FLOOR PLAN,NS-H,A1,true,true,,12.00,8.71,9.00,10.5,2,8.81,8.80,-26.6,1.1,0.00,PARTIAL,"wallsFromStrokes one-face-one-use: the faces are broken into pieces (openings, T junctions, columns) and the long piece is spent on one partner, stranding the rest"
A-101__revit,main,LEVEL 1 FLOOR PLAN,NS-V,A1,true,true,,6.00,5.59,6.00,10.5,1,5.70,5.70,-5.1,1.8,0.00,FOUND,""
A-101__revit,main,LEVEL 1 FLOOR PLAN,N-E,A1,true,true,,43.67,36.96,39.67,10.5,4,28.84,28.84,-34.0,-22.0,0.00,PARTIAL,"wallsFromStrokes one-face-one-use: the faces are broken into pieces (openings, T junctions, columns) and the long piece is spent on one partner, stranding the rest"
A-101__revit,main,LEVEL 1 FLOOR PLAN,CF-17,A1,true,true,,18.00,17.72,18.00,10.5,0,0.00,0.00,-100.0,-100.0,0.00,MISSED,"wallsFromStrokes one-face-one-use: the faces are broken into pieces (openings, T junctions, columns) and the long piece is spent on one partner, stranding the rest"
A-101__revit,main,LEVEL 1 FLOOR PLAN,N-F,A1,true,true,,43.67,34.69,37.67,10.5,8,22.31,22.31,-48.9,-35.7,0.00,PARTIAL,"wallsFromStrokes one-face-one-use: the faces are broken into pieces (openings, T junctions, columns) and the long piece is spent on one partner, stranding the rest"
A-101__revit,main,LEVEL 1 FLOOR PLAN,IM-V,B1,true,true,,43.67,42.52,43.67,14.5,1,43.12,43.13,-1.2,1.4,0.00,FOUND,""
A-101__revit,main,LEVEL 1 FLOOR PLAN,IM-H,B1,true,true,,17.67,17.16,17.67,14.5,1,17.16,17.16,-2.9,-0.0,0.00,FOUND,""
A-101__revit,main,LEVEL 1 FLOOR PLAN,ST-V,CMU,false,true,,30.67,29.61,30.67,14.5,1,27.70,27.70,-9.7,-6.5,0.00,FOUND,""
A-101__revit,main,LEVEL 1 FLOOR PLAN,ST-H,CMU,false,true,,18.00,17.31,18.00,14.5,1,16.88,16.88,-6.3,-2.5,0.00,FOUND,""
A-101__revit,main,LEVEL 1 FLOOR PLAN,FR-V,F1,true,true,,31.05,30.25,31.05,14.5,0,0.00,0.00,-100.0,-100.0,0.00,MISSED,"only one face reached the reader, or the faces came back 1.50\" apart — under wallFromPair's 0.2 ft (2.4\") thickness floor"
A-101__revit,main,LEVEL 1 FLOOR PLAN,FR-H,F1,true,true,,18.38,17.95,18.38,14.5,0,0.00,0.00,-100.0,-100.0,0.00,MISSED,"only one face reached the reader, or the faces came back 1.50\" apart — under wallFromPair's 0.2 ft (2.4\") thickness floor"
A-101__revit,main,LEVEL 1 FLOOR PLAN,EL-V,C1,true,true,,14.67,14.13,14.67,14.5,1,13.78,13.78,-6.0,-2.5,0.00,FOUND,""
A-101__revit,main,LEVEL 1 FLOOR PLAN,EL-H,C1,true,true,,12.00,11.36,12.00,14.5,1,11.46,11.46,-4.5,0.9,0.00,FOUND,""
A-101__revit,main,LEVEL 1 FLOOR PLAN,S-BK,A1,true,true,,57.33,49.20,51.33,10.5,7,40.06,40.06,-30.1,-18.6,0.00,PARTIAL,"wallsFromStrokes one-face-one-use: the faces are broken into pieces (openings, T junctions, columns) and the long piece is spent on one partner, stranding the rest"
A-101__revit,main,LEVEL 1 FLOOR PLAN,S-EX40,A2,true,true,,15.00,14.59,15.00,14.5,1,14.59,14.59,-2.7,0.0,0.00,FOUND,""
A-101__revit,main,LEVEL 1 FLOOR PLAN,S-EX50,A2,true,true,,15.00,14.59,15.00,14.5,1,14.59,14.59,-2.7,0.0,0.00,FOUND,""
A-101__revit,main,LEVEL 1 FLOOR PLAN,S-EX60,A2,true,true,,15.00,13.59,15.00,14.5,1,12.30,12.30,-18.0,-9.5,0.00,FOUND,""
A-101__revit,main,LEVEL 1 FLOOR PLAN,S-EX70,A2,true,true,,15.00,14.59,15.00,14.5,1,14.59,14.59,-2.7,0.0,0.00,FOUND,""
A-101__revit,main,LEVEL 1 FLOOR PLAN,S-EX80,A2,true,true,,15.00,14.59,15.00,14.5,1,14.59,14.59,-2.7,0.0,0.00,FOUND,""
A-101__revit,main,LEVEL 1 FLOOR PLAN,S-OF,A1,true,true,,28.67,28.09,28.67,10.5,1,28.09,28.09,-2.0,0.0,0.00,FOUND,""
A-101__revit,main,LEVEL 1 FLOOR PLAN,S-D,B1,true,true,,43.67,37.48,40.67,14.5,4,27.68,27.68,-36.6,-26.2,0.00,PARTIAL,"wallsFromStrokes one-face-one-use: the faces are broken into pieces (openings, T junctions, columns) and the long piece is spent on one partner, stranding the rest"
A-101__revit,main,LEVEL 1 FLOOR PLAN,S-E,A1,true,true,,43.67,40.89,43.67,10.5,4,35.09,35.09,-19.6,-14.2,0.00,FOUND,""
A-101__revit,main,LEVEL 1 FLOOR PLAN,S-20,A1,true,true,,60.00,59.09,60.00,10.5,2,59.27,59.27,-1.2,0.3,0.00,FOUND,""
A-101__revit,main,LEVEL 1 FLOOR PLAN,S-F,A1,true,true,,43.67,40.89,43.67,10.5,4,27.82,27.82,-36.3,-32.0,0.00,PARTIAL,"wallsFromStrokes one-face-one-use: the faces are broken into pieces (openings, T junctions, columns) and the long piece is spent on one partner, stranding the rest"
A-101__revit,main,LEVEL 1 FLOOR PLAN,S-165,A1,true,true,,43.67,42.69,43.67,10.5,2,41.77,41.77,-4.3,-2.1,0.00,FOUND,""
A-101__revit,main,LEVEL 1 FLOOR PLAN,RR-10,A2,true,true,,43.00,35.22,37.00,14.5,6,40.25,40.25,-6.4,14.3,0.00,FOUND,""
A-101__revit,main,LEVEL 1 FLOOR PLAN,RR-CH,D1,true,true,,33.00,32.59,33.00,14.5,3,27.57,27.53,-16.5,-15.4,0.00,FOUND,""
A-101__revit,main,LEVEL 1 FLOOR PLAN,EL-RM,A1,true,true,,10.67,10.09,10.67,10.5,1,10.09,10.09,-5.4,0.0,0.00,FOUND,""
A-101__autocad,main,LEVEL 1 FLOOR PLAN,X-S,EXT-1,true,true,,208.67,168.89,172.67,14.5,0,0.00,0.00,-100.0,-100.0,0.00,MISSED,"the reader returned no segment on this wall's faces — its geometry never reached wallsFromStrokes"
A-101__autocad,main,LEVEL 1 FLOOR PLAN,X-E,EXT-1,true,true,,93.33,79.65,82.33,14.5,0,0.00,0.00,-100.0,-100.0,0.00,MISSED,"the reader returned no segment on this wall's faces — its geometry never reached wallsFromStrokes"
A-101__autocad,main,LEVEL 1 FLOOR PLAN,X-N,EXT-2,true,true,,208.67,170.13,175.67,14.5,0,0.00,0.00,-100.0,-100.0,0.00,MISSED,"the reader returned no segment on this wall's faces — its geometry never reached wallsFromStrokes"
A-101__autocad,main,LEVEL 1 FLOOR PLAN,X-W,EXT-1,true,true,,93.33,84.22,85.33,14.5,0,0.00,0.00,-100.0,-100.0,0.00,MISSED,"the reader returned no segment on this wall's faces — its geometry never reached wallsFromStrokes"
A-101__autocad,main,LEVEL 1 FLOOR PLAN,SF-1,SF,false,true,,20.00,0.00,0.00,10,0,0.00,0.00,-100.0,,0.00,MISSED,"the reader returned no segment on this wall's faces — its geometry never reached wallsFromStrokes"
A-101__autocad,main,LEVEL 1 FLOOR PLAN,C-S,A1,true,true,,178.00,139.36,145.00,10.5,0,0.00,0.00,-100.0,-100.0,0.00,MISSED,"the reader returned no segment on this wall's faces — its geometry never reached wallsFromStrokes"
A-101__autocad,main,LEVEL 1 FLOOR PLAN,C-N,A1,true,true,,178.00,140.89,146.50,10.5,0,0.00,0.00,-100.0,-100.0,0.00,MISSED,"the reader returned no segment on this wall's faces — its geometry never reached wallsFromStrokes"
A-101__autocad,main,LEVEL 1 FLOOR PLAN,B-S,A1,true,true,,43.67,40.89,43.67,10.5,0,0.00,0.00,-100.0,-100.0,0.00,MISSED,"the reader returned no segment on this wall's faces — its geometry never reached wallsFromStrokes"
A-101__autocad,main,LEVEL 1 FLOOR PLAN,B-N,A1,true,true,,43.67,40.89,43.67,10.5,0,0.00,0.00,-100.0,-100.0,0.00,MISSED,"the reader returned no segment on this wall's faces — its geometry never reached wallsFromStrokes"
A-101__autocad,main,LEVEL 1 FLOOR PLAN,LB-1,A1,true,true,,30.67,25.59,27.67,9,0,0.00,0.00,-100.0,-100.0,0.00,MISSED,"the reader returned no segment on this wall's faces — its geometry never reached wallsFromStrokes"
A-101__autocad,main,LEVEL 1 FLOOR PLAN,LB-2,A1,true,true,,32.67,29.13,29.67,10.5,0,0.00,0.00,-100.0,-100.0,0.00,MISSED,"the reader returned no segment on this wall's faces — its geometry never reached wallsFromStrokes"
A-101__autocad,main,LEVEL 1 FLOOR PLAN,RCP-ARC,A1,true,true,,23.04,23.04,23.04,10.5,0,0.00,0.00,-100.0,-100.0,0.00,MISSED,"sheetStrokes skips curveTo: a curved wall has no straight faces to pair"
A-101__autocad,main,LEVEL 1 FLOOR PLAN,LB-30,A1,true,true,,10.00,10.00,10.00,10.5,0,0.00,0.00,-100.0,-100.0,0.00,MISSED,"the reader returned no segment on this wall's faces — its geometry never reached wallsFromStrokes"
A-101__autocad,main,LEVEL 1 FLOOR PLAN,N-BK,A1,true,true,,87.33,76.10,78.33,10.5,0,0.00,0.00,-100.0,-100.0,0.00,MISSED,"the reader returned no segment on this wall's faces — its geometry never reached wallsFromStrokes"
A-101__autocad,main,LEVEL 1 FLOOR PLAN,N-EX40,A2,true,true,,17.00,16.59,17.00,14.5,0,0.00,0.00,-100.0,-100.0,0.00,MISSED,"the reader returned no segment on this wall's faces — its geometry never reached wallsFromStrokes"
A-101__autocad,main,LEVEL 1 FLOOR PLAN,N-EX50,A2,true,true,,17.00,16.59,17.00,14.5,0,0.00,0.00,-100.0,-100.0,0.00,MISSED,"the reader returned no segment on this wall's faces — its geometry never reached wallsFromStrokes"
A-101__autocad,main,LEVEL 1 FLOOR PLAN,N-EX60,A2,true,true,,17.00,15.59,17.00,14.5,0,0.00,0.00,-100.0,-100.0,0.00,MISSED,"the reader returned no segment on this wall's faces — its geometry never reached wallsFromStrokes"
A-101__autocad,main,LEVEL 1 FLOOR PLAN,N-EX70,A2,true,true,,17.00,16.59,17.00,14.5,0,0.00,0.00,-100.0,-100.0,0.00,MISSED,"the reader returned no segment on this wall's faces — its geometry never reached wallsFromStrokes"
A-101__autocad,main,LEVEL 1 FLOOR PLAN,N-EX80,A2,true,true,,17.00,16.59,17.00,14.5,0,0.00,0.00,-100.0,-100.0,0.00,MISSED,"the reader returned no segment on this wall's faces — its geometry never reached wallsFromStrokes"
A-101__autocad,main,LEVEL 1 FLOOR PLAN,N-D,B1,true,true,,43.67,37.89,40.67,14.5,0,0.00,0.00,-100.0,-100.0,0.00,MISSED,"the reader returned no segment on this wall's faces — its geometry never reached wallsFromStrokes"
A-101__autocad,main,LEVEL 1 FLOOR PLAN,N-OF50,A1,true,true,,26.67,26.13,26.67,10.5,0,0.00,0.00,-100.0,-100.0,0.00,MISSED,"the reader returned no segment on this wall's faces — its geometry never reached wallsFromStrokes"
A-101__autocad,main,LEVEL 1 FLOOR PLAN,N-OF70,A1,true,true,,26.67,26.13,26.67,10.5,0,0.00,0.00,-100.0,-100.0,0.00,MISSED,"the reader returned no segment on this wall's faces — its geometry never reached wallsFromStrokes"
A-101__autocad,main,LEVEL 1 FLOOR PLAN,NS-45,A1,true,true,,8.49,7.91,8.49,10.5,0,0.00,0.00,-100.0,-100.0,0.00,MISSED,"the reader returned no segment on this wall's faces — its geometry never reached wallsFromStrokes"
A-101__autocad,main,LEVEL 1 FLOOR PLAN,NS-H,A1,true,true,,12.00,8.71,9.00,10.5,0,0.00,0.00,-100.0,-100.0,0.00,MISSED,"the reader returned no segment on this wall's faces — its geometry never reached wallsFromStrokes"
A-101__autocad,main,LEVEL 1 FLOOR PLAN,NS-V,A1,true,true,,6.00,5.59,6.00,10.5,0,0.00,0.00,-100.0,-100.0,0.00,MISSED,"the reader returned no segment on this wall's faces — its geometry never reached wallsFromStrokes"
A-101__autocad,main,LEVEL 1 FLOOR PLAN,N-E,A1,true,true,,43.67,36.96,39.67,10.5,0,0.00,0.00,-100.0,-100.0,0.00,MISSED,"the reader returned no segment on this wall's faces — its geometry never reached wallsFromStrokes"
A-101__autocad,main,LEVEL 1 FLOOR PLAN,CF-17,A1,true,true,,18.00,17.72,18.00,10.5,0,0.00,0.00,-100.0,-100.0,0.00,MISSED,"the reader returned no segment on this wall's faces — its geometry never reached wallsFromStrokes"
A-101__autocad,main,LEVEL 1 FLOOR PLAN,N-F,A1,true,true,,43.67,34.69,37.67,10.5,0,0.00,0.00,-100.0,-100.0,0.00,MISSED,"the reader returned no segment on this wall's faces — its geometry never reached wallsFromStrokes"
A-101__autocad,main,LEVEL 1 FLOOR PLAN,IM-V,B1,true,true,,43.67,42.52,43.67,14.5,0,0.00,0.00,-100.0,-100.0,0.00,MISSED,"the reader returned no segment on this wall's faces — its geometry never reached wallsFromStrokes"
A-101__autocad,main,LEVEL 1 FLOOR PLAN,IM-H,B1,true,true,,17.67,17.16,17.67,14.5,0,0.00,0.00,-100.0,-100.0,0.00,MISSED,"the reader returned no segment on this wall's faces — its geometry never reached wallsFromStrokes"
A-101__autocad,main,LEVEL 1 FLOOR PLAN,ST-V,CMU,false,true,,30.67,29.61,30.67,14.5,0,0.00,0.00,-100.0,-100.0,0.00,MISSED,"the reader returned no segment on this wall's faces — its geometry never reached wallsFromStrokes"
A-101__autocad,main,LEVEL 1 FLOOR PLAN,ST-H,CMU,false,true,,18.00,17.31,18.00,14.5,0,0.00,0.00,-100.0,-100.0,0.00,MISSED,"the reader returned no segment on this wall's faces — its geometry never reached wallsFromStrokes"
A-101__autocad,main,LEVEL 1 FLOOR PLAN,FR-V,F1,true,true,,31.05,30.25,31.05,14.5,0,0.00,0.00,-100.0,-100.0,0.00,MISSED,"the reader returned no segment on this wall's faces — its geometry never reached wallsFromStrokes"
A-101__autocad,main,LEVEL 1 FLOOR PLAN,FR-H,F1,true,true,,18.38,17.95,18.38,14.5,0,0.00,0.00,-100.0,-100.0,0.00,MISSED,"the reader returned no segment on this wall's faces — its geometry never reached wallsFromStrokes"
A-101__autocad,main,LEVEL 1 FLOOR PLAN,EL-V,C1,true,true,,14.67,14.13,14.67,14.5,0,0.00,0.00,-100.0,-100.0,0.00,MISSED,"the reader returned no segment on this wall's faces — its geometry never reached wallsFromStrokes"
A-101__autocad,main,LEVEL 1 FLOOR PLAN,EL-H,C1,true,true,,12.00,11.36,12.00,14.5,0,0.00,0.00,-100.0,-100.0,0.00,MISSED,"the reader returned no segment on this wall's faces — its geometry never reached wallsFromStrokes"
A-101__autocad,main,LEVEL 1 FLOOR PLAN,S-BK,A1,true,true,,57.33,49.20,51.33,10.5,0,0.00,0.00,-100.0,-100.0,0.00,MISSED,"the reader returned no segment on this wall's faces — its geometry never reached wallsFromStrokes"
A-101__autocad,main,LEVEL 1 FLOOR PLAN,S-EX40,A2,true,true,,15.00,14.59,15.00,14.5,0,0.00,0.00,-100.0,-100.0,0.00,MISSED,"the reader returned no segment on this wall's faces — its geometry never reached wallsFromStrokes"
A-101__autocad,main,LEVEL 1 FLOOR PLAN,S-EX50,A2,true,true,,15.00,14.59,15.00,14.5,0,0.00,0.00,-100.0,-100.0,0.00,MISSED,"the reader returned no segment on this wall's faces — its geometry never reached wallsFromStrokes"
A-101__autocad,main,LEVEL 1 FLOOR PLAN,S-EX60,A2,true,true,,15.00,13.59,15.00,14.5,0,0.00,0.00,-100.0,-100.0,0.00,MISSED,"the reader returned no segment on this wall's faces — its geometry never reached wallsFromStrokes"
A-101__autocad,main,LEVEL 1 FLOOR PLAN,S-EX70,A2,true,true,,15.00,14.59,15.00,14.5,0,0.00,0.00,-100.0,-100.0,0.00,MISSED,"the reader returned no segment on this wall's faces — its geometry never reached wallsFromStrokes"
A-101__autocad,main,LEVEL 1 FLOOR PLAN,S-EX80,A2,true,true,,15.00,14.59,15.00,14.5,0,0.00,0.00,-100.0,-100.0,0.00,MISSED,"the reader returned no segment on this wall's faces — its geometry never reached wallsFromStrokes"
A-101__autocad,main,LEVEL 1 FLOOR PLAN,S-OF,A1,true,true,,28.67,28.09,28.67,10.5,0,0.00,0.00,-100.0,-100.0,0.00,MISSED,"the reader returned no segment on this wall's faces — its geometry never reached wallsFromStrokes"
A-101__autocad,main,LEVEL 1 FLOOR PLAN,S-D,B1,true,true,,43.67,37.48,40.67,14.5,0,0.00,0.00,-100.0,-100.0,0.00,MISSED,"the reader returned no segment on this wall's faces — its geometry never reached wallsFromStrokes"
A-101__autocad,main,LEVEL 1 FLOOR PLAN,S-E,A1,true,true,,43.67,40.89,43.67,10.5,0,0.00,0.00,-100.0,-100.0,0.00,MISSED,"the reader returned no segment on this wall's faces — its geometry never reached wallsFromStrokes"
A-101__autocad,main,LEVEL 1 FLOOR PLAN,S-20,A1,true,true,,60.00,59.09,60.00,10.5,0,0.00,0.00,-100.0,-100.0,0.00,MISSED,"the reader returned no segment on this wall's faces — its geometry never reached wallsFromStrokes"
A-101__autocad,main,LEVEL 1 FLOOR PLAN,S-F,A1,true,true,,43.67,40.89,43.67,10.5,0,0.00,0.00,-100.0,-100.0,0.00,MISSED,"the reader returned no segment on this wall's faces — its geometry never reached wallsFromStrokes"
A-101__autocad,main,LEVEL 1 FLOOR PLAN,S-165,A1,true,true,,43.67,42.69,43.67,10.5,0,0.00,0.00,-100.0,-100.0,0.00,MISSED,"the reader returned no segment on this wall's faces — its geometry never reached wallsFromStrokes"
A-101__autocad,main,LEVEL 1 FLOOR PLAN,RR-10,A2,true,true,,43.00,35.22,37.00,14.5,0,0.00,0.00,-100.0,-100.0,0.00,MISSED,"the reader returned no segment on this wall's faces — its geometry never reached wallsFromStrokes"
A-101__autocad,main,LEVEL 1 FLOOR PLAN,RR-CH,D1,true,true,,33.00,32.59,33.00,14.5,0,0.00,0.00,-100.0,-100.0,0.00,MISSED,"the reader returned no segment on this wall's faces — its geometry never reached wallsFromStrokes"
A-101__autocad,main,LEVEL 1 FLOOR PLAN,EL-RM,A1,true,true,,10.67,10.09,10.67,10.5,0,0.00,0.00,-100.0,-100.0,0.00,MISSED,"the reader returned no segment on this wall's faces — its geometry never reached wallsFromStrokes"
A-101__autocad-flat,main,LEVEL 1 FLOOR PLAN,X-S,EXT-1,true,true,,208.67,168.89,172.67,14.5,9,85.66,85.66,-59.0,-49.3,0.00,PARTIAL,"wallsFromStrokes series test (inAHatchSeries): the type is drawn as 5 parallel lines, so every pair of its faces has a third line continuing the spacing"
A-101__autocad-flat,main,LEVEL 1 FLOOR PLAN,X-E,EXT-1,true,true,,93.33,79.65,82.33,14.5,6,55.67,55.61,-40.4,-30.1,0.00,PARTIAL,"wallsFromStrokes series test (inAHatchSeries): the type is drawn as 5 parallel lines, so every pair of its faces has a third line continuing the spacing"
A-101__autocad-flat,main,LEVEL 1 FLOOR PLAN,X-N,EXT-2,true,true,,208.67,170.13,175.67,14.5,20,186.76,186.76,-10.5,9.8,0.00,FOUND,""
A-101__autocad-flat,main,LEVEL 1 FLOOR PLAN,X-W,EXT-1,true,true,,93.33,84.22,85.33,14.5,1,2.67,2.67,-97.1,-96.8,0.00,PARTIAL,"wallsFromStrokes series test (inAHatchSeries): the type is drawn as 5 parallel lines, so every pair of its faces has a third line continuing the spacing"
A-101__autocad-flat,main,LEVEL 1 FLOOR PLAN,SF-1,SF,false,true,,20.00,0.00,0.00,10,0,0.00,0.00,-100.0,,0.00,MISSED,"only one face reached the reader, or the faces came back 0.62\" apart — under wallFromPair's 0.2 ft (2.4\") thickness floor"
A-101__autocad-flat,main,LEVEL 1 FLOOR PLAN,C-S,A1,true,true,,178.00,139.36,145.00,10.5,31,161.42,161.42,-9.3,15.8,0.00,FOUND,""
A-101__autocad-flat,main,LEVEL 1 FLOOR PLAN,C-N,A1,true,true,,178.00,140.89,146.50,10.5,30,160.58,160.58,-9.8,14.0,0.00,FOUND,""
A-101__autocad-flat,main,LEVEL 1 FLOOR PLAN,B-S,A1,true,true,,43.67,40.89,43.67,10.5,2,39.59,39.59,-9.3,-3.2,0.00,FOUND,""
A-101__autocad-flat,main,LEVEL 1 FLOOR PLAN,B-N,A1,true,true,,43.67,40.89,43.67,10.5,2,35.59,35.59,-18.5,-13.0,0.00,FOUND,""
A-101__autocad-flat,main,LEVEL 1 FLOOR PLAN,LB-1,A1,true,true,,30.67,25.59,27.67,9,2,19.30,19.30,-37.1,-24.6,0.00,PARTIAL,"wallsFromStrokes one-face-one-use: the faces are broken into pieces (openings, T junctions, columns) and the long piece is spent on one partner, stranding the rest"
A-101__autocad-flat,main,LEVEL 1 FLOOR PLAN,LB-2,A1,true,true,,32.67,29.13,29.67,10.5,3,31.94,31.94,-2.2,9.7,0.00,FOUND,""
A-101__autocad-flat,main,LEVEL 1 FLOOR PLAN,RCP-ARC,A1,true,true,,23.04,23.04,23.04,10.5,6,22.80,22.83,-1.0,-1.0,0.00,FOUND,""
A-101__autocad-flat,main,LEVEL 1 FLOOR PLAN,LB-30,A1,true,true,,10.00,10.00,10.00,10.5,1,10.00,10.00,-0.0,-0.0,0.00,FOUND,""
A-101__autocad-flat,main,LEVEL 1 FLOOR PLAN,N-BK,A1,true,true,,87.33,76.10,78.33,10.5,7,77.16,77.16,-11.6,1.4,0.00,FOUND,""
A-101__autocad-flat,main,LEVEL 1 FLOOR PLAN,N-EX40,A2,true,true,,17.00,16.59,17.00,14.5,1,16.73,16.73,-1.6,0.8,0.00,FOUND,""
A-101__autocad-flat,main,LEVEL 1 FLOOR PLAN,N-EX50,A2,true,true,,17.00,16.59,17.00,14.5,1,17.01,17.00,0.1,2.5,0.00,FOUND,""
A-101__autocad-flat,main,LEVEL 1 FLOOR PLAN,N-EX60,A2,true,true,,17.00,15.59,17.00,14.5,2,15.59,15.59,-8.3,0.0,0.00,FOUND,""
A-101__autocad-flat,main,LEVEL 1 FLOOR PLAN,N-EX70,A2,true,true,,17.00,16.59,17.00,14.5,1,16.73,16.73,-1.6,0.8,0.00,FOUND,""
A-101__autocad-flat,main,LEVEL 1 FLOOR PLAN,N-EX80,A2,true,true,,17.00,16.59,17.00,14.5,1,16.94,16.93,-0.3,2.1,0.00,FOUND,""
A-101__autocad-flat,main,LEVEL 1 FLOOR PLAN,N-D,B1,true,true,,43.67,37.89,40.67,14.5,5,40.19,40.19,-8.0,6.1,0.00,FOUND,""
A-101__autocad-flat,main,LEVEL 1 FLOOR PLAN,N-OF50,A1,true,true,,26.67,26.13,26.67,10.5,1,26.32,26.32,-1.3,0.7,0.00,FOUND,""
A-101__autocad-flat,main,LEVEL 1 FLOOR PLAN,N-OF70,A1,true,true,,26.67,26.13,26.67,10.5,1,26.32,26.32,-1.3,0.7,0.00,FOUND,""
A-101__autocad-flat,main,LEVEL 1 FLOOR PLAN,NS-45,A1,true,true,,8.49,7.91,8.49,10.5,1,8.20,8.20,-3.3,3.7,0.00,FOUND,""
A-101__autocad-flat,main,LEVEL 1 FLOOR PLAN,NS-H,A1,true,true,,12.00,8.71,9.00,10.5,3,11.55,11.53,-3.7,32.6,0.00,FOUND,""
A-101__autocad-flat,main,LEVEL 1 FLOOR PLAN,NS-V,A1,true,true,,6.00,5.59,6.00,10.5,1,5.98,5.97,-0.4,6.8,0.00,FOUND,""
A-101__autocad-flat,main,LEVEL 1 FLOOR PLAN,N-E,A1,true,true,,43.67,36.96,39.67,10.5,4,35.32,35.32,-19.1,-4.5,0.00,FOUND,""
A-101__autocad-flat,main,LEVEL 1 FLOOR PLAN,CF-17,A1,true,true,,18.00,17.72,18.00,10.5,1,17.84,17.84,-0.9,0.7,0.00,FOUND,""
A-101__autocad-flat,main,LEVEL 1 FLOOR PLAN,N-F,A1,true,true,,43.67,34.69,37.67,10.5,3,27.99,27.99,-35.9,-19.3,0.00,PARTIAL,"wallsFromStrokes one-face-one-use: the faces are broken into pieces (openings, T junctions, columns) and the long piece is spent on one partner, stranding the rest"
A-101__autocad-flat,main,LEVEL 1 FLOOR PLAN,IM-V,B1,true,true,,43.67,42.52,43.67,14.5,2,32.64,32.64,-25.2,-23.2,0.00,PARTIAL,"wallsFromStrokes one-face-one-use: the faces are broken into pieces (openings, T junctions, columns) and the long piece is spent on one partner, stranding the rest"
A-101__autocad-flat,main,LEVEL 1 FLOOR PLAN,IM-H,B1,true,true,,17.67,17.16,17.67,14.5,0,0.00,0.00,-100.0,-100.0,0.00,MISSED,"only one face reached the reader, or the faces came back 0.00\" apart — under wallFromPair's 0.2 ft (2.4\") thickness floor"
A-101__autocad-flat,main,LEVEL 1 FLOOR PLAN,ST-V,CMU,false,true,,30.67,29.61,30.67,14.5,1,13.80,13.80,-55.0,-53.4,0.00,PARTIAL,"wallsFromStrokes series test (inAHatchSeries): a 16.2 ft parallel line 5.3\" off centre continues the face spacing — wall (A-WALL)"
A-101__autocad-flat,main,LEVEL 1 FLOOR PLAN,ST-H,CMU,false,true,,18.00,17.31,18.00,14.5,0,0.00,0.00,-100.0,-100.0,0.00,MISSED,"wallsFromStrokes series test (inAHatchSeries): a 18.1 ft parallel line 5.3\" off centre continues the face spacing — wall (A-WALL)"
A-101__autocad-flat,main,LEVEL 1 FLOOR PLAN,FR-V,F1,true,true,,31.05,30.25,31.05,14.5,0,0.00,0.00,-100.0,-100.0,0.00,MISSED,"only one face reached the reader, or the faces came back 1.50\" apart — under wallFromPair's 0.2 ft (2.4\") thickness floor"
A-101__autocad-flat,main,LEVEL 1 FLOOR PLAN,FR-H,F1,true,true,,18.38,17.95,18.38,14.5,0,0.00,0.00,-100.0,-100.0,0.00,MISSED,"only one face reached the reader, or the faces came back 1.50\" apart — under wallFromPair's 0.2 ft (2.4\") thickness floor"
A-101__autocad-flat,main,LEVEL 1 FLOOR PLAN,EL-V,C1,true,true,,14.67,14.13,14.67,14.5,1,13.78,13.78,-6.0,-2.5,0.00,FOUND,""
A-101__autocad-flat,main,LEVEL 1 FLOOR PLAN,EL-H,C1,true,true,,12.00,11.36,12.00,14.5,1,11.60,11.60,-3.3,2.1,0.00,FOUND,""
A-101__autocad-flat,main,LEVEL 1 FLOOR PLAN,S-BK,A1,true,true,,57.33,49.20,51.33,10.5,8,54.25,54.25,-5.4,10.3,0.00,FOUND,""
A-101__autocad-flat,main,LEVEL 1 FLOOR PLAN,S-EX40,A2,true,true,,15.00,14.59,15.00,14.5,1,14.82,14.80,-1.2,1.5,0.00,FOUND,""
A-101__autocad-flat,main,LEVEL 1 FLOOR PLAN,S-EX50,A2,true,true,,15.00,14.59,15.00,14.5,1,14.82,14.80,-1.2,1.5,0.00,FOUND,""
A-101__autocad-flat,main,LEVEL 1 FLOOR PLAN,S-EX60,A2,true,true,,15.00,13.59,15.00,14.5,1,12.30,12.30,-18.0,-9.5,0.00,FOUND,""
A-101__autocad-flat,main,LEVEL 1 FLOOR PLAN,S-EX70,A2,true,true,,15.00,14.59,15.00,14.5,1,14.82,14.80,-1.2,1.5,0.00,FOUND,""
A-101__autocad-flat,main,LEVEL 1 FLOOR PLAN,S-EX80,A2,true,true,,15.00,14.59,15.00,14.5,1,15.05,15.00,0.3,3.1,0.00,FOUND,""
A-101__autocad-flat,main,LEVEL 1 FLOOR PLAN,S-OF,A1,true,true,,28.67,28.09,28.67,10.5,1,28.27,28.27,-1.4,0.6,0.00,FOUND,""
A-101__autocad-flat,main,LEVEL 1 FLOOR PLAN,S-D,B1,true,true,,43.67,37.48,40.67,14.5,5,36.75,34.15,-15.8,-2.0,2.60,PARTIAL,"wallsFromStrokes one-face-one-use: the faces are broken into pieces (openings, T junctions, columns) and the long piece is spent on one partner, stranding the rest"
A-101__autocad-flat,main,LEVEL 1 FLOOR PLAN,S-E,A1,true,true,,43.67,40.89,43.67,10.5,3,40.89,40.89,-6.4,0.0,0.00,FOUND,""
A-101__autocad-flat,main,LEVEL 1 FLOOR PLAN,S-20,A1,true,true,,60.00,59.09,60.00,10.5,2,59.41,59.41,-1.0,0.6,0.00,FOUND,""
A-101__autocad-flat,main,LEVEL 1 FLOOR PLAN,S-F,A1,true,true,,43.67,40.89,43.67,10.5,2,31.59,31.59,-27.6,-22.7,0.00,PARTIAL,"wallsFromStrokes one-face-one-use: the faces are broken into pieces (openings, T junctions, columns) and the long piece is spent on one partner, stranding the rest"
A-101__autocad-flat,main,LEVEL 1 FLOOR PLAN,S-165,A1,true,true,,43.67,42.69,43.67,10.5,2,42.74,42.72,-2.1,0.1,0.00,FOUND,""
A-101__autocad-flat,main,LEVEL 1 FLOOR PLAN,RR-10,A2,true,true,,43.00,35.22,37.00,14.5,6,40.76,40.75,-5.2,15.7,0.00,FOUND,""
A-101__autocad-flat,main,LEVEL 1 FLOOR PLAN,RR-CH,D1,true,true,,33.00,32.59,33.00,14.5,1,33.04,33.00,0.1,1.4,0.00,FOUND,""
A-101__autocad-flat,main,LEVEL 1 FLOOR PLAN,EL-RM,A1,true,true,,10.67,10.09,10.67,10.5,1,10.28,10.28,-3.7,1.8,0.00,FOUND,""
A-101__shx,main,LEVEL 1 FLOOR PLAN,X-S,EXT-1,true,true,,208.67,168.89,172.67,14.5,0,0.00,0.00,-100.0,-100.0,0.00,MISSED,"wallsFromStrokes series test (inAHatchSeries): the type is drawn as 5 parallel lines, so every pair of its faces has a third line continuing the spacing"
A-101__shx,main,LEVEL 1 FLOOR PLAN,X-E,EXT-1,true,true,,93.33,79.65,82.33,14.5,1,18.00,18.00,-80.7,-77.4,0.00,PARTIAL,"wallsFromStrokes series test (inAHatchSeries): the type is drawn as 5 parallel lines, so every pair of its faces has a third line continuing the spacing"
A-101__shx,main,LEVEL 1 FLOOR PLAN,X-N,EXT-2,true,true,,208.67,170.13,175.67,14.5,0,0.00,0.00,-100.0,-100.0,0.00,MISSED,"wallFromPair face-length ratio: its two faces are drawn 0.6 ft and 38.0 ft (63.3x > 3x) — one face broken at junctions/openings, the other continuous"
A-101__shx,main,LEVEL 1 FLOOR PLAN,X-W,EXT-1,true,true,,93.33,84.22,85.33,14.5,1,41.00,41.00,-56.1,-51.3,0.00,PARTIAL,"wallsFromStrokes series test (inAHatchSeries): the type is drawn as 5 parallel lines, so every pair of its faces has a third line continuing the spacing"
A-101__shx,main,LEVEL 1 FLOOR PLAN,SF-1,SF,false,true,,20.00,0.00,0.00,10,0,0.00,0.00,-100.0,,0.00,MISSED,"only one face reached the reader, or the faces came back 0.62\" apart — under wallFromPair's 0.2 ft (2.4\") thickness floor"
A-101__shx,main,LEVEL 1 FLOOR PLAN,C-S,A1,true,true,,178.00,139.36,145.00,10.5,31,161.49,161.49,-9.3,15.9,0.00,FOUND,""
A-101__shx,main,LEVEL 1 FLOOR PLAN,C-N,A1,true,true,,178.00,140.89,146.50,10.5,30,160.30,160.30,-9.9,13.8,0.00,FOUND,""
A-101__shx,main,LEVEL 1 FLOOR PLAN,B-S,A1,true,true,,43.67,40.89,43.67,10.5,2,39.59,39.59,-9.3,-3.2,0.00,FOUND,""
A-101__shx,main,LEVEL 1 FLOOR PLAN,B-N,A1,true,true,,43.67,40.89,43.67,10.5,2,35.59,35.59,-18.5,-13.0,0.00,FOUND,""
A-101__shx,main,LEVEL 1 FLOOR PLAN,LB-1,A1,true,true,,30.67,25.59,27.67,9,3,25.70,25.70,-16.2,0.4,0.00,FOUND,""
A-101__shx,main,LEVEL 1 FLOOR PLAN,LB-2,A1,true,true,,32.67,29.13,29.67,10.5,3,31.61,31.61,-3.2,8.5,0.00,FOUND,""
A-101__shx,main,LEVEL 1 FLOOR PLAN,RCP-ARC,A1,true,true,,23.04,23.04,23.04,10.5,0,0.00,0.00,-100.0,-100.0,0.00,MISSED,"sheetStrokes skips curveTo: a curved wall has no straight faces to pair"
A-101__shx,main,LEVEL 1 FLOOR PLAN,LB-30,A1,true,true,,10.00,10.00,10.00,10.5,1,10.00,10.00,-0.0,-0.0,0.00,FOUND,""
A-101__shx,main,LEVEL 1 FLOOR PLAN,N-BK,A1,true,true,,87.33,76.10,78.33,10.5,7,70.12,70.12,-19.7,-7.9,0.00,FOUND,""
A-101__shx,main,LEVEL 1 FLOOR PLAN,N-EX40,A2,true,true,,17.00,16.59,17.00,14.5,1,16.80,16.80,-1.2,1.2,0.00,FOUND,""
A-101__shx,main,LEVEL 1 FLOOR PLAN,N-EX50,A2,true,true,,17.00,16.59,17.00,14.5,1,16.80,16.80,-1.2,1.2,0.00,FOUND,""
A-101__shx,main,LEVEL 1 FLOOR PLAN,N-EX60,A2,true,true,,17.00,15.59,17.00,14.5,2,15.59,15.59,-8.3,0.0,0.00,FOUND,""
A-101__shx,main,LEVEL 1 FLOOR PLAN,N-EX70,A2,true,true,,17.00,16.59,17.00,14.5,1,16.73,16.73,-1.6,0.8,0.00,FOUND,""
A-101__shx,main,LEVEL 1 FLOOR PLAN,N-EX80,A2,true,true,,17.00,16.59,17.00,14.5,1,16.94,16.93,-0.3,2.1,0.00,FOUND,""
A-101__shx,main,LEVEL 1 FLOOR PLAN,N-D,B1,true,true,,43.67,37.89,40.67,14.5,4,38.30,38.30,-12.3,1.1,0.00,FOUND,""
A-101__shx,main,LEVEL 1 FLOOR PLAN,N-OF50,A1,true,true,,26.67,26.13,26.67,10.5,1,26.32,26.32,-1.3,0.7,0.00,FOUND,""
A-101__shx,main,LEVEL 1 FLOOR PLAN,N-OF70,A1,true,true,,26.67,26.13,26.67,10.5,1,26.32,26.32,-1.3,0.7,0.00,FOUND,""
A-101__shx,main,LEVEL 1 FLOOR PLAN,NS-45,A1,true,true,,8.49,7.91,8.49,10.5,1,8.20,8.20,-3.3,3.7,0.00,FOUND,""
A-101__shx,main,LEVEL 1 FLOOR PLAN,NS-H,A1,true,true,,12.00,8.71,9.00,10.5,3,11.55,11.53,-3.7,32.6,0.00,FOUND,""
A-101__shx,main,LEVEL 1 FLOOR PLAN,NS-V,A1,true,true,,6.00,5.59,6.00,10.5,1,5.98,5.97,-0.4,6.8,0.00,FOUND,""
A-101__shx,main,LEVEL 1 FLOOR PLAN,N-E,A1,true,true,,43.67,36.96,39.67,10.5,4,35.32,35.32,-19.1,-4.5,0.00,FOUND,""
A-101__shx,main,LEVEL 1 FLOOR PLAN,CF-17,A1,true,true,,18.00,17.72,18.00,10.5,1,17.72,17.72,-1.5,-0.0,0.00,FOUND,""
A-101__shx,main,LEVEL 1 FLOOR PLAN,N-F,A1,true,true,,43.67,34.69,37.67,10.5,3,27.99,27.99,-35.9,-19.3,0.00,PARTIAL,"wallsFromStrokes one-face-one-use: the faces are broken into pieces (openings, T junctions, columns) and the long piece is spent on one partner, stranding the rest"
A-101__shx,main,LEVEL 1 FLOOR PLAN,IM-V,B1,true,true,,43.67,42.52,43.67,14.5,3,42.63,42.63,-2.4,0.2,0.00,FOUND,""
A-101__shx,main,LEVEL 1 FLOOR PLAN,IM-H,B1,true,true,,17.67,17.16,17.67,14.5,1,17.38,17.38,-1.6,1.3,0.00,FOUND,""
A-101__shx,main,LEVEL 1 FLOOR PLAN,ST-V,CMU,false,true,,30.67,29.61,30.67,14.5,1,13.80,13.80,-55.0,-53.4,0.00,PARTIAL,"wallsFromStrokes series test (inAHatchSeries): a 16.2 ft parallel line 5.3\" off centre continues the face spacing — wall (A-WALL)"
A-101__shx,main,LEVEL 1 FLOOR PLAN,ST-H,CMU,false,true,,18.00,17.31,18.00,14.5,0,0.00,0.00,-100.0,-100.0,0.00,MISSED,"wallsFromStrokes series test (inAHatchSeries): a 18.1 ft parallel line 5.3\" off centre continues the face spacing — wall (A-WALL)"
A-101__shx,main,LEVEL 1 FLOOR PLAN,FR-V,F1,true,true,,31.05,30.25,31.05,14.5,0,0.00,0.00,-100.0,-100.0,0.00,MISSED,"only one face reached the reader, or the faces came back 1.50\" apart — under wallFromPair's 0.2 ft (2.4\") thickness floor"
A-101__shx,main,LEVEL 1 FLOOR PLAN,FR-H,F1,true,true,,18.38,17.95,18.38,14.5,0,0.00,0.00,-100.0,-100.0,0.00,MISSED,"only one face reached the reader, or the faces came back 1.50\" apart — under wallFromPair's 0.2 ft (2.4\") thickness floor"
A-101__shx,main,LEVEL 1 FLOOR PLAN,EL-V,C1,true,true,,14.67,14.13,14.67,14.5,1,13.78,13.78,-6.0,-2.5,0.00,FOUND,""
A-101__shx,main,LEVEL 1 FLOOR PLAN,EL-H,C1,true,true,,12.00,11.36,12.00,14.5,1,11.60,11.60,-3.3,2.1,0.00,FOUND,""
A-101__shx,main,LEVEL 1 FLOOR PLAN,S-BK,A1,true,true,,57.33,49.20,51.33,10.5,8,54.18,54.18,-5.5,10.1,0.00,FOUND,""
A-101__shx,main,LEVEL 1 FLOOR PLAN,S-EX40,A2,true,true,,15.00,14.59,15.00,14.5,1,14.82,14.80,-1.2,1.5,0.00,FOUND,""
A-101__shx,main,LEVEL 1 FLOOR PLAN,S-EX50,A2,true,true,,15.00,14.59,15.00,14.5,1,14.82,14.80,-1.2,1.5,0.00,FOUND,""
A-101__shx,main,LEVEL 1 FLOOR PLAN,S-EX60,A2,true,true,,15.00,13.59,15.00,14.5,1,12.30,12.30,-18.0,-9.5,0.00,FOUND,""
A-101__shx,main,LEVEL 1 FLOOR PLAN,S-EX70,A2,true,true,,15.00,14.59,15.00,14.5,1,14.82,14.80,-1.2,1.5,0.00,FOUND,""
A-101__shx,main,LEVEL 1 FLOOR PLAN,S-EX80,A2,true,true,,15.00,14.59,15.00,14.5,1,14.82,14.80,-1.2,1.5,0.00,FOUND,""
A-101__shx,main,LEVEL 1 FLOOR PLAN,S-OF,A1,true,true,,28.67,28.09,28.67,10.5,1,28.27,28.27,-1.4,0.6,0.00,FOUND,""
A-101__shx,main,LEVEL 1 FLOOR PLAN,S-D,B1,true,true,,43.67,37.48,40.67,14.5,4,37.94,37.94,-13.1,1.2,0.00,FOUND,""
A-101__shx,main,LEVEL 1 FLOOR PLAN,S-E,A1,true,true,,43.67,40.89,43.67,10.5,3,40.89,40.89,-6.4,0.0,0.00,FOUND,""
A-101__shx,main,LEVEL 1 FLOOR PLAN,S-20,A1,true,true,,60.00,59.09,60.00,10.5,2,59.41,59.41,-1.0,0.6,0.00,FOUND,""
A-101__shx,main,LEVEL 1 FLOOR PLAN,S-F,A1,true,true,,43.67,40.89,43.67,10.5,2,31.59,31.59,-27.6,-22.7,0.00,PARTIAL,"wallsFromStrokes one-face-one-use: the faces are broken into pieces (openings, T junctions, columns) and the long piece is spent on one partner, stranding the rest"
A-101__shx,main,LEVEL 1 FLOOR PLAN,S-165,A1,true,true,,43.67,42.69,43.67,10.5,2,42.74,42.72,-2.1,0.1,0.00,FOUND,""
A-101__shx,main,LEVEL 1 FLOOR PLAN,RR-10,A2,true,true,,43.00,35.22,37.00,14.5,6,40.51,40.50,-5.8,15.0,0.00,FOUND,""
A-101__shx,main,LEVEL 1 FLOOR PLAN,RR-CH,D1,true,true,,33.00,32.59,33.00,14.5,1,33.04,33.00,0.1,1.4,0.00,FOUND,""
A-101__shx,main,LEVEL 1 FLOOR PLAN,EL-RM,A1,true,true,,10.67,10.09,10.67,10.5,1,10.28,10.28,-3.7,1.8,0.00,FOUND,""
A-101__rotate,main,LEVEL 1 FLOOR PLAN,X-S,EXT-1,true,true,,208.67,168.89,172.67,14.5,0,0.00,0.00,-100.0,-100.0,0.00,MISSED,"wallsFromStrokes series test (inAHatchSeries): the type is drawn as 5 parallel lines, so every pair of its faces has a third line continuing the spacing"
A-101__rotate,main,LEVEL 1 FLOOR PLAN,X-E,EXT-1,true,true,,93.33,79.65,82.33,14.5,1,18.00,18.00,-80.7,-77.4,0.00,PARTIAL,"wallsFromStrokes series test (inAHatchSeries): the type is drawn as 5 parallel lines, so every pair of its faces has a third line continuing the spacing"
A-101__rotate,main,LEVEL 1 FLOOR PLAN,X-N,EXT-2,true,true,,208.67,170.13,175.67,14.5,0,0.00,0.00,-100.0,-100.0,0.00,MISSED,"wallFromPair face-length ratio: its two faces are drawn 0.6 ft and 38.0 ft (63.3x > 3x) — one face broken at junctions/openings, the other continuous"
A-101__rotate,main,LEVEL 1 FLOOR PLAN,X-W,EXT-1,true,true,,93.33,84.22,85.33,14.5,1,41.00,41.00,-56.1,-51.3,0.00,PARTIAL,"wallsFromStrokes series test (inAHatchSeries): the type is drawn as 5 parallel lines, so every pair of its faces has a third line continuing the spacing"
A-101__rotate,main,LEVEL 1 FLOOR PLAN,SF-1,SF,false,true,,20.00,0.00,0.00,10,0,0.00,0.00,-100.0,,0.00,MISSED,"only one face reached the reader, or the faces came back 0.62\" apart — under wallFromPair's 0.2 ft (2.4\") thickness floor"
A-101__rotate,main,LEVEL 1 FLOOR PLAN,C-S,A1,true,true,,178.00,139.36,145.00,10.5,31,161.42,161.42,-9.3,15.8,0.00,FOUND,""
A-101__rotate,main,LEVEL 1 FLOOR PLAN,C-N,A1,true,true,,178.00,140.89,146.50,10.5,30,160.58,160.58,-9.8,14.0,0.00,FOUND,""
A-101__rotate,main,LEVEL 1 FLOOR PLAN,B-S,A1,true,true,,43.67,40.89,43.67,10.5,2,39.59,39.59,-9.3,-3.2,0.00,FOUND,""
A-101__rotate,main,LEVEL 1 FLOOR PLAN,B-N,A1,true,true,,43.67,40.89,43.67,10.5,2,35.59,35.59,-18.5,-13.0,0.00,FOUND,""
A-101__rotate,main,LEVEL 1 FLOOR PLAN,LB-1,A1,true,true,,30.67,25.59,27.67,9,3,25.70,25.70,-16.2,0.4,0.00,FOUND,""
A-101__rotate,main,LEVEL 1 FLOOR PLAN,LB-2,A1,true,true,,32.67,29.13,29.67,10.5,3,31.61,31.61,-3.2,8.5,0.00,FOUND,""
A-101__rotate,main,LEVEL 1 FLOOR PLAN,RCP-ARC,A1,true,true,,23.04,23.04,23.04,10.5,0,0.00,0.00,-100.0,-100.0,0.00,MISSED,"sheetStrokes skips curveTo: a curved wall has no straight faces to pair"
A-101__rotate,main,LEVEL 1 FLOOR PLAN,LB-30,A1,true,true,,10.00,10.00,10.00,10.5,1,10.00,10.00,-0.0,-0.0,0.00,FOUND,""
A-101__rotate,main,LEVEL 1 FLOOR PLAN,N-BK,A1,true,true,,87.33,76.10,78.33,10.5,7,70.12,70.12,-19.7,-7.9,0.00,FOUND,""
A-101__rotate,main,LEVEL 1 FLOOR PLAN,N-EX40,A2,true,true,,17.00,16.59,17.00,14.5,1,16.73,16.73,-1.6,0.8,0.00,FOUND,""
A-101__rotate,main,LEVEL 1 FLOOR PLAN,N-EX50,A2,true,true,,17.00,16.59,17.00,14.5,1,16.80,16.80,-1.2,1.2,0.00,FOUND,""
A-101__rotate,main,LEVEL 1 FLOOR PLAN,N-EX60,A2,true,true,,17.00,15.59,17.00,14.5,2,15.59,15.59,-8.3,0.0,0.00,FOUND,""
A-101__rotate,main,LEVEL 1 FLOOR PLAN,N-EX70,A2,true,true,,17.00,16.59,17.00,14.5,1,16.73,16.73,-1.6,0.8,0.00,FOUND,""
A-101__rotate,main,LEVEL 1 FLOOR PLAN,N-EX80,A2,true,true,,17.00,16.59,17.00,14.5,1,16.94,16.93,-0.3,2.1,0.00,FOUND,""
A-101__rotate,main,LEVEL 1 FLOOR PLAN,N-D,B1,true,true,,43.67,37.89,40.67,14.5,4,38.30,38.30,-12.3,1.1,0.00,FOUND,""
A-101__rotate,main,LEVEL 1 FLOOR PLAN,N-OF50,A1,true,true,,26.67,26.13,26.67,10.5,1,26.32,26.32,-1.3,0.7,0.00,FOUND,""
A-101__rotate,main,LEVEL 1 FLOOR PLAN,N-OF70,A1,true,true,,26.67,26.13,26.67,10.5,1,26.32,26.32,-1.3,0.7,0.00,FOUND,""
A-101__rotate,main,LEVEL 1 FLOOR PLAN,NS-45,A1,true,true,,8.49,7.91,8.49,10.5,1,8.20,8.20,-3.3,3.7,0.00,FOUND,""
A-101__rotate,main,LEVEL 1 FLOOR PLAN,NS-H,A1,true,true,,12.00,8.71,9.00,10.5,3,11.55,11.53,-3.7,32.6,0.00,FOUND,""
A-101__rotate,main,LEVEL 1 FLOOR PLAN,NS-V,A1,true,true,,6.00,5.59,6.00,10.5,1,5.98,5.97,-0.4,6.8,0.00,FOUND,""
A-101__rotate,main,LEVEL 1 FLOOR PLAN,N-E,A1,true,true,,43.67,36.96,39.67,10.5,4,35.32,35.32,-19.1,-4.5,0.00,FOUND,""
A-101__rotate,main,LEVEL 1 FLOOR PLAN,CF-17,A1,true,true,,18.00,17.72,18.00,10.5,1,17.72,17.72,-1.5,-0.0,0.00,FOUND,""
A-101__rotate,main,LEVEL 1 FLOOR PLAN,N-F,A1,true,true,,43.67,34.69,37.67,10.5,3,27.99,27.99,-35.9,-19.3,0.00,PARTIAL,"wallsFromStrokes one-face-one-use: the faces are broken into pieces (openings, T junctions, columns) and the long piece is spent on one partner, stranding the rest"
A-101__rotate,main,LEVEL 1 FLOOR PLAN,IM-V,B1,true,true,,43.67,42.52,43.67,14.5,3,42.63,42.63,-2.4,0.2,0.00,FOUND,""
A-101__rotate,main,LEVEL 1 FLOOR PLAN,IM-H,B1,true,true,,17.67,17.16,17.67,14.5,1,17.38,17.38,-1.6,1.3,0.00,FOUND,""
A-101__rotate,main,LEVEL 1 FLOOR PLAN,ST-V,CMU,false,true,,30.67,29.61,30.67,14.5,1,13.80,13.80,-55.0,-53.4,0.00,PARTIAL,"wallsFromStrokes series test (inAHatchSeries): a 16.2 ft parallel line 5.3\" off centre continues the face spacing — wall (A-WALL)"
A-101__rotate,main,LEVEL 1 FLOOR PLAN,ST-H,CMU,false,true,,18.00,17.31,18.00,14.5,0,0.00,0.00,-100.0,-100.0,0.00,MISSED,"wallsFromStrokes series test (inAHatchSeries): a 18.1 ft parallel line 5.3\" off centre continues the face spacing — wall (A-WALL)"
A-101__rotate,main,LEVEL 1 FLOOR PLAN,FR-V,F1,true,true,,31.05,30.25,31.05,14.5,0,0.00,0.00,-100.0,-100.0,0.00,MISSED,"only one face reached the reader, or the faces came back 1.50\" apart — under wallFromPair's 0.2 ft (2.4\") thickness floor"
A-101__rotate,main,LEVEL 1 FLOOR PLAN,FR-H,F1,true,true,,18.38,17.95,18.38,14.5,0,0.00,0.00,-100.0,-100.0,0.00,MISSED,"only one face reached the reader, or the faces came back 1.50\" apart — under wallFromPair's 0.2 ft (2.4\") thickness floor"
A-101__rotate,main,LEVEL 1 FLOOR PLAN,EL-V,C1,true,true,,14.67,14.13,14.67,14.5,1,13.78,13.78,-6.0,-2.5,0.00,FOUND,""
A-101__rotate,main,LEVEL 1 FLOOR PLAN,EL-H,C1,true,true,,12.00,11.36,12.00,14.5,1,11.60,11.60,-3.3,2.1,0.00,FOUND,""
A-101__rotate,main,LEVEL 1 FLOOR PLAN,S-BK,A1,true,true,,57.33,49.20,51.33,10.5,8,54.18,54.18,-5.5,10.1,0.00,FOUND,""
A-101__rotate,main,LEVEL 1 FLOOR PLAN,S-EX40,A2,true,true,,15.00,14.59,15.00,14.5,1,14.82,14.80,-1.2,1.5,0.00,FOUND,""
A-101__rotate,main,LEVEL 1 FLOOR PLAN,S-EX50,A2,true,true,,15.00,14.59,15.00,14.5,1,14.82,14.80,-1.2,1.5,0.00,FOUND,""
A-101__rotate,main,LEVEL 1 FLOOR PLAN,S-EX60,A2,true,true,,15.00,13.59,15.00,14.5,1,12.30,12.30,-18.0,-9.5,0.00,FOUND,""
A-101__rotate,main,LEVEL 1 FLOOR PLAN,S-EX70,A2,true,true,,15.00,14.59,15.00,14.5,1,14.82,14.80,-1.2,1.5,0.00,FOUND,""
A-101__rotate,main,LEVEL 1 FLOOR PLAN,S-EX80,A2,true,true,,15.00,14.59,15.00,14.5,1,14.82,14.80,-1.2,1.5,0.00,FOUND,""
A-101__rotate,main,LEVEL 1 FLOOR PLAN,S-OF,A1,true,true,,28.67,28.09,28.67,10.5,1,28.27,28.27,-1.4,0.6,0.00,FOUND,""
A-101__rotate,main,LEVEL 1 FLOOR PLAN,S-D,B1,true,true,,43.67,37.48,40.67,14.5,4,37.94,37.94,-13.1,1.2,0.00,FOUND,""
A-101__rotate,main,LEVEL 1 FLOOR PLAN,S-E,A1,true,true,,43.67,40.89,43.67,10.5,3,40.89,40.89,-6.4,0.0,0.00,FOUND,""
A-101__rotate,main,LEVEL 1 FLOOR PLAN,S-20,A1,true,true,,60.00,59.09,60.00,10.5,2,59.41,59.41,-1.0,0.6,0.00,FOUND,""
A-101__rotate,main,LEVEL 1 FLOOR PLAN,S-F,A1,true,true,,43.67,40.89,43.67,10.5,2,31.59,31.59,-27.6,-22.7,0.00,PARTIAL,"wallsFromStrokes one-face-one-use: the faces are broken into pieces (openings, T junctions, columns) and the long piece is spent on one partner, stranding the rest"
A-101__rotate,main,LEVEL 1 FLOOR PLAN,S-165,A1,true,true,,43.67,42.69,43.67,10.5,2,42.74,42.72,-2.1,0.1,0.00,FOUND,""
A-101__rotate,main,LEVEL 1 FLOOR PLAN,RR-10,A2,true,true,,43.00,35.22,37.00,14.5,6,40.51,40.50,-5.8,15.0,0.00,FOUND,""
A-101__rotate,main,LEVEL 1 FLOOR PLAN,RR-CH,D1,true,true,,33.00,32.59,33.00,14.5,1,33.04,33.00,0.1,1.4,0.00,FOUND,""
A-101__rotate,main,LEVEL 1 FLOOR PLAN,EL-RM,A1,true,true,,10.67,10.09,10.67,10.5,1,10.28,10.28,-3.7,1.8,0.00,FOUND,""
A-101__half-11x17,main,LEVEL 1 FLOOR PLAN,X-S,EXT-1,true,true,,208.67,168.89,172.67,14.5,0,0.00,0.00,-100.0,-100.0,0.00,MISSED,"wallsFromStrokes series test (inAHatchSeries): the type is drawn as 5 parallel lines, so every pair of its faces has a third line continuing the spacing"
A-101__half-11x17,main,LEVEL 1 FLOOR PLAN,X-E,EXT-1,true,true,,93.33,79.65,82.33,14.5,1,17.99,17.99,-80.7,-77.4,0.00,PARTIAL,"wallsFromStrokes series test (inAHatchSeries): the type is drawn as 5 parallel lines, so every pair of its faces has a third line continuing the spacing"
A-101__half-11x17,main,LEVEL 1 FLOOR PLAN,X-N,EXT-2,true,true,,208.67,170.13,175.67,14.5,0,0.00,0.00,-100.0,-100.0,0.00,MISSED,"wallsFromStrokes series test (inAHatchSeries): the type is drawn as 4 parallel lines, so every pair of its faces has a third line continuing the spacing"
A-101__half-11x17,main,LEVEL 1 FLOOR PLAN,X-W,EXT-1,true,true,,93.33,84.22,85.33,14.5,1,40.98,40.98,-56.1,-51.3,0.00,PARTIAL,"wallsFromStrokes series test (inAHatchSeries): the type is drawn as 5 parallel lines, so every pair of its faces has a third line continuing the spacing"
A-101__half-11x17,main,LEVEL 1 FLOOR PLAN,SF-1,SF,false,true,,20.00,0.00,0.00,10,0,0.00,0.00,-100.0,,0.00,MISSED,"only one face reached the reader, or the faces came back 0.62\" apart — under wallFromPair's 0.2 ft (2.4\") thickness floor"
A-101__half-11x17,main,LEVEL 1 FLOOR PLAN,C-S,A1,true,true,,178.00,139.36,145.00,10.5,31,162.62,162.62,-8.6,16.7,0.00,FOUND,""
A-101__half-11x17,main,LEVEL 1 FLOOR PLAN,C-N,A1,true,true,,178.00,140.89,146.50,10.5,30,160.36,160.36,-9.9,13.8,0.00,FOUND,""
A-101__half-11x17,main,LEVEL 1 FLOOR PLAN,B-S,A1,true,true,,43.67,40.89,43.67,10.5,2,39.58,39.58,-9.4,-3.2,0.00,FOUND,""
A-101__half-11x17,main,LEVEL 1 FLOOR PLAN,B-N,A1,true,true,,43.67,40.89,43.67,10.5,2,35.58,35.58,-18.5,-13.0,0.00,FOUND,""
A-101__half-11x17,main,LEVEL 1 FLOOR PLAN,LB-1,A1,true,true,,30.67,25.59,27.67,9,3,25.62,25.62,-16.5,0.1,0.00,FOUND,""
A-101__half-11x17,main,LEVEL 1 FLOOR PLAN,LB-2,A1,true,true,,32.67,29.13,29.67,10.5,3,31.59,31.59,-3.3,8.5,0.00,FOUND,""
A-101__half-11x17,main,LEVEL 1 FLOOR PLAN,RCP-ARC,A1,true,true,,23.04,23.04,23.04,10.5,0,0.00,0.00,-100.0,-100.0,0.00,MISSED,"sheetStrokes skips curveTo: a curved wall has no straight faces to pair"
A-101__half-11x17,main,LEVEL 1 FLOOR PLAN,LB-30,A1,true,true,,10.00,10.00,10.00,10.5,1,10.00,9.96,-0.0,-0.0,0.00,FOUND,""
A-101__half-11x17,main,LEVEL 1 FLOOR PLAN,N-BK,A1,true,true,,87.33,76.10,78.33,10.5,7,70.20,70.20,-19.6,-7.8,0.00,FOUND,""
A-101__half-11x17,main,LEVEL 1 FLOOR PLAN,N-EX40,A2,true,true,,17.00,16.59,17.00,14.5,1,16.71,16.71,-1.7,0.7,0.00,FOUND,""
A-101__half-11x17,main,LEVEL 1 FLOOR PLAN,N-EX50,A2,true,true,,17.00,16.59,17.00,14.5,1,16.71,16.71,-1.7,0.7,0.00,FOUND,""
A-101__half-11x17,main,LEVEL 1 FLOOR PLAN,N-EX60,A2,true,true,,17.00,15.59,17.00,14.5,2,15.59,15.59,-8.3,-0.0,0.00,FOUND,""
A-101__half-11x17,main,LEVEL 1 FLOOR PLAN,N-EX70,A2,true,true,,17.00,16.59,17.00,14.5,1,16.71,16.71,-1.7,0.7,0.00,FOUND,""
A-101__half-11x17,main,LEVEL 1 FLOOR PLAN,N-EX80,A2,true,true,,17.00,16.59,17.00,14.5,1,17.01,16.96,0.0,2.5,0.00,FOUND,""
A-101__half-11x17,main,LEVEL 1 FLOOR PLAN,N-D,B1,true,true,,43.67,37.89,40.67,14.5,4,38.28,38.28,-12.3,1.0,0.00,FOUND,""
A-101__half-11x17,main,LEVEL 1 FLOOR PLAN,N-OF50,A1,true,true,,26.67,26.13,26.67,10.5,1,26.29,26.26,-1.4,0.6,0.00,FOUND,""
A-101__half-11x17,main,LEVEL 1 FLOOR PLAN,N-OF70,A1,true,true,,26.67,26.13,26.67,10.5,1,26.29,26.26,-1.4,0.6,0.00,FOUND,""
A-101__half-11x17,main,LEVEL 1 FLOOR PLAN,NS-45,A1,true,true,,8.49,7.91,8.49,10.5,1,8.20,8.20,-3.3,3.7,0.00,FOUND,""
A-101__half-11x17,main,LEVEL 1 FLOOR PLAN,NS-H,A1,true,true,,12.00,8.71,9.00,10.5,3,11.56,11.47,-3.7,32.6,0.00,FOUND,""
A-101__half-11x17,main,LEVEL 1 FLOOR PLAN,NS-V,A1,true,true,,6.00,5.59,6.00,10.5,1,5.97,5.93,-0.5,6.8,0.00,FOUND,""
A-101__half-11x17,main,LEVEL 1 FLOOR PLAN,N-E,A1,true,true,,43.67,36.96,39.67,10.5,4,35.30,35.30,-19.2,-4.5,0.00,FOUND,""
A-101__half-11x17,main,LEVEL 1 FLOOR PLAN,CF-17,A1,true,true,,18.00,17.72,18.00,10.5,1,17.71,17.71,-1.6,-0.0,0.00,FOUND,""
A-101__half-11x17,main,LEVEL 1 FLOOR PLAN,N-F,A1,true,true,,43.67,34.69,37.67,10.5,3,27.98,27.98,-35.9,-19.3,0.00,PARTIAL,"wallFromPair face-length ratio: its two faces are drawn 16.5 ft and 0.1 ft (123.7x > 3x) — one face broken at junctions/openings, the other continuous"
A-101__half-11x17,main,LEVEL 1 FLOOR PLAN,IM-V,B1,true,true,,43.67,42.52,43.67,14.5,3,42.60,42.60,-2.4,0.2,0.00,FOUND,""
A-101__half-11x17,main,LEVEL 1 FLOOR PLAN,IM-H,B1,true,true,,17.67,17.16,17.67,14.5,1,17.40,17.40,-1.5,1.4,0.00,FOUND,""
A-101__half-11x17,main,LEVEL 1 FLOOR PLAN,ST-V,CMU,false,true,,30.67,29.61,30.67,14.5,1,13.80,13.80,-55.0,-53.4,0.00,PARTIAL,"only one face reached the reader, or the faces came back 0.00\" apart — under wallFromPair's 0.2 ft (2.4\") thickness floor"
A-101__half-11x17,main,LEVEL 1 FLOOR PLAN,ST-H,CMU,false,true,,18.00,17.31,18.00,14.5,0,0.00,0.00,-100.0,-100.0,0.00,MISSED,"wallsFromStrokes series test (inAHatchSeries): a 18.1 ft parallel line 6.0\" off centre continues the face spacing — wall (A-WALL)"
A-101__half-11x17,main,LEVEL 1 FLOOR PLAN,FR-V,F1,true,true,,31.05,30.25,31.05,14.5,0,0.00,0.00,-100.0,-100.0,0.00,MISSED,"only one face reached the reader, or the faces came back 0.00\" apart — under wallFromPair's 0.2 ft (2.4\") thickness floor"
A-101__half-11x17,main,LEVEL 1 FLOOR PLAN,FR-H,F1,true,true,,18.38,17.95,18.38,14.5,0,0.00,0.00,-100.0,-100.0,0.00,MISSED,"only one face reached the reader, or the faces came back 1.50\" apart — under wallFromPair's 0.2 ft (2.4\") thickness floor"
A-101__half-11x17,main,LEVEL 1 FLOOR PLAN,EL-V,C1,true,true,,14.67,14.13,14.67,14.5,1,13.77,13.75,-6.1,-2.5,0.00,FOUND,""
A-101__half-11x17,main,LEVEL 1 FLOOR PLAN,EL-H,C1,true,true,,12.00,11.36,12.00,14.5,1,11.67,11.53,-2.7,2.8,0.00,FOUND,""
A-101__half-11x17,main,LEVEL 1 FLOOR PLAN,S-BK,A1,true,true,,57.33,49.20,51.33,10.5,8,54.19,54.19,-5.5,10.1,0.00,FOUND,""
A-101__half-11x17,main,LEVEL 1 FLOOR PLAN,S-EX40,A2,true,true,,15.00,14.59,15.00,14.5,1,14.75,14.75,-1.7,1.1,0.00,FOUND,""
A-101__half-11x17,main,LEVEL 1 FLOOR PLAN,S-EX50,A2,true,true,,15.00,14.59,15.00,14.5,1,14.75,14.75,-1.7,1.1,0.00,FOUND,""
A-101__half-11x17,main,LEVEL 1 FLOOR PLAN,S-EX60,A2,true,true,,15.00,13.59,15.00,14.5,1,12.29,12.29,-18.1,-9.6,0.00,FOUND,""
A-101__half-11x17,main,LEVEL 1 FLOOR PLAN,S-EX70,A2,true,true,,15.00,14.59,15.00,14.5,1,14.75,14.75,-1.7,1.1,0.00,FOUND,""
A-101__half-11x17,main,LEVEL 1 FLOOR PLAN,S-EX80,A2,true,true,,15.00,14.59,15.00,14.5,1,14.75,14.75,-1.7,1.1,0.00,FOUND,""
A-101__half-11x17,main,LEVEL 1 FLOOR PLAN,S-OF,A1,true,true,,28.67,28.09,28.67,10.5,1,28.27,28.27,-1.4,0.6,0.00,FOUND,""
A-101__half-11x17,main,LEVEL 1 FLOOR PLAN,S-D,B1,true,true,,43.67,37.48,40.67,14.5,3,35.47,35.47,-18.8,-5.4,0.00,FOUND,""
A-101__half-11x17,main,LEVEL 1 FLOOR PLAN,S-E,A1,true,true,,43.67,40.89,43.67,10.5,3,40.87,40.87,-6.4,-0.0,0.00,FOUND,""
A-101__half-11x17,main,LEVEL 1 FLOOR PLAN,S-20,A1,true,true,,60.00,59.09,60.00,10.5,2,59.30,59.30,-1.2,0.4,0.00,FOUND,""
A-101__half-11x17,main,LEVEL 1 FLOOR PLAN,S-F,A1,true,true,,43.67,40.89,43.67,10.5,2,31.58,31.58,-27.7,-22.8,0.00,PARTIAL,"wallFromPair face-length ratio: its two faces are drawn 19.3 ft and 0.1 ft (144.7x > 3x) — one face broken at junctions/openings, the other continuous"
A-101__half-11x17,main,LEVEL 1 FLOOR PLAN,S-165,A1,true,true,,43.67,42.69,43.67,10.5,2,42.65,42.65,-2.3,-0.1,0.00,FOUND,""
A-101__half-11x17,main,LEVEL 1 FLOOR PLAN,RR-10,A2,true,true,,43.00,35.22,37.00,14.5,6,40.49,40.41,-5.8,15.0,0.00,FOUND,""
A-101__half-11x17,main,LEVEL 1 FLOOR PLAN,RR-CH,D1,true,true,,33.00,32.59,33.00,14.5,1,32.96,32.91,-0.1,1.1,0.00,FOUND,""
A-101__half-11x17,main,LEVEL 1 FLOOR PLAN,EL-RM,A1,true,true,,10.67,10.09,10.67,10.5,1,10.28,10.28,-3.6,1.9,0.00,FOUND,""
A-101__half-archB,main,LEVEL 1 FLOOR PLAN,X-S,EXT-1,true,true,,208.67,168.89,172.67,14.5,0,0.00,0.00,-100.0,-100.0,0.00,MISSED,"wallsFromStrokes series test (inAHatchSeries): the type is drawn as 5 parallel lines, so every pair of its faces has a third line continuing the spacing"
A-101__half-archB,main,LEVEL 1 FLOOR PLAN,X-E,EXT-1,true,true,,93.33,79.65,82.33,14.5,1,18.00,18.00,-80.7,-77.4,0.00,PARTIAL,"wallsFromStrokes series test (inAHatchSeries): the type is drawn as 5 parallel lines, so every pair of its faces has a third line continuing the spacing"
A-101__half-archB,main,LEVEL 1 FLOOR PLAN,X-N,EXT-2,true,true,,208.67,170.13,175.67,14.5,0,0.00,0.00,-100.0,-100.0,0.00,MISSED,"wallFromPair face-length ratio: its two faces are drawn 0.6 ft and 38.0 ft (63.3x > 3x) — one face broken at junctions/openings, the other continuous"
A-101__half-archB,main,LEVEL 1 FLOOR PLAN,X-W,EXT-1,true,true,,93.33,84.22,85.33,14.5,1,41.00,41.00,-56.1,-51.3,0.00,PARTIAL,"wallsFromStrokes series test (inAHatchSeries): the type is drawn as 5 parallel lines, so every pair of its faces has a third line continuing the spacing"
A-101__half-archB,main,LEVEL 1 FLOOR PLAN,SF-1,SF,false,true,,20.00,0.00,0.00,10,0,0.00,0.00,-100.0,,0.00,MISSED,"only one face reached the reader, or the faces came back 0.62\" apart — under wallFromPair's 0.2 ft (2.4\") thickness floor"
A-101__half-archB,main,LEVEL 1 FLOOR PLAN,C-S,A1,true,true,,178.00,139.36,145.00,10.5,31,161.42,161.42,-9.3,15.8,0.00,FOUND,""
A-101__half-archB,main,LEVEL 1 FLOOR PLAN,C-N,A1,true,true,,178.00,140.89,146.50,10.5,30,160.58,160.58,-9.8,14.0,0.00,FOUND,""
A-101__half-archB,main,LEVEL 1 FLOOR PLAN,B-S,A1,true,true,,43.67,40.89,43.67,10.5,2,39.59,39.59,-9.3,-3.2,0.00,FOUND,""
A-101__half-archB,main,LEVEL 1 FLOOR PLAN,B-N,A1,true,true,,43.67,40.89,43.67,10.5,2,35.59,35.59,-18.5,-13.0,0.00,FOUND,""
A-101__half-archB,main,LEVEL 1 FLOOR PLAN,LB-1,A1,true,true,,30.67,25.59,27.67,9,3,25.70,25.70,-16.2,0.4,0.00,FOUND,""
A-101__half-archB,main,LEVEL 1 FLOOR PLAN,LB-2,A1,true,true,,32.67,29.13,29.67,10.5,3,31.61,31.61,-3.2,8.5,0.00,FOUND,""
A-101__half-archB,main,LEVEL 1 FLOOR PLAN,RCP-ARC,A1,true,true,,23.04,23.04,23.04,10.5,0,0.00,0.00,-100.0,-100.0,0.00,MISSED,"sheetStrokes skips curveTo: a curved wall has no straight faces to pair"
A-101__half-archB,main,LEVEL 1 FLOOR PLAN,LB-30,A1,true,true,,10.00,10.00,10.00,10.5,1,10.00,10.00,-0.0,-0.0,0.00,FOUND,""
A-101__half-archB,main,LEVEL 1 FLOOR PLAN,N-BK,A1,true,true,,87.33,76.10,78.33,10.5,7,70.12,70.12,-19.7,-7.9,0.00,FOUND,""
A-101__half-archB,main,LEVEL 1 FLOOR PLAN,N-EX40,A2,true,true,,17.00,16.59,17.00,14.5,1,16.73,16.73,-1.6,0.8,0.00,FOUND,""
A-101__half-archB,main,LEVEL 1 FLOOR PLAN,N-EX50,A2,true,true,,17.00,16.59,17.00,14.5,1,16.80,16.80,-1.2,1.2,0.00,FOUND,""
A-101__half-archB,main,LEVEL 1 FLOOR PLAN,N-EX60,A2,true,true,,17.00,15.59,17.00,14.5,2,15.59,15.59,-8.3,0.0,0.00,FOUND,""
A-101__half-archB,main,LEVEL 1 FLOOR PLAN,N-EX70,A2,true,true,,17.00,16.59,17.00,14.5,1,16.73,16.73,-1.6,0.8,0.00,FOUND,""
A-101__half-archB,main,LEVEL 1 FLOOR PLAN,N-EX80,A2,true,true,,17.00,16.59,17.00,14.5,1,16.94,16.93,-0.3,2.1,0.00,FOUND,""
A-101__half-archB,main,LEVEL 1 FLOOR PLAN,N-D,B1,true,true,,43.67,37.89,40.67,14.5,4,38.30,38.30,-12.3,1.1,0.00,FOUND,""
A-101__half-archB,main,LEVEL 1 FLOOR PLAN,N-OF50,A1,true,true,,26.67,26.13,26.67,10.5,1,26.32,26.32,-1.3,0.7,0.00,FOUND,""
A-101__half-archB,main,LEVEL 1 FLOOR PLAN,N-OF70,A1,true,true,,26.67,26.13,26.67,10.5,1,26.32,26.32,-1.3,0.7,0.00,FOUND,""
A-101__half-archB,main,LEVEL 1 FLOOR PLAN,NS-45,A1,true,true,,8.49,7.91,8.49,10.5,1,8.20,8.20,-3.3,3.7,0.00,FOUND,""
A-101__half-archB,main,LEVEL 1 FLOOR PLAN,NS-H,A1,true,true,,12.00,8.71,9.00,10.5,3,11.55,11.53,-3.7,32.6,0.00,FOUND,""
A-101__half-archB,main,LEVEL 1 FLOOR PLAN,NS-V,A1,true,true,,6.00,5.59,6.00,10.5,1,5.98,5.97,-0.4,6.8,0.00,FOUND,""
A-101__half-archB,main,LEVEL 1 FLOOR PLAN,N-E,A1,true,true,,43.67,36.96,39.67,10.5,4,35.32,35.32,-19.1,-4.5,0.00,FOUND,""
A-101__half-archB,main,LEVEL 1 FLOOR PLAN,CF-17,A1,true,true,,18.00,17.72,18.00,10.5,1,17.72,17.72,-1.5,-0.0,0.00,FOUND,""
A-101__half-archB,main,LEVEL 1 FLOOR PLAN,N-F,A1,true,true,,43.67,34.69,37.67,10.5,3,27.99,27.99,-35.9,-19.3,0.00,PARTIAL,"wallsFromStrokes one-face-one-use: the faces are broken into pieces (openings, T junctions, columns) and the long piece is spent on one partner, stranding the rest"
A-101__half-archB,main,LEVEL 1 FLOOR PLAN,IM-V,B1,true,true,,43.67,42.52,43.67,14.5,3,42.63,42.63,-2.4,0.2,0.00,FOUND,""
A-101__half-archB,main,LEVEL 1 FLOOR PLAN,IM-H,B1,true,true,,17.67,17.16,17.67,14.5,1,17.38,17.38,-1.6,1.3,0.00,FOUND,""
A-101__half-archB,main,LEVEL 1 FLOOR PLAN,ST-V,CMU,false,true,,30.67,29.61,30.67,14.5,1,13.80,13.80,-55.0,-53.4,0.00,PARTIAL,"wallsFromStrokes series test (inAHatchSeries): a 16.2 ft parallel line 5.3\" off centre continues the face spacing — wall (A-WALL)"
A-101__half-archB,main,LEVEL 1 FLOOR PLAN,ST-H,CMU,false,true,,18.00,17.31,18.00,14.5,0,0.00,0.00,-100.0,-100.0,0.00,MISSED,"wallsFromStrokes series test (inAHatchSeries): a 18.1 ft parallel line 5.3\" off centre continues the face spacing — wall (A-WALL)"
A-101__half-archB,main,LEVEL 1 FLOOR PLAN,FR-V,F1,true,true,,31.05,30.25,31.05,14.5,0,0.00,0.00,-100.0,-100.0,0.00,MISSED,"only one face reached the reader, or the faces came back 1.50\" apart — under wallFromPair's 0.2 ft (2.4\") thickness floor"
A-101__half-archB,main,LEVEL 1 FLOOR PLAN,FR-H,F1,true,true,,18.38,17.95,18.38,14.5,0,0.00,0.00,-100.0,-100.0,0.00,MISSED,"only one face reached the reader, or the faces came back 1.50\" apart — under wallFromPair's 0.2 ft (2.4\") thickness floor"
A-101__half-archB,main,LEVEL 1 FLOOR PLAN,EL-V,C1,true,true,,14.67,14.13,14.67,14.5,1,13.78,13.78,-6.0,-2.5,0.00,FOUND,""
A-101__half-archB,main,LEVEL 1 FLOOR PLAN,EL-H,C1,true,true,,12.00,11.36,12.00,14.5,1,11.60,11.60,-3.3,2.1,0.00,FOUND,""
A-101__half-archB,main,LEVEL 1 FLOOR PLAN,S-BK,A1,true,true,,57.33,49.20,51.33,10.5,8,54.18,54.18,-5.5,10.1,0.00,FOUND,""
A-101__half-archB,main,LEVEL 1 FLOOR PLAN,S-EX40,A2,true,true,,15.00,14.59,15.00,14.5,1,14.82,14.80,-1.2,1.5,0.00,FOUND,""
A-101__half-archB,main,LEVEL 1 FLOOR PLAN,S-EX50,A2,true,true,,15.00,14.59,15.00,14.5,1,14.82,14.80,-1.2,1.5,0.00,FOUND,""
A-101__half-archB,main,LEVEL 1 FLOOR PLAN,S-EX60,A2,true,true,,15.00,13.59,15.00,14.5,1,12.30,12.30,-18.0,-9.5,0.00,FOUND,""
A-101__half-archB,main,LEVEL 1 FLOOR PLAN,S-EX70,A2,true,true,,15.00,14.59,15.00,14.5,1,14.82,14.80,-1.2,1.5,0.00,FOUND,""
A-101__half-archB,main,LEVEL 1 FLOOR PLAN,S-EX80,A2,true,true,,15.00,14.59,15.00,14.5,1,14.82,14.80,-1.2,1.5,0.00,FOUND,""
A-101__half-archB,main,LEVEL 1 FLOOR PLAN,S-OF,A1,true,true,,28.67,28.09,28.67,10.5,1,28.27,28.27,-1.4,0.6,0.00,FOUND,""
A-101__half-archB,main,LEVEL 1 FLOOR PLAN,S-D,B1,true,true,,43.67,37.48,40.67,14.5,4,37.94,37.94,-13.1,1.2,0.00,FOUND,""
A-101__half-archB,main,LEVEL 1 FLOOR PLAN,S-E,A1,true,true,,43.67,40.89,43.67,10.5,3,40.89,40.89,-6.4,0.0,0.00,FOUND,""
A-101__half-archB,main,LEVEL 1 FLOOR PLAN,S-20,A1,true,true,,60.00,59.09,60.00,10.5,2,59.41,59.41,-1.0,0.6,0.00,FOUND,""
A-101__half-archB,main,LEVEL 1 FLOOR PLAN,S-F,A1,true,true,,43.67,40.89,43.67,10.5,2,31.59,31.59,-27.6,-22.7,0.00,PARTIAL,"wallsFromStrokes one-face-one-use: the faces are broken into pieces (openings, T junctions, columns) and the long piece is spent on one partner, stranding the rest"
A-101__half-archB,main,LEVEL 1 FLOOR PLAN,S-165,A1,true,true,,43.67,42.69,43.67,10.5,2,42.74,42.72,-2.1,0.1,0.00,FOUND,""
A-101__half-archB,main,LEVEL 1 FLOOR PLAN,RR-10,A2,true,true,,43.00,35.22,37.00,14.5,6,40.51,40.50,-5.8,15.0,0.00,FOUND,""
A-101__half-archB,main,LEVEL 1 FLOOR PLAN,RR-CH,D1,true,true,,33.00,32.59,33.00,14.5,1,33.04,33.00,0.1,1.4,0.00,FOUND,""
A-101__half-archB,main,LEVEL 1 FLOOR PLAN,EL-RM,A1,true,true,,10.67,10.09,10.67,10.5,1,10.28,10.28,-3.7,1.8,0.00,FOUND,""
A-101__half-archB-outlines,main,LEVEL 1 FLOOR PLAN,X-S,EXT-1,true,true,,208.67,168.89,172.67,14.5,0,0.00,0.00,-100.0,-100.0,0.00,MISSED,"wallsFromStrokes series test (inAHatchSeries): the type is drawn as 5 parallel lines, so every pair of its faces has a third line continuing the spacing"
A-101__half-archB-outlines,main,LEVEL 1 FLOOR PLAN,X-E,EXT-1,true,true,,93.33,79.65,82.33,14.5,1,18.00,18.00,-80.7,-77.4,0.00,PARTIAL,"wallsFromStrokes series test (inAHatchSeries): the type is drawn as 5 parallel lines, so every pair of its faces has a third line continuing the spacing"
A-101__half-archB-outlines,main,LEVEL 1 FLOOR PLAN,X-N,EXT-2,true,true,,208.67,170.13,175.67,14.5,0,0.00,0.00,-100.0,-100.0,0.00,MISSED,"wallFromPair face-length ratio: its two faces are drawn 0.6 ft and 38.0 ft (63.3x > 3x) — one face broken at junctions/openings, the other continuous"
A-101__half-archB-outlines,main,LEVEL 1 FLOOR PLAN,X-W,EXT-1,true,true,,93.33,84.22,85.33,14.5,1,41.00,41.00,-56.1,-51.3,0.00,PARTIAL,"wallsFromStrokes series test (inAHatchSeries): the type is drawn as 5 parallel lines, so every pair of its faces has a third line continuing the spacing"
A-101__half-archB-outlines,main,LEVEL 1 FLOOR PLAN,SF-1,SF,false,true,,20.00,0.00,0.00,10,0,0.00,0.00,-100.0,,0.00,MISSED,"only one face reached the reader, or the faces came back 0.62\" apart — under wallFromPair's 0.2 ft (2.4\") thickness floor"
A-101__half-archB-outlines,main,LEVEL 1 FLOOR PLAN,C-S,A1,true,true,,178.00,139.36,145.00,10.5,31,161.49,161.49,-9.3,15.9,0.00,FOUND,""
A-101__half-archB-outlines,main,LEVEL 1 FLOOR PLAN,C-N,A1,true,true,,178.00,140.89,146.50,10.5,30,160.30,160.30,-9.9,13.8,0.00,FOUND,""
A-101__half-archB-outlines,main,LEVEL 1 FLOOR PLAN,B-S,A1,true,true,,43.67,40.89,43.67,10.5,2,39.59,39.59,-9.3,-3.2,0.00,FOUND,""
A-101__half-archB-outlines,main,LEVEL 1 FLOOR PLAN,B-N,A1,true,true,,43.67,40.89,43.67,10.5,2,35.59,35.59,-18.5,-13.0,0.00,FOUND,""
A-101__half-archB-outlines,main,LEVEL 1 FLOOR PLAN,LB-1,A1,true,true,,30.67,25.59,27.67,9,3,25.70,25.70,-16.2,0.4,0.00,FOUND,""
A-101__half-archB-outlines,main,LEVEL 1 FLOOR PLAN,LB-2,A1,true,true,,32.67,29.13,29.67,10.5,3,31.61,31.61,-3.2,8.5,0.00,FOUND,""
A-101__half-archB-outlines,main,LEVEL 1 FLOOR PLAN,RCP-ARC,A1,true,true,,23.04,23.04,23.04,10.5,0,0.00,0.00,-100.0,-100.0,0.00,MISSED,"sheetStrokes skips curveTo: a curved wall has no straight faces to pair"
A-101__half-archB-outlines,main,LEVEL 1 FLOOR PLAN,LB-30,A1,true,true,,10.00,10.00,10.00,10.5,1,10.00,10.00,-0.0,-0.0,0.00,FOUND,""
A-101__half-archB-outlines,main,LEVEL 1 FLOOR PLAN,N-BK,A1,true,true,,87.33,76.10,78.33,10.5,7,70.12,70.12,-19.7,-7.9,0.00,FOUND,""
A-101__half-archB-outlines,main,LEVEL 1 FLOOR PLAN,N-EX40,A2,true,true,,17.00,16.59,17.00,14.5,1,16.80,16.80,-1.2,1.2,0.00,FOUND,""
A-101__half-archB-outlines,main,LEVEL 1 FLOOR PLAN,N-EX50,A2,true,true,,17.00,16.59,17.00,14.5,1,16.80,16.80,-1.2,1.2,0.00,FOUND,""
A-101__half-archB-outlines,main,LEVEL 1 FLOOR PLAN,N-EX60,A2,true,true,,17.00,15.59,17.00,14.5,2,15.59,15.59,-8.3,0.0,0.00,FOUND,""
A-101__half-archB-outlines,main,LEVEL 1 FLOOR PLAN,N-EX70,A2,true,true,,17.00,16.59,17.00,14.5,1,16.73,16.73,-1.6,0.8,0.00,FOUND,""
A-101__half-archB-outlines,main,LEVEL 1 FLOOR PLAN,N-EX80,A2,true,true,,17.00,16.59,17.00,14.5,1,16.94,16.93,-0.3,2.1,0.00,FOUND,""
A-101__half-archB-outlines,main,LEVEL 1 FLOOR PLAN,N-D,B1,true,true,,43.67,37.89,40.67,14.5,4,38.30,38.30,-12.3,1.1,0.00,FOUND,""
A-101__half-archB-outlines,main,LEVEL 1 FLOOR PLAN,N-OF50,A1,true,true,,26.67,26.13,26.67,10.5,1,26.32,26.32,-1.3,0.7,0.00,FOUND,""
A-101__half-archB-outlines,main,LEVEL 1 FLOOR PLAN,N-OF70,A1,true,true,,26.67,26.13,26.67,10.5,1,26.32,26.32,-1.3,0.7,0.00,FOUND,""
A-101__half-archB-outlines,main,LEVEL 1 FLOOR PLAN,NS-45,A1,true,true,,8.49,7.91,8.49,10.5,1,8.20,8.20,-3.3,3.7,0.00,FOUND,""
A-101__half-archB-outlines,main,LEVEL 1 FLOOR PLAN,NS-H,A1,true,true,,12.00,8.71,9.00,10.5,3,11.55,11.53,-3.7,32.6,0.00,FOUND,""
A-101__half-archB-outlines,main,LEVEL 1 FLOOR PLAN,NS-V,A1,true,true,,6.00,5.59,6.00,10.5,1,5.98,5.97,-0.4,6.8,0.00,FOUND,""
A-101__half-archB-outlines,main,LEVEL 1 FLOOR PLAN,N-E,A1,true,true,,43.67,36.96,39.67,10.5,4,35.32,35.32,-19.1,-4.5,0.00,FOUND,""
A-101__half-archB-outlines,main,LEVEL 1 FLOOR PLAN,CF-17,A1,true,true,,18.00,17.72,18.00,10.5,1,17.72,17.72,-1.5,-0.0,0.00,FOUND,""
A-101__half-archB-outlines,main,LEVEL 1 FLOOR PLAN,N-F,A1,true,true,,43.67,34.69,37.67,10.5,3,27.99,27.99,-35.9,-19.3,0.00,PARTIAL,"wallsFromStrokes one-face-one-use: the faces are broken into pieces (openings, T junctions, columns) and the long piece is spent on one partner, stranding the rest"
A-101__half-archB-outlines,main,LEVEL 1 FLOOR PLAN,IM-V,B1,true,true,,43.67,42.52,43.67,14.5,3,42.63,42.63,-2.4,0.2,0.00,FOUND,""
A-101__half-archB-outlines,main,LEVEL 1 FLOOR PLAN,IM-H,B1,true,true,,17.67,17.16,17.67,14.5,1,17.38,17.38,-1.6,1.3,0.00,FOUND,""
A-101__half-archB-outlines,main,LEVEL 1 FLOOR PLAN,ST-V,CMU,false,true,,30.67,29.61,30.67,14.5,1,13.80,13.80,-55.0,-53.4,0.00,PARTIAL,"wallsFromStrokes series test (inAHatchSeries): a 16.2 ft parallel line 5.3\" off centre continues the face spacing — wall (A-WALL)"
A-101__half-archB-outlines,main,LEVEL 1 FLOOR PLAN,ST-H,CMU,false,true,,18.00,17.31,18.00,14.5,0,0.00,0.00,-100.0,-100.0,0.00,MISSED,"wallsFromStrokes series test (inAHatchSeries): a 18.1 ft parallel line 5.3\" off centre continues the face spacing — wall (A-WALL)"
A-101__half-archB-outlines,main,LEVEL 1 FLOOR PLAN,FR-V,F1,true,true,,31.05,30.25,31.05,14.5,0,0.00,0.00,-100.0,-100.0,0.00,MISSED,"only one face reached the reader, or the faces came back 1.50\" apart — under wallFromPair's 0.2 ft (2.4\") thickness floor"
A-101__half-archB-outlines,main,LEVEL 1 FLOOR PLAN,FR-H,F1,true,true,,18.38,17.95,18.38,14.5,0,0.00,0.00,-100.0,-100.0,0.00,MISSED,"only one face reached the reader, or the faces came back 1.50\" apart — under wallFromPair's 0.2 ft (2.4\") thickness floor"
A-101__half-archB-outlines,main,LEVEL 1 FLOOR PLAN,EL-V,C1,true,true,,14.67,14.13,14.67,14.5,1,13.78,13.78,-6.0,-2.5,0.00,FOUND,""
A-101__half-archB-outlines,main,LEVEL 1 FLOOR PLAN,EL-H,C1,true,true,,12.00,11.36,12.00,14.5,1,11.60,11.60,-3.3,2.1,0.00,FOUND,""
A-101__half-archB-outlines,main,LEVEL 1 FLOOR PLAN,S-BK,A1,true,true,,57.33,49.20,51.33,10.5,8,54.18,54.18,-5.5,10.1,0.00,FOUND,""
A-101__half-archB-outlines,main,LEVEL 1 FLOOR PLAN,S-EX40,A2,true,true,,15.00,14.59,15.00,14.5,1,14.82,14.80,-1.2,1.5,0.00,FOUND,""
A-101__half-archB-outlines,main,LEVEL 1 FLOOR PLAN,S-EX50,A2,true,true,,15.00,14.59,15.00,14.5,1,14.82,14.80,-1.2,1.5,0.00,FOUND,""
A-101__half-archB-outlines,main,LEVEL 1 FLOOR PLAN,S-EX60,A2,true,true,,15.00,13.59,15.00,14.5,1,12.30,12.30,-18.0,-9.5,0.00,FOUND,""
A-101__half-archB-outlines,main,LEVEL 1 FLOOR PLAN,S-EX70,A2,true,true,,15.00,14.59,15.00,14.5,1,14.82,14.80,-1.2,1.5,0.00,FOUND,""
A-101__half-archB-outlines,main,LEVEL 1 FLOOR PLAN,S-EX80,A2,true,true,,15.00,14.59,15.00,14.5,1,14.82,14.80,-1.2,1.5,0.00,FOUND,""
A-101__half-archB-outlines,main,LEVEL 1 FLOOR PLAN,S-OF,A1,true,true,,28.67,28.09,28.67,10.5,1,28.27,28.27,-1.4,0.6,0.00,FOUND,""
A-101__half-archB-outlines,main,LEVEL 1 FLOOR PLAN,S-D,B1,true,true,,43.67,37.48,40.67,14.5,4,37.94,37.94,-13.1,1.2,0.00,FOUND,""
A-101__half-archB-outlines,main,LEVEL 1 FLOOR PLAN,S-E,A1,true,true,,43.67,40.89,43.67,10.5,3,40.89,40.89,-6.4,0.0,0.00,FOUND,""
A-101__half-archB-outlines,main,LEVEL 1 FLOOR PLAN,S-20,A1,true,true,,60.00,59.09,60.00,10.5,2,59.41,59.41,-1.0,0.6,0.00,FOUND,""
A-101__half-archB-outlines,main,LEVEL 1 FLOOR PLAN,S-F,A1,true,true,,43.67,40.89,43.67,10.5,2,31.59,31.59,-27.6,-22.7,0.00,PARTIAL,"wallsFromStrokes one-face-one-use: the faces are broken into pieces (openings, T junctions, columns) and the long piece is spent on one partner, stranding the rest"
A-101__half-archB-outlines,main,LEVEL 1 FLOOR PLAN,S-165,A1,true,true,,43.67,42.69,43.67,10.5,2,42.74,42.72,-2.1,0.1,0.00,FOUND,""
A-101__half-archB-outlines,main,LEVEL 1 FLOOR PLAN,RR-10,A2,true,true,,43.00,35.22,37.00,14.5,6,40.51,40.50,-5.8,15.0,0.00,FOUND,""
A-101__half-archB-outlines,main,LEVEL 1 FLOOR PLAN,RR-CH,D1,true,true,,33.00,32.59,33.00,14.5,1,33.04,33.00,0.1,1.4,0.00,FOUND,""
A-101__half-archB-outlines,main,LEVEL 1 FLOOR PLAN,EL-RM,A1,true,true,,10.67,10.09,10.67,10.5,1,10.28,10.28,-3.7,1.8,0.00,FOUND,""
A-101__overridden-dims,main,LEVEL 1 FLOOR PLAN,X-S,EXT-1,true,true,,208.67,168.89,172.67,14.5,0,0.00,0.00,-100.0,-100.0,0.00,MISSED,"wallsFromStrokes series test (inAHatchSeries): the type is drawn as 5 parallel lines, so every pair of its faces has a third line continuing the spacing"
A-101__overridden-dims,main,LEVEL 1 FLOOR PLAN,X-E,EXT-1,true,true,,93.33,79.65,82.33,14.5,1,18.00,18.00,-80.7,-77.4,0.00,PARTIAL,"wallsFromStrokes series test (inAHatchSeries): the type is drawn as 5 parallel lines, so every pair of its faces has a third line continuing the spacing"
A-101__overridden-dims,main,LEVEL 1 FLOOR PLAN,X-N,EXT-2,true,true,,208.67,170.13,175.67,14.5,0,0.00,0.00,-100.0,-100.0,0.00,MISSED,"wallFromPair face-length ratio: its two faces are drawn 0.6 ft and 38.0 ft (63.3x > 3x) — one face broken at junctions/openings, the other continuous"
A-101__overridden-dims,main,LEVEL 1 FLOOR PLAN,X-W,EXT-1,true,true,,93.33,84.22,85.33,14.5,1,41.00,41.00,-56.1,-51.3,0.00,PARTIAL,"wallsFromStrokes series test (inAHatchSeries): the type is drawn as 5 parallel lines, so every pair of its faces has a third line continuing the spacing"
A-101__overridden-dims,main,LEVEL 1 FLOOR PLAN,SF-1,SF,false,true,,20.00,0.00,0.00,10,0,0.00,0.00,-100.0,,0.00,MISSED,"only one face reached the reader, or the faces came back 0.62\" apart — under wallFromPair's 0.2 ft (2.4\") thickness floor"
A-101__overridden-dims,main,LEVEL 1 FLOOR PLAN,C-S,A1,true,true,,178.00,139.36,145.00,10.5,31,161.42,161.42,-9.3,15.8,0.00,FOUND,""
A-101__overridden-dims,main,LEVEL 1 FLOOR PLAN,C-N,A1,true,true,,178.00,140.89,146.50,10.5,30,160.58,160.58,-9.8,14.0,0.00,FOUND,""
A-101__overridden-dims,main,LEVEL 1 FLOOR PLAN,B-S,A1,true,true,,43.67,40.89,43.67,10.5,2,39.59,39.59,-9.3,-3.2,0.00,FOUND,""
A-101__overridden-dims,main,LEVEL 1 FLOOR PLAN,B-N,A1,true,true,,43.67,40.89,43.67,10.5,2,35.59,35.59,-18.5,-13.0,0.00,FOUND,""
A-101__overridden-dims,main,LEVEL 1 FLOOR PLAN,LB-1,A1,true,true,,30.67,25.59,27.67,9,3,25.70,25.70,-16.2,0.4,0.00,FOUND,""
A-101__overridden-dims,main,LEVEL 1 FLOOR PLAN,LB-2,A1,true,true,,32.67,29.13,29.67,10.5,3,31.61,31.61,-3.2,8.5,0.00,FOUND,""
A-101__overridden-dims,main,LEVEL 1 FLOOR PLAN,RCP-ARC,A1,true,true,,23.04,23.04,23.04,10.5,0,0.00,0.00,-100.0,-100.0,0.00,MISSED,"sheetStrokes skips curveTo: a curved wall has no straight faces to pair"
A-101__overridden-dims,main,LEVEL 1 FLOOR PLAN,LB-30,A1,true,true,,10.00,10.00,10.00,10.5,1,10.00,10.00,-0.0,-0.0,0.00,FOUND,""
A-101__overridden-dims,main,LEVEL 1 FLOOR PLAN,N-BK,A1,true,true,,87.33,76.10,78.33,10.5,7,70.12,70.12,-19.7,-7.9,0.00,FOUND,""
A-101__overridden-dims,main,LEVEL 1 FLOOR PLAN,N-EX40,A2,true,true,,17.00,16.59,17.00,14.5,1,16.73,16.73,-1.6,0.8,0.00,FOUND,""
A-101__overridden-dims,main,LEVEL 1 FLOOR PLAN,N-EX50,A2,true,true,,17.00,16.59,17.00,14.5,1,16.80,16.80,-1.2,1.2,0.00,FOUND,""
A-101__overridden-dims,main,LEVEL 1 FLOOR PLAN,N-EX60,A2,true,true,,17.00,15.59,17.00,14.5,2,15.59,15.59,-8.3,0.0,0.00,FOUND,""
A-101__overridden-dims,main,LEVEL 1 FLOOR PLAN,N-EX70,A2,true,true,,17.00,16.59,17.00,14.5,1,16.73,16.73,-1.6,0.8,0.00,FOUND,""
A-101__overridden-dims,main,LEVEL 1 FLOOR PLAN,N-EX80,A2,true,true,,17.00,16.59,17.00,14.5,1,16.94,16.93,-0.3,2.1,0.00,FOUND,""
A-101__overridden-dims,main,LEVEL 1 FLOOR PLAN,N-D,B1,true,true,,43.67,37.89,40.67,14.5,4,38.30,38.30,-12.3,1.1,0.00,FOUND,""
A-101__overridden-dims,main,LEVEL 1 FLOOR PLAN,N-OF50,A1,true,true,,26.67,26.13,26.67,10.5,1,26.32,26.32,-1.3,0.7,0.00,FOUND,""
A-101__overridden-dims,main,LEVEL 1 FLOOR PLAN,N-OF70,A1,true,true,,26.67,26.13,26.67,10.5,1,26.32,26.32,-1.3,0.7,0.00,FOUND,""
A-101__overridden-dims,main,LEVEL 1 FLOOR PLAN,NS-45,A1,true,true,,8.49,7.91,8.49,10.5,1,8.20,8.20,-3.3,3.7,0.00,FOUND,""
A-101__overridden-dims,main,LEVEL 1 FLOOR PLAN,NS-H,A1,true,true,,12.00,8.71,9.00,10.5,3,11.55,11.53,-3.7,32.6,0.00,FOUND,""
A-101__overridden-dims,main,LEVEL 1 FLOOR PLAN,NS-V,A1,true,true,,6.00,5.59,6.00,10.5,1,5.98,5.97,-0.4,6.8,0.00,FOUND,""
A-101__overridden-dims,main,LEVEL 1 FLOOR PLAN,N-E,A1,true,true,,43.67,36.96,39.67,10.5,4,35.32,35.32,-19.1,-4.5,0.00,FOUND,""
A-101__overridden-dims,main,LEVEL 1 FLOOR PLAN,CF-17,A1,true,true,,18.00,17.72,18.00,10.5,1,17.72,17.72,-1.5,-0.0,0.00,FOUND,""
A-101__overridden-dims,main,LEVEL 1 FLOOR PLAN,N-F,A1,true,true,,43.67,34.69,37.67,10.5,3,27.99,27.99,-35.9,-19.3,0.00,PARTIAL,"wallsFromStrokes one-face-one-use: the faces are broken into pieces (openings, T junctions, columns) and the long piece is spent on one partner, stranding the rest"
A-101__overridden-dims,main,LEVEL 1 FLOOR PLAN,IM-V,B1,true,true,,43.67,42.52,43.67,14.5,3,42.63,42.63,-2.4,0.2,0.00,FOUND,""
A-101__overridden-dims,main,LEVEL 1 FLOOR PLAN,IM-H,B1,true,true,,17.67,17.16,17.67,14.5,1,17.38,17.38,-1.6,1.3,0.00,FOUND,""
A-101__overridden-dims,main,LEVEL 1 FLOOR PLAN,ST-V,CMU,false,true,,30.67,29.61,30.67,14.5,1,13.80,13.80,-55.0,-53.4,0.00,PARTIAL,"wallsFromStrokes series test (inAHatchSeries): a 16.2 ft parallel line 5.3\" off centre continues the face spacing — wall (A-WALL)"
A-101__overridden-dims,main,LEVEL 1 FLOOR PLAN,ST-H,CMU,false,true,,18.00,17.31,18.00,14.5,0,0.00,0.00,-100.0,-100.0,0.00,MISSED,"wallsFromStrokes series test (inAHatchSeries): a 18.1 ft parallel line 5.3\" off centre continues the face spacing — wall (A-WALL)"
A-101__overridden-dims,main,LEVEL 1 FLOOR PLAN,FR-V,F1,true,true,,31.05,30.25,31.05,14.5,0,0.00,0.00,-100.0,-100.0,0.00,MISSED,"only one face reached the reader, or the faces came back 1.50\" apart — under wallFromPair's 0.2 ft (2.4\") thickness floor"
A-101__overridden-dims,main,LEVEL 1 FLOOR PLAN,FR-H,F1,true,true,,18.38,17.95,18.38,14.5,0,0.00,0.00,-100.0,-100.0,0.00,MISSED,"only one face reached the reader, or the faces came back 1.50\" apart — under wallFromPair's 0.2 ft (2.4\") thickness floor"
A-101__overridden-dims,main,LEVEL 1 FLOOR PLAN,EL-V,C1,true,true,,14.67,14.13,14.67,14.5,1,13.78,13.78,-6.0,-2.5,0.00,FOUND,""
A-101__overridden-dims,main,LEVEL 1 FLOOR PLAN,EL-H,C1,true,true,,12.00,11.36,12.00,14.5,1,11.60,11.60,-3.3,2.1,0.00,FOUND,""
A-101__overridden-dims,main,LEVEL 1 FLOOR PLAN,S-BK,A1,true,true,,57.33,49.20,51.33,10.5,8,54.18,54.18,-5.5,10.1,0.00,FOUND,""
A-101__overridden-dims,main,LEVEL 1 FLOOR PLAN,S-EX40,A2,true,true,,15.00,14.59,15.00,14.5,1,14.82,14.80,-1.2,1.5,0.00,FOUND,""
A-101__overridden-dims,main,LEVEL 1 FLOOR PLAN,S-EX50,A2,true,true,,15.00,14.59,15.00,14.5,1,14.82,14.80,-1.2,1.5,0.00,FOUND,""
A-101__overridden-dims,main,LEVEL 1 FLOOR PLAN,S-EX60,A2,true,true,,15.00,13.59,15.00,14.5,1,12.30,12.30,-18.0,-9.5,0.00,FOUND,""
A-101__overridden-dims,main,LEVEL 1 FLOOR PLAN,S-EX70,A2,true,true,,15.00,14.59,15.00,14.5,1,14.82,14.80,-1.2,1.5,0.00,FOUND,""
A-101__overridden-dims,main,LEVEL 1 FLOOR PLAN,S-EX80,A2,true,true,,15.00,14.59,15.00,14.5,1,14.82,14.80,-1.2,1.5,0.00,FOUND,""
A-101__overridden-dims,main,LEVEL 1 FLOOR PLAN,S-OF,A1,true,true,,28.67,28.09,28.67,10.5,1,28.27,28.27,-1.4,0.6,0.00,FOUND,""
A-101__overridden-dims,main,LEVEL 1 FLOOR PLAN,S-D,B1,true,true,,43.67,37.48,40.67,14.5,4,37.94,37.94,-13.1,1.2,0.00,FOUND,""
A-101__overridden-dims,main,LEVEL 1 FLOOR PLAN,S-E,A1,true,true,,43.67,40.89,43.67,10.5,3,40.89,40.89,-6.4,0.0,0.00,FOUND,""
A-101__overridden-dims,main,LEVEL 1 FLOOR PLAN,S-20,A1,true,true,,60.00,59.09,60.00,10.5,2,59.41,59.41,-1.0,0.6,0.00,FOUND,""
A-101__overridden-dims,main,LEVEL 1 FLOOR PLAN,S-F,A1,true,true,,43.67,40.89,43.67,10.5,2,31.59,31.59,-27.6,-22.7,0.00,PARTIAL,"wallsFromStrokes one-face-one-use: the faces are broken into pieces (openings, T junctions, columns) and the long piece is spent on one partner, stranding the rest"
A-101__overridden-dims,main,LEVEL 1 FLOOR PLAN,S-165,A1,true,true,,43.67,42.69,43.67,10.5,2,42.74,42.72,-2.1,0.1,0.00,FOUND,""
A-101__overridden-dims,main,LEVEL 1 FLOOR PLAN,RR-10,A2,true,true,,43.00,35.22,37.00,14.5,6,40.51,40.50,-5.8,15.0,0.00,FOUND,""
A-101__overridden-dims,main,LEVEL 1 FLOOR PLAN,RR-CH,D1,true,true,,33.00,32.59,33.00,14.5,1,33.04,33.00,0.1,1.4,0.00,FOUND,""
A-101__overridden-dims,main,LEVEL 1 FLOOR PLAN,EL-RM,A1,true,true,,10.67,10.09,10.67,10.5,1,10.28,10.28,-3.7,1.8,0.00,FOUND,""
A-101__ocg,main,LEVEL 1 FLOOR PLAN,X-S,EXT-1,true,true,,208.67,168.89,172.67,14.5,0,0.00,0.00,-100.0,-100.0,0.00,MISSED,"wallsFromStrokes series test (inAHatchSeries): the type is drawn as 5 parallel lines, so every pair of its faces has a third line continuing the spacing"
A-101__ocg,main,LEVEL 1 FLOOR PLAN,X-E,EXT-1,true,true,,93.33,79.65,82.33,14.5,1,18.00,18.00,-80.7,-77.4,0.00,PARTIAL,"wallsFromStrokes series test (inAHatchSeries): the type is drawn as 5 parallel lines, so every pair of its faces has a third line continuing the spacing"
A-101__ocg,main,LEVEL 1 FLOOR PLAN,X-N,EXT-2,true,true,,208.67,170.13,175.67,14.5,0,0.00,0.00,-100.0,-100.0,0.00,MISSED,"wallFromPair face-length ratio: its two faces are drawn 0.6 ft and 38.0 ft (63.3x > 3x) — one face broken at junctions/openings, the other continuous"
A-101__ocg,main,LEVEL 1 FLOOR PLAN,X-W,EXT-1,true,true,,93.33,84.22,85.33,14.5,1,41.00,41.00,-56.1,-51.3,0.00,PARTIAL,"wallsFromStrokes series test (inAHatchSeries): the type is drawn as 5 parallel lines, so every pair of its faces has a third line continuing the spacing"
A-101__ocg,main,LEVEL 1 FLOOR PLAN,SF-1,SF,false,true,,20.00,0.00,0.00,10,0,0.00,0.00,-100.0,,0.00,MISSED,"only one face reached the reader, or the faces came back 0.62\" apart — under wallFromPair's 0.2 ft (2.4\") thickness floor"
A-101__ocg,main,LEVEL 1 FLOOR PLAN,C-S,A1,true,true,,178.00,139.36,145.00,10.5,31,161.42,161.42,-9.3,15.8,0.00,FOUND,""
A-101__ocg,main,LEVEL 1 FLOOR PLAN,C-N,A1,true,true,,178.00,140.89,146.50,10.5,30,160.58,160.58,-9.8,14.0,0.00,FOUND,""
A-101__ocg,main,LEVEL 1 FLOOR PLAN,B-S,A1,true,true,,43.67,40.89,43.67,10.5,2,39.59,39.59,-9.3,-3.2,0.00,FOUND,""
A-101__ocg,main,LEVEL 1 FLOOR PLAN,B-N,A1,true,true,,43.67,40.89,43.67,10.5,2,35.59,35.59,-18.5,-13.0,0.00,FOUND,""
A-101__ocg,main,LEVEL 1 FLOOR PLAN,LB-1,A1,true,true,,30.67,25.59,27.67,9,3,25.70,25.70,-16.2,0.4,0.00,FOUND,""
A-101__ocg,main,LEVEL 1 FLOOR PLAN,LB-2,A1,true,true,,32.67,29.13,29.67,10.5,3,31.61,31.61,-3.2,8.5,0.00,FOUND,""
A-101__ocg,main,LEVEL 1 FLOOR PLAN,RCP-ARC,A1,true,true,,23.04,23.04,23.04,10.5,0,0.00,0.00,-100.0,-100.0,0.00,MISSED,"sheetStrokes skips curveTo: a curved wall has no straight faces to pair"
A-101__ocg,main,LEVEL 1 FLOOR PLAN,LB-30,A1,true,true,,10.00,10.00,10.00,10.5,1,10.00,10.00,-0.0,-0.0,0.00,FOUND,""
A-101__ocg,main,LEVEL 1 FLOOR PLAN,N-BK,A1,true,true,,87.33,76.10,78.33,10.5,7,70.12,70.12,-19.7,-7.9,0.00,FOUND,""
A-101__ocg,main,LEVEL 1 FLOOR PLAN,N-EX40,A2,true,true,,17.00,16.59,17.00,14.5,1,16.73,16.73,-1.6,0.8,0.00,FOUND,""
A-101__ocg,main,LEVEL 1 FLOOR PLAN,N-EX50,A2,true,true,,17.00,16.59,17.00,14.5,1,16.80,16.80,-1.2,1.2,0.00,FOUND,""
A-101__ocg,main,LEVEL 1 FLOOR PLAN,N-EX60,A2,true,true,,17.00,15.59,17.00,14.5,2,15.59,15.59,-8.3,0.0,0.00,FOUND,""
A-101__ocg,main,LEVEL 1 FLOOR PLAN,N-EX70,A2,true,true,,17.00,16.59,17.00,14.5,1,16.73,16.73,-1.6,0.8,0.00,FOUND,""
A-101__ocg,main,LEVEL 1 FLOOR PLAN,N-EX80,A2,true,true,,17.00,16.59,17.00,14.5,1,16.94,16.93,-0.3,2.1,0.00,FOUND,""
A-101__ocg,main,LEVEL 1 FLOOR PLAN,N-D,B1,true,true,,43.67,37.89,40.67,14.5,4,38.30,38.30,-12.3,1.1,0.00,FOUND,""
A-101__ocg,main,LEVEL 1 FLOOR PLAN,N-OF50,A1,true,true,,26.67,26.13,26.67,10.5,1,26.32,26.32,-1.3,0.7,0.00,FOUND,""
A-101__ocg,main,LEVEL 1 FLOOR PLAN,N-OF70,A1,true,true,,26.67,26.13,26.67,10.5,1,26.32,26.32,-1.3,0.7,0.00,FOUND,""
A-101__ocg,main,LEVEL 1 FLOOR PLAN,NS-45,A1,true,true,,8.49,7.91,8.49,10.5,1,8.20,8.20,-3.3,3.7,0.00,FOUND,""
A-101__ocg,main,LEVEL 1 FLOOR PLAN,NS-H,A1,true,true,,12.00,8.71,9.00,10.5,3,11.55,11.53,-3.7,32.6,0.00,FOUND,""
A-101__ocg,main,LEVEL 1 FLOOR PLAN,NS-V,A1,true,true,,6.00,5.59,6.00,10.5,1,5.98,5.97,-0.4,6.8,0.00,FOUND,""
A-101__ocg,main,LEVEL 1 FLOOR PLAN,N-E,A1,true,true,,43.67,36.96,39.67,10.5,4,35.32,35.32,-19.1,-4.5,0.00,FOUND,""
A-101__ocg,main,LEVEL 1 FLOOR PLAN,CF-17,A1,true,true,,18.00,17.72,18.00,10.5,1,17.72,17.72,-1.5,-0.0,0.00,FOUND,""
A-101__ocg,main,LEVEL 1 FLOOR PLAN,N-F,A1,true,true,,43.67,34.69,37.67,10.5,3,27.99,27.99,-35.9,-19.3,0.00,PARTIAL,"wallsFromStrokes one-face-one-use: the faces are broken into pieces (openings, T junctions, columns) and the long piece is spent on one partner, stranding the rest"
A-101__ocg,main,LEVEL 1 FLOOR PLAN,IM-V,B1,true,true,,43.67,42.52,43.67,14.5,3,42.63,42.63,-2.4,0.2,0.00,FOUND,""
A-101__ocg,main,LEVEL 1 FLOOR PLAN,IM-H,B1,true,true,,17.67,17.16,17.67,14.5,1,17.38,17.38,-1.6,1.3,0.00,FOUND,""
A-101__ocg,main,LEVEL 1 FLOOR PLAN,ST-V,CMU,false,true,,30.67,29.61,30.67,14.5,1,13.80,13.80,-55.0,-53.4,0.00,PARTIAL,"wallsFromStrokes series test (inAHatchSeries): a 16.2 ft parallel line 5.3\" off centre continues the face spacing — wall (A-WALL)"
A-101__ocg,main,LEVEL 1 FLOOR PLAN,ST-H,CMU,false,true,,18.00,17.31,18.00,14.5,0,0.00,0.00,-100.0,-100.0,0.00,MISSED,"wallsFromStrokes series test (inAHatchSeries): a 18.1 ft parallel line 5.3\" off centre continues the face spacing — wall (A-WALL)"
A-101__ocg,main,LEVEL 1 FLOOR PLAN,FR-V,F1,true,true,,31.05,30.25,31.05,14.5,0,0.00,0.00,-100.0,-100.0,0.00,MISSED,"only one face reached the reader, or the faces came back 1.50\" apart — under wallFromPair's 0.2 ft (2.4\") thickness floor"
A-101__ocg,main,LEVEL 1 FLOOR PLAN,FR-H,F1,true,true,,18.38,17.95,18.38,14.5,0,0.00,0.00,-100.0,-100.0,0.00,MISSED,"only one face reached the reader, or the faces came back 1.50\" apart — under wallFromPair's 0.2 ft (2.4\") thickness floor"
A-101__ocg,main,LEVEL 1 FLOOR PLAN,EL-V,C1,true,true,,14.67,14.13,14.67,14.5,1,13.78,13.78,-6.0,-2.5,0.00,FOUND,""
A-101__ocg,main,LEVEL 1 FLOOR PLAN,EL-H,C1,true,true,,12.00,11.36,12.00,14.5,1,11.60,11.60,-3.3,2.1,0.00,FOUND,""
A-101__ocg,main,LEVEL 1 FLOOR PLAN,S-BK,A1,true,true,,57.33,49.20,51.33,10.5,8,54.18,54.18,-5.5,10.1,0.00,FOUND,""
A-101__ocg,main,LEVEL 1 FLOOR PLAN,S-EX40,A2,true,true,,15.00,14.59,15.00,14.5,1,14.82,14.80,-1.2,1.5,0.00,FOUND,""
A-101__ocg,main,LEVEL 1 FLOOR PLAN,S-EX50,A2,true,true,,15.00,14.59,15.00,14.5,1,14.82,14.80,-1.2,1.5,0.00,FOUND,""
A-101__ocg,main,LEVEL 1 FLOOR PLAN,S-EX60,A2,true,true,,15.00,13.59,15.00,14.5,1,12.30,12.30,-18.0,-9.5,0.00,FOUND,""
A-101__ocg,main,LEVEL 1 FLOOR PLAN,S-EX70,A2,true,true,,15.00,14.59,15.00,14.5,1,14.82,14.80,-1.2,1.5,0.00,FOUND,""
A-101__ocg,main,LEVEL 1 FLOOR PLAN,S-EX80,A2,true,true,,15.00,14.59,15.00,14.5,1,14.82,14.80,-1.2,1.5,0.00,FOUND,""
A-101__ocg,main,LEVEL 1 FLOOR PLAN,S-OF,A1,true,true,,28.67,28.09,28.67,10.5,1,28.27,28.27,-1.4,0.6,0.00,FOUND,""
A-101__ocg,main,LEVEL 1 FLOOR PLAN,S-D,B1,true,true,,43.67,37.48,40.67,14.5,4,37.94,37.94,-13.1,1.2,0.00,FOUND,""
A-101__ocg,main,LEVEL 1 FLOOR PLAN,S-E,A1,true,true,,43.67,40.89,43.67,10.5,3,40.89,40.89,-6.4,0.0,0.00,FOUND,""
A-101__ocg,main,LEVEL 1 FLOOR PLAN,S-20,A1,true,true,,60.00,59.09,60.00,10.5,2,59.41,59.41,-1.0,0.6,0.00,FOUND,""
A-101__ocg,main,LEVEL 1 FLOOR PLAN,S-F,A1,true,true,,43.67,40.89,43.67,10.5,2,31.59,31.59,-27.6,-22.7,0.00,PARTIAL,"wallsFromStrokes one-face-one-use: the faces are broken into pieces (openings, T junctions, columns) and the long piece is spent on one partner, stranding the rest"
A-101__ocg,main,LEVEL 1 FLOOR PLAN,S-165,A1,true,true,,43.67,42.69,43.67,10.5,2,42.74,42.72,-2.1,0.1,0.00,FOUND,""
A-101__ocg,main,LEVEL 1 FLOOR PLAN,RR-10,A2,true,true,,43.00,35.22,37.00,14.5,6,40.51,40.50,-5.8,15.0,0.00,FOUND,""
A-101__ocg,main,LEVEL 1 FLOOR PLAN,RR-CH,D1,true,true,,33.00,32.59,33.00,14.5,1,33.04,33.00,0.1,1.4,0.00,FOUND,""
A-101__ocg,main,LEVEL 1 FLOOR PLAN,EL-RM,A1,true,true,,10.67,10.09,10.67,10.5,1,10.28,10.28,-3.7,1.8,0.00,FOUND,""
A-101__ocg,main,LEVEL 1 FLOOR PLAN,HID-1,A1,true,false,on an optional-content layer that is OFF,20.00,19.80,20.00,10.5,1,19.80,19.80,-1.0,0.0,0.00,NOT_COUNTED_AND_FOUND,""
A-101__ocg,main,LEVEL 1 FLOOR PLAN,HID-2,A1,true,false,on an optional-content layer that is OFF,15.00,14.80,15.00,10.5,1,14.80,14.80,-1.4,0.0,0.00,NOT_COUNTED_AND_FOUND,""
A-101__ocg,main,LEVEL 1 FLOOR PLAN,HID-3,B1,true,false,on an optional-content layer that is OFF,12.00,12.00,12.00,10.5,1,12.00,12.00,-0.0,-0.0,0.00,NOT_COUNTED_AND_FOUND,""
A-101__clip,main,LEVEL 1 FLOOR PLAN,X-S,EXT-1,true,true,,140.67,106.47,108.67,14.5,0,0.00,0.00,-100.0,-100.0,0.00,MISSED,"wallsFromStrokes series test (inAHatchSeries): the type is drawn as 5 parallel lines, so every pair of its faces has a third line continuing the spacing"
A-101__clip,main,LEVEL 1 FLOOR PLAN,X-E,EXT-1,true,false,outside the viewport clip,93.33,79.65,82.33,14.5,1,18.00,18.00,-80.7,-77.4,0.00,NOT_COUNTED_AND_FOUND,""
A-101__clip,main,LEVEL 1 FLOOR PLAN,X-N,EXT-2,true,true,,140.67,112.66,115.67,14.5,0,0.00,0.00,-100.0,-100.0,0.00,MISSED,"wallFromPair face-length ratio: its two faces are drawn 0.6 ft and 35.0 ft (58.3x > 3x) — one face broken at junctions/openings, the other continuous"
A-101__clip,main,LEVEL 1 FLOOR PLAN,X-W,EXT-1,true,true,,93.33,84.22,85.33,14.5,1,41.00,41.00,-56.1,-51.3,0.00,PARTIAL,"wallsFromStrokes series test (inAHatchSeries): the type is drawn as 5 parallel lines, so every pair of its faces has a third line continuing the spacing"
A-101__clip,main,LEVEL 1 FLOOR PLAN,SF-1,SF,false,true,,20.00,0.00,0.00,10,0,0.00,0.00,-100.0,,0.00,MISSED,"only one face reached the reader, or the faces came back 0.62\" apart — under wallFromPair's 0.2 ft (2.4\") thickness floor"
A-101__clip,main,LEVEL 1 FLOOR PLAN,C-S,A1,true,true,,110.00,85.76,89.00,10.5,22,104.63,97.50,-4.9,22.0,0.00,FOUND,""
A-101__clip,main,LEVEL 1 FLOOR PLAN,C-N,A1,true,true,,110.00,86.27,90.50,10.5,22,102.84,95.71,-6.5,19.2,0.00,FOUND,""
A-101__clip,main,LEVEL 1 FLOOR PLAN,B-S,A1,true,true,,43.67,40.89,43.67,10.5,2,39.59,39.59,-9.3,-3.2,0.00,FOUND,""
A-101__clip,main,LEVEL 1 FLOOR PLAN,B-N,A1,true,true,,43.67,40.89,43.67,10.5,2,35.59,35.59,-18.5,-13.0,0.00,FOUND,""
A-101__clip,main,LEVEL 1 FLOOR PLAN,LB-1,A1,true,true,,30.67,25.59,27.67,9,3,25.70,25.70,-16.2,0.4,0.00,FOUND,""
A-101__clip,main,LEVEL 1 FLOOR PLAN,LB-2,A1,true,true,,32.67,29.13,29.67,10.5,3,31.61,31.61,-3.2,8.5,0.00,FOUND,""
A-101__clip,main,LEVEL 1 FLOOR PLAN,RCP-ARC,A1,true,true,,23.04,23.04,23.04,10.5,0,0.00,0.00,-100.0,-100.0,0.00,MISSED,"sheetStrokes skips curveTo: a curved wall has no straight faces to pair"
A-101__clip,main,LEVEL 1 FLOOR PLAN,LB-30,A1,true,true,,10.00,10.00,10.00,10.5,1,10.00,10.00,-0.0,-0.0,0.00,FOUND,""
A-101__clip,main,LEVEL 1 FLOOR PLAN,N-BK,A1,true,true,,87.33,76.10,78.33,10.5,7,70.12,70.12,-19.7,-7.9,0.00,FOUND,""
A-101__clip,main,LEVEL 1 FLOOR PLAN,N-EX40,A2,true,true,,17.00,16.59,17.00,14.5,1,16.73,16.73,-1.6,0.8,0.00,FOUND,""
A-101__clip,main,LEVEL 1 FLOOR PLAN,N-EX50,A2,true,true,,17.00,16.59,17.00,14.5,1,16.80,16.80,-1.2,1.2,0.00,FOUND,""
A-101__clip,main,LEVEL 1 FLOOR PLAN,N-EX60,A2,true,true,,17.00,15.59,17.00,14.5,2,15.59,15.59,-8.3,0.0,0.00,FOUND,""
A-101__clip,main,LEVEL 1 FLOOR PLAN,N-EX70,A2,true,true,,17.00,16.59,17.00,14.5,1,16.73,16.73,-1.6,0.8,0.00,FOUND,""
A-101__clip,main,LEVEL 1 FLOOR PLAN,N-EX80,A2,true,true,,17.00,16.59,17.00,14.5,1,16.94,16.93,-0.3,2.1,0.00,FOUND,""
A-101__clip,main,LEVEL 1 FLOOR PLAN,N-D,B1,true,true,,43.67,37.89,40.67,14.5,4,38.30,38.30,-12.3,1.1,0.00,FOUND,""
A-101__clip,main,LEVEL 1 FLOOR PLAN,N-OF50,A1,true,true,,26.67,26.13,26.67,10.5,1,26.32,26.32,-1.3,0.7,0.00,FOUND,""
A-101__clip,main,LEVEL 1 FLOOR PLAN,N-OF70,A1,true,true,,26.67,26.13,26.67,10.5,1,26.32,26.32,-1.3,0.7,0.00,FOUND,""
A-101__clip,main,LEVEL 1 FLOOR PLAN,NS-45,A1,true,true,,8.49,7.91,8.49,10.5,1,8.20,8.20,-3.3,3.7,0.00,FOUND,""
A-101__clip,main,LEVEL 1 FLOOR PLAN,NS-H,A1,true,true,,12.00,8.71,9.00,10.5,3,11.55,11.53,-3.7,32.6,0.00,FOUND,""
A-101__clip,main,LEVEL 1 FLOOR PLAN,NS-V,A1,true,true,,6.00,5.59,6.00,10.5,1,5.98,5.97,-0.4,6.8,0.00,FOUND,""
A-101__clip,main,LEVEL 1 FLOOR PLAN,N-E,A1,true,true,,43.67,36.96,39.67,10.5,4,35.32,35.32,-19.1,-4.5,0.00,FOUND,""
A-101__clip,main,LEVEL 1 FLOOR PLAN,CF-17,A1,true,true,,18.00,17.72,18.00,10.5,1,17.72,17.72,-1.5,-0.0,0.00,FOUND,""
A-101__clip,main,LEVEL 1 FLOOR PLAN,N-F,A1,true,false,outside the viewport clip,43.67,34.69,37.67,10.5,3,27.99,27.99,-35.9,-19.3,0.00,NOT_COUNTED_AND_FOUND,""
A-101__clip,main,LEVEL 1 FLOOR PLAN,IM-V,B1,true,false,outside the viewport clip,43.67,42.52,43.67,14.5,3,42.63,42.63,-2.4,0.2,0.00,NOT_COUNTED_AND_FOUND,""
A-101__clip,main,LEVEL 1 FLOOR PLAN,IM-H,B1,true,false,outside the viewport clip,17.67,17.16,17.67,14.5,1,17.38,17.38,-1.6,1.3,0.00,NOT_COUNTED_AND_FOUND,""
A-101__clip,main,LEVEL 1 FLOOR PLAN,ST-V,CMU,false,false,outside the viewport clip,30.67,29.61,30.67,14.5,1,13.80,13.80,-55.0,-53.4,0.00,NOT_COUNTED_AND_FOUND,""
A-101__clip,main,LEVEL 1 FLOOR PLAN,ST-H,CMU,false,false,outside the viewport clip,18.00,17.31,18.00,14.5,0,0.00,0.00,-100.0,-100.0,0.00,NOT_COUNTED,""
A-101__clip,main,LEVEL 1 FLOOR PLAN,FR-V,F1,true,false,outside the viewport clip,31.05,30.25,31.05,14.5,0,0.00,0.00,-100.0,-100.0,0.00,NOT_COUNTED,""
A-101__clip,main,LEVEL 1 FLOOR PLAN,FR-H,F1,true,false,outside the viewport clip,18.38,17.95,18.38,14.5,0,0.00,0.00,-100.0,-100.0,0.00,NOT_COUNTED,""
A-101__clip,main,LEVEL 1 FLOOR PLAN,EL-V,C1,true,false,outside the viewport clip,14.67,14.13,14.67,14.5,1,13.78,13.78,-6.0,-2.5,0.00,NOT_COUNTED_AND_FOUND,""
A-101__clip,main,LEVEL 1 FLOOR PLAN,EL-H,C1,true,false,outside the viewport clip,12.00,11.36,12.00,14.5,1,11.60,11.60,-3.3,2.1,0.00,NOT_COUNTED_AND_FOUND,""
A-101__clip,main,LEVEL 1 FLOOR PLAN,S-BK,A1,true,true,,57.33,49.20,51.33,10.5,8,54.18,54.18,-5.5,10.1,0.00,FOUND,""
A-101__clip,main,LEVEL 1 FLOOR PLAN,S-EX40,A2,true,true,,15.00,14.59,15.00,14.5,1,14.82,14.80,-1.2,1.5,0.00,FOUND,""
A-101__clip,main,LEVEL 1 FLOOR PLAN,S-EX50,A2,true,true,,15.00,14.59,15.00,14.5,1,14.82,14.80,-1.2,1.5,0.00,FOUND,""
A-101__clip,main,LEVEL 1 FLOOR PLAN,S-EX60,A2,true,true,,15.00,13.59,15.00,14.5,1,12.30,12.30,-18.0,-9.5,0.00,FOUND,""
A-101__clip,main,LEVEL 1 FLOOR PLAN,S-EX70,A2,true,true,,15.00,14.59,15.00,14.5,1,14.82,14.80,-1.2,1.5,0.00,FOUND,""
A-101__clip,main,LEVEL 1 FLOOR PLAN,S-EX80,A2,true,true,,15.00,14.59,15.00,14.5,1,14.82,14.80,-1.2,1.5,0.00,FOUND,""
A-101__clip,main,LEVEL 1 FLOOR PLAN,S-OF,A1,true,true,,28.67,28.09,28.67,10.5,1,28.27,28.27,-1.4,0.6,0.00,FOUND,""
A-101__clip,main,LEVEL 1 FLOOR PLAN,S-D,B1,true,true,,43.67,37.48,40.67,14.5,4,37.94,37.94,-13.1,1.2,0.00,FOUND,""
A-101__clip,main,LEVEL 1 FLOOR PLAN,S-E,A1,true,true,,43.67,40.89,43.67,10.5,3,40.89,40.89,-6.4,0.0,0.00,FOUND,""
A-101__clip,main,LEVEL 1 FLOOR PLAN,S-20,A1,true,true,,52.67,51.96,52.67,10.5,2,59.41,52.21,12.8,14.3,0.00,FOUND,""
A-101__clip,main,LEVEL 1 FLOOR PLAN,S-F,A1,true,false,outside the viewport clip,43.67,40.89,43.67,10.5,2,31.59,31.59,-27.6,-22.7,0.00,NOT_COUNTED_AND_FOUND,""
A-101__clip,main,LEVEL 1 FLOOR PLAN,S-165,A1,true,false,outside the viewport clip,43.67,42.69,43.67,10.5,2,42.74,42.72,-2.1,0.1,0.00,NOT_COUNTED_AND_FOUND,""
A-101__clip,main,LEVEL 1 FLOOR PLAN,RR-10,A2,true,false,outside the viewport clip,43.00,35.22,37.00,14.5,6,40.51,40.50,-5.8,15.0,0.00,NOT_COUNTED_AND_FOUND,""
A-101__clip,main,LEVEL 1 FLOOR PLAN,RR-CH,D1,true,false,outside the viewport clip,33.00,32.59,33.00,14.5,1,33.04,33.00,0.1,1.4,0.00,NOT_COUNTED_AND_FOUND,""
A-101__clip,main,LEVEL 1 FLOOR PLAN,EL-RM,A1,true,false,outside the viewport clip,10.67,10.09,10.67,10.5,1,10.28,10.28,-3.7,1.8,0.00,NOT_COUNTED_AND_FOUND,""
A-101__dashed,main,LEVEL 1 FLOOR PLAN,X-S,EXT-1,true,true,,208.67,168.89,172.67,14.5,0,0.00,0.00,-100.0,-100.0,0.00,MISSED,"wallsFromStrokes series test (inAHatchSeries): the type is drawn as 5 parallel lines, so every pair of its faces has a third line continuing the spacing"
A-101__dashed,main,LEVEL 1 FLOOR PLAN,X-E,EXT-1,true,true,,93.33,79.65,82.33,14.5,1,18.00,18.00,-80.7,-77.4,0.00,PARTIAL,"wallsFromStrokes series test (inAHatchSeries): the type is drawn as 5 parallel lines, so every pair of its faces has a third line continuing the spacing"
A-101__dashed,main,LEVEL 1 FLOOR PLAN,X-N,EXT-2,true,true,,208.67,170.13,175.67,14.5,0,0.00,0.00,-100.0,-100.0,0.00,MISSED,"wallFromPair face-length ratio: its two faces are drawn 0.6 ft and 38.0 ft (63.3x > 3x) — one face broken at junctions/openings, the other continuous"
A-101__dashed,main,LEVEL 1 FLOOR PLAN,X-W,EXT-1,true,true,,93.33,84.22,85.33,14.5,1,41.00,41.00,-56.1,-51.3,0.00,PARTIAL,"wallsFromStrokes series test (inAHatchSeries): the type is drawn as 5 parallel lines, so every pair of its faces has a third line continuing the spacing"
A-101__dashed,main,LEVEL 1 FLOOR PLAN,SF-1,SF,false,true,,20.00,0.00,0.00,10,0,0.00,0.00,-100.0,,0.00,MISSED,"only one face reached the reader, or the faces came back 0.62\" apart — under wallFromPair's 0.2 ft (2.4\") thickness floor"
A-101__dashed,main,LEVEL 1 FLOOR PLAN,C-S,A1,true,true,,178.00,139.36,145.00,10.5,31,161.42,161.42,-9.3,15.8,0.00,FOUND,""
A-101__dashed,main,LEVEL 1 FLOOR PLAN,C-N,A1,true,true,,178.00,140.89,146.50,10.5,30,160.58,160.58,-9.8,14.0,0.00,FOUND,""
A-101__dashed,main,LEVEL 1 FLOOR PLAN,B-S,A1,true,true,,43.67,40.89,43.67,10.5,2,39.59,39.59,-9.3,-3.2,0.00,FOUND,""
A-101__dashed,main,LEVEL 1 FLOOR PLAN,B-N,A1,true,true,,43.67,40.89,43.67,10.5,2,35.59,35.59,-18.5,-13.0,0.00,FOUND,""
A-101__dashed,main,LEVEL 1 FLOOR PLAN,LB-1,A1,true,true,,30.67,25.59,27.67,9,3,25.70,25.70,-16.2,0.4,0.00,FOUND,""
A-101__dashed,main,LEVEL 1 FLOOR PLAN,LB-2,A1,true,true,,32.67,29.13,29.67,10.5,3,31.61,31.61,-3.2,8.5,0.00,FOUND,""
A-101__dashed,main,LEVEL 1 FLOOR PLAN,RCP-ARC,A1,true,true,,23.04,23.04,23.04,10.5,0,0.00,0.00,-100.0,-100.0,0.00,MISSED,"sheetStrokes skips curveTo: a curved wall has no straight faces to pair"
A-101__dashed,main,LEVEL 1 FLOOR PLAN,LB-30,A1,true,true,,10.00,10.00,10.00,10.5,1,10.00,10.00,-0.0,-0.0,0.00,FOUND,""
A-101__dashed,main,LEVEL 1 FLOOR PLAN,N-BK,A1,true,true,,87.33,76.10,78.33,10.5,7,70.12,70.12,-19.7,-7.9,0.00,FOUND,""
A-101__dashed,main,LEVEL 1 FLOOR PLAN,N-EX40,A2,true,true,,17.00,16.59,17.00,14.5,1,16.73,16.73,-1.6,0.8,0.00,FOUND,""
A-101__dashed,main,LEVEL 1 FLOOR PLAN,N-EX50,A2,true,true,,17.00,16.59,17.00,14.5,1,16.80,16.80,-1.2,1.2,0.00,FOUND,""
A-101__dashed,main,LEVEL 1 FLOOR PLAN,N-EX60,A2,true,true,,17.00,15.59,17.00,14.5,2,15.59,15.59,-8.3,0.0,0.00,FOUND,""
A-101__dashed,main,LEVEL 1 FLOOR PLAN,N-EX70,A2,true,true,,17.00,16.59,17.00,14.5,1,16.73,16.73,-1.6,0.8,0.00,FOUND,""
A-101__dashed,main,LEVEL 1 FLOOR PLAN,N-EX80,A2,true,true,,17.00,16.59,17.00,14.5,1,16.94,16.93,-0.3,2.1,0.00,FOUND,""
A-101__dashed,main,LEVEL 1 FLOOR PLAN,N-D,B1,true,true,,43.67,37.89,40.67,14.5,4,38.30,38.30,-12.3,1.1,0.00,FOUND,""
A-101__dashed,main,LEVEL 1 FLOOR PLAN,N-OF50,A1,true,true,,26.67,26.13,26.67,10.5,1,26.32,26.32,-1.3,0.7,0.00,FOUND,""
A-101__dashed,main,LEVEL 1 FLOOR PLAN,N-OF70,A1,true,true,,26.67,26.13,26.67,10.5,1,26.32,26.32,-1.3,0.7,0.00,FOUND,""
A-101__dashed,main,LEVEL 1 FLOOR PLAN,NS-45,A1,true,true,,8.49,7.91,8.49,10.5,1,8.20,8.20,-3.3,3.7,0.00,FOUND,""
A-101__dashed,main,LEVEL 1 FLOOR PLAN,NS-H,A1,true,true,,12.00,8.71,9.00,10.5,3,11.55,11.53,-3.7,32.6,0.00,FOUND,""
A-101__dashed,main,LEVEL 1 FLOOR PLAN,NS-V,A1,true,true,,6.00,5.59,6.00,10.5,1,5.98,5.97,-0.4,6.8,0.00,FOUND,""
A-101__dashed,main,LEVEL 1 FLOOR PLAN,N-E,A1,true,true,,43.67,36.96,39.67,10.5,4,35.32,35.32,-19.1,-4.5,0.00,FOUND,""
A-101__dashed,main,LEVEL 1 FLOOR PLAN,CF-17,A1,true,true,,18.00,17.72,18.00,10.5,1,17.72,17.72,-1.5,-0.0,0.00,FOUND,""
A-101__dashed,main,LEVEL 1 FLOOR PLAN,N-F,A1,true,true,,43.67,34.69,37.67,10.5,3,27.99,27.99,-35.9,-19.3,0.00,PARTIAL,"wallsFromStrokes one-face-one-use: the faces are broken into pieces (openings, T junctions, columns) and the long piece is spent on one partner, stranding the rest"
A-101__dashed,main,LEVEL 1 FLOOR PLAN,IM-V,B1,true,true,,43.67,42.52,43.67,14.5,3,42.63,42.63,-2.4,0.2,0.00,FOUND,""
A-101__dashed,main,LEVEL 1 FLOOR PLAN,IM-H,B1,true,true,,17.67,17.16,17.67,14.5,1,17.38,17.38,-1.6,1.3,0.00,FOUND,""
A-101__dashed,main,LEVEL 1 FLOOR PLAN,ST-V,CMU,false,true,,30.67,29.61,30.67,14.5,1,13.80,13.80,-55.0,-53.4,0.00,PARTIAL,"wallsFromStrokes series test (inAHatchSeries): a 16.2 ft parallel line 5.3\" off centre continues the face spacing — wall (A-WALL)"
A-101__dashed,main,LEVEL 1 FLOOR PLAN,ST-H,CMU,false,true,,18.00,17.31,18.00,14.5,0,0.00,0.00,-100.0,-100.0,0.00,MISSED,"wallsFromStrokes series test (inAHatchSeries): a 18.1 ft parallel line 5.3\" off centre continues the face spacing — wall (A-WALL)"
A-101__dashed,main,LEVEL 1 FLOOR PLAN,FR-V,F1,true,true,,31.05,30.25,31.05,14.5,0,0.00,0.00,-100.0,-100.0,0.00,MISSED,"only one face reached the reader, or the faces came back 1.50\" apart — under wallFromPair's 0.2 ft (2.4\") thickness floor"
A-101__dashed,main,LEVEL 1 FLOOR PLAN,FR-H,F1,true,true,,18.38,17.95,18.38,14.5,0,0.00,0.00,-100.0,-100.0,0.00,MISSED,"only one face reached the reader, or the faces came back 1.50\" apart — under wallFromPair's 0.2 ft (2.4\") thickness floor"
A-101__dashed,main,LEVEL 1 FLOOR PLAN,EL-V,C1,true,true,,14.67,14.13,14.67,14.5,1,13.78,13.78,-6.0,-2.5,0.00,FOUND,""
A-101__dashed,main,LEVEL 1 FLOOR PLAN,EL-H,C1,true,true,,12.00,11.36,12.00,14.5,1,11.60,11.60,-3.3,2.1,0.00,FOUND,""
A-101__dashed,main,LEVEL 1 FLOOR PLAN,S-BK,A1,true,true,,57.33,49.20,51.33,10.5,8,54.18,54.18,-5.5,10.1,0.00,FOUND,""
A-101__dashed,main,LEVEL 1 FLOOR PLAN,S-EX40,A2,true,true,,15.00,14.59,15.00,14.5,1,14.82,14.80,-1.2,1.5,0.00,FOUND,""
A-101__dashed,main,LEVEL 1 FLOOR PLAN,S-EX50,A2,true,true,,15.00,14.59,15.00,14.5,1,14.82,14.80,-1.2,1.5,0.00,FOUND,""
A-101__dashed,main,LEVEL 1 FLOOR PLAN,S-EX60,A2,true,true,,15.00,13.59,15.00,14.5,1,12.30,12.30,-18.0,-9.5,0.00,FOUND,""
A-101__dashed,main,LEVEL 1 FLOOR PLAN,S-EX70,A2,true,true,,15.00,14.59,15.00,14.5,1,14.82,14.80,-1.2,1.5,0.00,FOUND,""
A-101__dashed,main,LEVEL 1 FLOOR PLAN,S-EX80,A2,true,true,,15.00,14.59,15.00,14.5,1,14.82,14.80,-1.2,1.5,0.00,FOUND,""
A-101__dashed,main,LEVEL 1 FLOOR PLAN,S-OF,A1,true,true,,28.67,28.09,28.67,10.5,1,28.27,28.27,-1.4,0.6,0.00,FOUND,""
A-101__dashed,main,LEVEL 1 FLOOR PLAN,S-D,B1,true,true,,43.67,37.48,40.67,14.5,4,37.94,37.94,-13.1,1.2,0.00,FOUND,""
A-101__dashed,main,LEVEL 1 FLOOR PLAN,S-E,A1,true,true,,43.67,40.89,43.67,10.5,3,40.89,40.89,-6.4,0.0,0.00,FOUND,""
A-101__dashed,main,LEVEL 1 FLOOR PLAN,S-20,A1,true,true,,60.00,59.09,60.00,10.5,2,59.41,59.41,-1.0,0.6,0.00,FOUND,""
A-101__dashed,main,LEVEL 1 FLOOR PLAN,S-F,A1,true,true,,43.67,40.89,43.67,10.5,2,31.59,31.59,-27.6,-22.7,0.00,PARTIAL,"wallsFromStrokes one-face-one-use: the faces are broken into pieces (openings, T junctions, columns) and the long piece is spent on one partner, stranding the rest"
A-101__dashed,main,LEVEL 1 FLOOR PLAN,S-165,A1,true,true,,43.67,42.69,43.67,10.5,2,42.74,42.72,-2.1,0.1,0.00,FOUND,""
A-101__dashed,main,LEVEL 1 FLOOR PLAN,RR-10,A2,true,true,,43.00,35.22,37.00,14.5,6,40.51,40.50,-5.8,15.0,0.00,FOUND,""
A-101__dashed,main,LEVEL 1 FLOOR PLAN,RR-CH,D1,true,true,,33.00,32.59,33.00,14.5,1,33.04,33.00,0.1,1.4,0.00,FOUND,""
A-101__dashed,main,LEVEL 1 FLOOR PLAN,EL-RM,A1,true,true,,10.67,10.09,10.67,10.5,1,10.28,10.28,-3.7,1.8,0.00,FOUND,""
A-101__dashed,main,LEVEL 1 FLOOR PLAN,DEMO-1,A1,true,false,existing to be demolished (dashed),20.00,19.80,20.00,10.5,1,19.80,19.80,-1.0,0.0,0.00,NOT_COUNTED_AND_FOUND,""
A-101__dashed,main,LEVEL 1 FLOOR PLAN,DEMO-2,A1,true,false,existing to be demolished (dashed),13.00,12.80,13.00,10.5,1,12.80,12.80,-1.6,0.0,0.00,NOT_COUNTED_AND_FOUND,""
A-101__dashed,main,LEVEL 1 FLOOR PLAN,DEMO-3,A1,true,false,existing to be demolished (dashed),13.00,13.00,13.00,10.5,1,13.00,13.00,0.0,0.0,0.00,NOT_COUNTED_AND_FOUND,""
A-101__plot-black,main,LEVEL 1 FLOOR PLAN,X-S,EXT-1,true,true,,208.67,168.89,172.67,14.5,0,0.00,0.00,-100.0,-100.0,0.00,MISSED,"wallsFromStrokes series test (inAHatchSeries): the type is drawn as 5 parallel lines, so every pair of its faces has a third line continuing the spacing"
A-101__plot-black,main,LEVEL 1 FLOOR PLAN,X-E,EXT-1,true,true,,93.33,79.65,82.33,14.5,1,18.00,18.00,-80.7,-77.4,0.00,PARTIAL,"wallsFromStrokes series test (inAHatchSeries): the type is drawn as 5 parallel lines, so every pair of its faces has a third line continuing the spacing"
A-101__plot-black,main,LEVEL 1 FLOOR PLAN,X-N,EXT-2,true,true,,208.67,170.13,175.67,14.5,0,0.00,0.00,-100.0,-100.0,0.00,MISSED,"wallFromPair face-length ratio: its two faces are drawn 0.6 ft and 38.0 ft (63.3x > 3x) — one face broken at junctions/openings, the other continuous"
A-101__plot-black,main,LEVEL 1 FLOOR PLAN,X-W,EXT-1,true,true,,93.33,84.22,85.33,14.5,1,41.00,41.00,-56.1,-51.3,0.00,PARTIAL,"wallsFromStrokes series test (inAHatchSeries): the type is drawn as 5 parallel lines, so every pair of its faces has a third line continuing the spacing"
A-101__plot-black,main,LEVEL 1 FLOOR PLAN,SF-1,SF,false,true,,20.00,0.00,0.00,10,0,0.00,0.00,-100.0,,0.00,MISSED,"only one face reached the reader, or the faces came back 0.62\" apart — under wallFromPair's 0.2 ft (2.4\") thickness floor"
A-101__plot-black,main,LEVEL 1 FLOOR PLAN,C-S,A1,true,true,,178.00,139.36,145.00,10.5,31,161.42,161.42,-9.3,15.8,0.00,FOUND,""
A-101__plot-black,main,LEVEL 1 FLOOR PLAN,C-N,A1,true,true,,178.00,140.89,146.50,10.5,30,160.58,160.58,-9.8,14.0,0.00,FOUND,""
A-101__plot-black,main,LEVEL 1 FLOOR PLAN,B-S,A1,true,true,,43.67,40.89,43.67,10.5,2,39.59,39.59,-9.3,-3.2,0.00,FOUND,""
A-101__plot-black,main,LEVEL 1 FLOOR PLAN,B-N,A1,true,true,,43.67,40.89,43.67,10.5,2,35.59,35.59,-18.5,-13.0,0.00,FOUND,""
A-101__plot-black,main,LEVEL 1 FLOOR PLAN,LB-1,A1,true,true,,30.67,25.59,27.67,9,3,25.70,25.70,-16.2,0.4,0.00,FOUND,""
A-101__plot-black,main,LEVEL 1 FLOOR PLAN,LB-2,A1,true,true,,32.67,29.13,29.67,10.5,3,31.61,31.61,-3.2,8.5,0.00,FOUND,""
A-101__plot-black,main,LEVEL 1 FLOOR PLAN,RCP-ARC,A1,true,true,,23.04,23.04,23.04,10.5,0,0.00,0.00,-100.0,-100.0,0.00,MISSED,"sheetStrokes skips curveTo: a curved wall has no straight faces to pair"
A-101__plot-black,main,LEVEL 1 FLOOR PLAN,LB-30,A1,true,true,,10.00,10.00,10.00,10.5,1,10.00,10.00,-0.0,-0.0,0.00,FOUND,""
A-101__plot-black,main,LEVEL 1 FLOOR PLAN,N-BK,A1,true,true,,87.33,76.10,78.33,10.5,7,70.12,70.12,-19.7,-7.9,0.00,FOUND,""
A-101__plot-black,main,LEVEL 1 FLOOR PLAN,N-EX40,A2,true,true,,17.00,16.59,17.00,14.5,1,16.73,16.73,-1.6,0.8,0.00,FOUND,""
A-101__plot-black,main,LEVEL 1 FLOOR PLAN,N-EX50,A2,true,true,,17.00,16.59,17.00,14.5,1,16.80,16.80,-1.2,1.2,0.00,FOUND,""
A-101__plot-black,main,LEVEL 1 FLOOR PLAN,N-EX60,A2,true,true,,17.00,15.59,17.00,14.5,2,15.59,15.59,-8.3,0.0,0.00,FOUND,""
A-101__plot-black,main,LEVEL 1 FLOOR PLAN,N-EX70,A2,true,true,,17.00,16.59,17.00,14.5,1,16.73,16.73,-1.6,0.8,0.00,FOUND,""
A-101__plot-black,main,LEVEL 1 FLOOR PLAN,N-EX80,A2,true,true,,17.00,16.59,17.00,14.5,1,16.94,16.93,-0.3,2.1,0.00,FOUND,""
A-101__plot-black,main,LEVEL 1 FLOOR PLAN,N-D,B1,true,true,,43.67,37.89,40.67,14.5,4,38.30,38.30,-12.3,1.1,0.00,FOUND,""
A-101__plot-black,main,LEVEL 1 FLOOR PLAN,N-OF50,A1,true,true,,26.67,26.13,26.67,10.5,1,26.32,26.32,-1.3,0.7,0.00,FOUND,""
A-101__plot-black,main,LEVEL 1 FLOOR PLAN,N-OF70,A1,true,true,,26.67,26.13,26.67,10.5,1,26.32,26.32,-1.3,0.7,0.00,FOUND,""
A-101__plot-black,main,LEVEL 1 FLOOR PLAN,NS-45,A1,true,true,,8.49,7.91,8.49,10.5,1,8.20,8.20,-3.3,3.7,0.00,FOUND,""
A-101__plot-black,main,LEVEL 1 FLOOR PLAN,NS-H,A1,true,true,,12.00,8.71,9.00,10.5,3,11.55,11.53,-3.7,32.6,0.00,FOUND,""
A-101__plot-black,main,LEVEL 1 FLOOR PLAN,NS-V,A1,true,true,,6.00,5.59,6.00,10.5,1,5.98,5.97,-0.4,6.8,0.00,FOUND,""
A-101__plot-black,main,LEVEL 1 FLOOR PLAN,N-E,A1,true,true,,43.67,36.96,39.67,10.5,4,35.32,35.32,-19.1,-4.5,0.00,FOUND,""
A-101__plot-black,main,LEVEL 1 FLOOR PLAN,CF-17,A1,true,true,,18.00,17.72,18.00,10.5,1,17.72,17.72,-1.5,-0.0,0.00,FOUND,""
A-101__plot-black,main,LEVEL 1 FLOOR PLAN,N-F,A1,true,true,,43.67,34.69,37.67,10.5,3,27.99,27.99,-35.9,-19.3,0.00,PARTIAL,"wallsFromStrokes one-face-one-use: the faces are broken into pieces (openings, T junctions, columns) and the long piece is spent on one partner, stranding the rest"
A-101__plot-black,main,LEVEL 1 FLOOR PLAN,IM-V,B1,true,true,,43.67,42.52,43.67,14.5,3,42.63,42.63,-2.4,0.2,0.00,FOUND,""
A-101__plot-black,main,LEVEL 1 FLOOR PLAN,IM-H,B1,true,true,,17.67,17.16,17.67,14.5,1,17.38,17.38,-1.6,1.3,0.00,FOUND,""
A-101__plot-black,main,LEVEL 1 FLOOR PLAN,ST-V,CMU,false,true,,30.67,29.61,30.67,14.5,1,13.80,13.80,-55.0,-53.4,0.00,PARTIAL,"wallsFromStrokes series test (inAHatchSeries): a 16.2 ft parallel line 5.3\" off centre continues the face spacing — wall (A-WALL)"
A-101__plot-black,main,LEVEL 1 FLOOR PLAN,ST-H,CMU,false,true,,18.00,17.31,18.00,14.5,0,0.00,0.00,-100.0,-100.0,0.00,MISSED,"wallsFromStrokes series test (inAHatchSeries): a 18.1 ft parallel line 5.3\" off centre continues the face spacing — wall (A-WALL)"
A-101__plot-black,main,LEVEL 1 FLOOR PLAN,FR-V,F1,true,true,,31.05,30.25,31.05,14.5,0,0.00,0.00,-100.0,-100.0,0.00,MISSED,"only one face reached the reader, or the faces came back 1.50\" apart — under wallFromPair's 0.2 ft (2.4\") thickness floor"
A-101__plot-black,main,LEVEL 1 FLOOR PLAN,FR-H,F1,true,true,,18.38,17.95,18.38,14.5,0,0.00,0.00,-100.0,-100.0,0.00,MISSED,"only one face reached the reader, or the faces came back 1.50\" apart — under wallFromPair's 0.2 ft (2.4\") thickness floor"
A-101__plot-black,main,LEVEL 1 FLOOR PLAN,EL-V,C1,true,true,,14.67,14.13,14.67,14.5,1,13.78,13.78,-6.0,-2.5,0.00,FOUND,""
A-101__plot-black,main,LEVEL 1 FLOOR PLAN,EL-H,C1,true,true,,12.00,11.36,12.00,14.5,1,11.60,11.60,-3.3,2.1,0.00,FOUND,""
A-101__plot-black,main,LEVEL 1 FLOOR PLAN,S-BK,A1,true,true,,57.33,49.20,51.33,10.5,8,54.18,54.18,-5.5,10.1,0.00,FOUND,""
A-101__plot-black,main,LEVEL 1 FLOOR PLAN,S-EX40,A2,true,true,,15.00,14.59,15.00,14.5,1,14.82,14.80,-1.2,1.5,0.00,FOUND,""
A-101__plot-black,main,LEVEL 1 FLOOR PLAN,S-EX50,A2,true,true,,15.00,14.59,15.00,14.5,1,14.82,14.80,-1.2,1.5,0.00,FOUND,""
A-101__plot-black,main,LEVEL 1 FLOOR PLAN,S-EX60,A2,true,true,,15.00,13.59,15.00,14.5,1,12.30,12.30,-18.0,-9.5,0.00,FOUND,""
A-101__plot-black,main,LEVEL 1 FLOOR PLAN,S-EX70,A2,true,true,,15.00,14.59,15.00,14.5,1,14.82,14.80,-1.2,1.5,0.00,FOUND,""
A-101__plot-black,main,LEVEL 1 FLOOR PLAN,S-EX80,A2,true,true,,15.00,14.59,15.00,14.5,1,14.82,14.80,-1.2,1.5,0.00,FOUND,""
A-101__plot-black,main,LEVEL 1 FLOOR PLAN,S-OF,A1,true,true,,28.67,28.09,28.67,10.5,1,28.27,28.27,-1.4,0.6,0.00,FOUND,""
A-101__plot-black,main,LEVEL 1 FLOOR PLAN,S-D,B1,true,true,,43.67,37.48,40.67,14.5,4,37.94,37.94,-13.1,1.2,0.00,FOUND,""
A-101__plot-black,main,LEVEL 1 FLOOR PLAN,S-E,A1,true,true,,43.67,40.89,43.67,10.5,3,40.89,40.89,-6.4,0.0,0.00,FOUND,""
A-101__plot-black,main,LEVEL 1 FLOOR PLAN,S-20,A1,true,true,,60.00,59.09,60.00,10.5,2,59.41,59.41,-1.0,0.6,0.00,FOUND,""
A-101__plot-black,main,LEVEL 1 FLOOR PLAN,S-F,A1,true,true,,43.67,40.89,43.67,10.5,2,31.59,31.59,-27.6,-22.7,0.00,PARTIAL,"wallsFromStrokes one-face-one-use: the faces are broken into pieces (openings, T junctions, columns) and the long piece is spent on one partner, stranding the rest"
A-101__plot-black,main,LEVEL 1 FLOOR PLAN,S-165,A1,true,true,,43.67,42.69,43.67,10.5,2,42.74,42.72,-2.1,0.1,0.00,FOUND,""
A-101__plot-black,main,LEVEL 1 FLOOR PLAN,RR-10,A2,true,true,,43.00,35.22,37.00,14.5,6,40.51,40.50,-5.8,15.0,0.00,FOUND,""
A-101__plot-black,main,LEVEL 1 FLOOR PLAN,RR-CH,D1,true,true,,33.00,32.59,33.00,14.5,1,33.04,33.00,0.1,1.4,0.00,FOUND,""
A-101__plot-black,main,LEVEL 1 FLOOR PLAN,EL-RM,A1,true,true,,10.67,10.09,10.67,10.5,1,10.28,10.28,-3.7,1.8,0.00,FOUND,""
A-101__scan,main,LEVEL 1 FLOOR PLAN,X-S,EXT-1,true,true,,208.67,168.89,172.67,14.5,0,0.00,0.00,-100.0,-100.0,0.00,MISSED,"the reader returned no segment on this wall's faces — its geometry never reached wallsFromStrokes"
A-101__scan,main,LEVEL 1 FLOOR PLAN,X-E,EXT-1,true,true,,93.33,79.65,82.33,14.5,0,0.00,0.00,-100.0,-100.0,0.00,MISSED,"the reader returned no segment on this wall's faces — its geometry never reached wallsFromStrokes"
A-101__scan,main,LEVEL 1 FLOOR PLAN,X-N,EXT-2,true,true,,208.67,170.13,175.67,14.5,0,0.00,0.00,-100.0,-100.0,0.00,MISSED,"the reader returned no segment on this wall's faces — its geometry never reached wallsFromStrokes"
A-101__scan,main,LEVEL 1 FLOOR PLAN,X-W,EXT-1,true,true,,93.33,84.22,85.33,14.5,0,0.00,0.00,-100.0,-100.0,0.00,MISSED,"the reader returned no segment on this wall's faces — its geometry never reached wallsFromStrokes"
A-101__scan,main,LEVEL 1 FLOOR PLAN,SF-1,SF,false,true,,20.00,0.00,0.00,10,0,0.00,0.00,-100.0,,0.00,MISSED,"the reader returned no segment on this wall's faces — its geometry never reached wallsFromStrokes"
A-101__scan,main,LEVEL 1 FLOOR PLAN,C-S,A1,true,true,,178.00,139.36,145.00,10.5,0,0.00,0.00,-100.0,-100.0,0.00,MISSED,"the reader returned no segment on this wall's faces — its geometry never reached wallsFromStrokes"
A-101__scan,main,LEVEL 1 FLOOR PLAN,C-N,A1,true,true,,178.00,140.89,146.50,10.5,0,0.00,0.00,-100.0,-100.0,0.00,MISSED,"the reader returned no segment on this wall's faces — its geometry never reached wallsFromStrokes"
A-101__scan,main,LEVEL 1 FLOOR PLAN,B-S,A1,true,true,,43.67,40.89,43.67,10.5,0,0.00,0.00,-100.0,-100.0,0.00,MISSED,"the reader returned no segment on this wall's faces — its geometry never reached wallsFromStrokes"
A-101__scan,main,LEVEL 1 FLOOR PLAN,B-N,A1,true,true,,43.67,40.89,43.67,10.5,0,0.00,0.00,-100.0,-100.0,0.00,MISSED,"the reader returned no segment on this wall's faces — its geometry never reached wallsFromStrokes"
A-101__scan,main,LEVEL 1 FLOOR PLAN,LB-1,A1,true,true,,30.67,25.59,27.67,9,0,0.00,0.00,-100.0,-100.0,0.00,MISSED,"the reader returned no segment on this wall's faces — its geometry never reached wallsFromStrokes"
A-101__scan,main,LEVEL 1 FLOOR PLAN,LB-2,A1,true,true,,32.67,29.13,29.67,10.5,0,0.00,0.00,-100.0,-100.0,0.00,MISSED,"the reader returned no segment on this wall's faces — its geometry never reached wallsFromStrokes"
A-101__scan,main,LEVEL 1 FLOOR PLAN,RCP-ARC,A1,true,true,,23.04,23.04,23.04,10.5,0,0.00,0.00,-100.0,-100.0,0.00,MISSED,"sheetStrokes skips curveTo: a curved wall has no straight faces to pair"
A-101__scan,main,LEVEL 1 FLOOR PLAN,LB-30,A1,true,true,,10.00,10.00,10.00,10.5,0,0.00,0.00,-100.0,-100.0,0.00,MISSED,"the reader returned no segment on this wall's faces — its geometry never reached wallsFromStrokes"
A-101__scan,main,LEVEL 1 FLOOR PLAN,N-BK,A1,true,true,,87.33,76.10,78.33,10.5,0,0.00,0.00,-100.0,-100.0,0.00,MISSED,"the reader returned no segment on this wall's faces — its geometry never reached wallsFromStrokes"
A-101__scan,main,LEVEL 1 FLOOR PLAN,N-EX40,A2,true,true,,17.00,16.59,17.00,14.5,0,0.00,0.00,-100.0,-100.0,0.00,MISSED,"the reader returned no segment on this wall's faces — its geometry never reached wallsFromStrokes"
A-101__scan,main,LEVEL 1 FLOOR PLAN,N-EX50,A2,true,true,,17.00,16.59,17.00,14.5,0,0.00,0.00,-100.0,-100.0,0.00,MISSED,"the reader returned no segment on this wall's faces — its geometry never reached wallsFromStrokes"
A-101__scan,main,LEVEL 1 FLOOR PLAN,N-EX60,A2,true,true,,17.00,15.59,17.00,14.5,0,0.00,0.00,-100.0,-100.0,0.00,MISSED,"the reader returned no segment on this wall's faces — its geometry never reached wallsFromStrokes"
A-101__scan,main,LEVEL 1 FLOOR PLAN,N-EX70,A2,true,true,,17.00,16.59,17.00,14.5,0,0.00,0.00,-100.0,-100.0,0.00,MISSED,"the reader returned no segment on this wall's faces — its geometry never reached wallsFromStrokes"
A-101__scan,main,LEVEL 1 FLOOR PLAN,N-EX80,A2,true,true,,17.00,16.59,17.00,14.5,0,0.00,0.00,-100.0,-100.0,0.00,MISSED,"the reader returned no segment on this wall's faces — its geometry never reached wallsFromStrokes"
A-101__scan,main,LEVEL 1 FLOOR PLAN,N-D,B1,true,true,,43.67,37.89,40.67,14.5,0,0.00,0.00,-100.0,-100.0,0.00,MISSED,"the reader returned no segment on this wall's faces — its geometry never reached wallsFromStrokes"
A-101__scan,main,LEVEL 1 FLOOR PLAN,N-OF50,A1,true,true,,26.67,26.13,26.67,10.5,0,0.00,0.00,-100.0,-100.0,0.00,MISSED,"the reader returned no segment on this wall's faces — its geometry never reached wallsFromStrokes"
A-101__scan,main,LEVEL 1 FLOOR PLAN,N-OF70,A1,true,true,,26.67,26.13,26.67,10.5,0,0.00,0.00,-100.0,-100.0,0.00,MISSED,"the reader returned no segment on this wall's faces — its geometry never reached wallsFromStrokes"
A-101__scan,main,LEVEL 1 FLOOR PLAN,NS-45,A1,true,true,,8.49,7.91,8.49,10.5,0,0.00,0.00,-100.0,-100.0,0.00,MISSED,"the reader returned no segment on this wall's faces — its geometry never reached wallsFromStrokes"
A-101__scan,main,LEVEL 1 FLOOR PLAN,NS-H,A1,true,true,,12.00,8.71,9.00,10.5,0,0.00,0.00,-100.0,-100.0,0.00,MISSED,"the reader returned no segment on this wall's faces — its geometry never reached wallsFromStrokes"
A-101__scan,main,LEVEL 1 FLOOR PLAN,NS-V,A1,true,true,,6.00,5.59,6.00,10.5,0,0.00,0.00,-100.0,-100.0,0.00,MISSED,"the reader returned no segment on this wall's faces — its geometry never reached wallsFromStrokes"
A-101__scan,main,LEVEL 1 FLOOR PLAN,N-E,A1,true,true,,43.67,36.96,39.67,10.5,0,0.00,0.00,-100.0,-100.0,0.00,MISSED,"the reader returned no segment on this wall's faces — its geometry never reached wallsFromStrokes"
A-101__scan,main,LEVEL 1 FLOOR PLAN,CF-17,A1,true,true,,18.00,17.72,18.00,10.5,0,0.00,0.00,-100.0,-100.0,0.00,MISSED,"the reader returned no segment on this wall's faces — its geometry never reached wallsFromStrokes"
A-101__scan,main,LEVEL 1 FLOOR PLAN,N-F,A1,true,true,,43.67,34.69,37.67,10.5,0,0.00,0.00,-100.0,-100.0,0.00,MISSED,"the reader returned no segment on this wall's faces — its geometry never reached wallsFromStrokes"
A-101__scan,main,LEVEL 1 FLOOR PLAN,IM-V,B1,true,true,,43.67,42.52,43.67,14.5,0,0.00,0.00,-100.0,-100.0,0.00,MISSED,"the reader returned no segment on this wall's faces — its geometry never reached wallsFromStrokes"
A-101__scan,main,LEVEL 1 FLOOR PLAN,IM-H,B1,true,true,,17.67,17.16,17.67,14.5,0,0.00,0.00,-100.0,-100.0,0.00,MISSED,"the reader returned no segment on this wall's faces — its geometry never reached wallsFromStrokes"
A-101__scan,main,LEVEL 1 FLOOR PLAN,ST-V,CMU,false,true,,30.67,29.61,30.67,14.5,0,0.00,0.00,-100.0,-100.0,0.00,MISSED,"the reader returned no segment on this wall's faces — its geometry never reached wallsFromStrokes"
A-101__scan,main,LEVEL 1 FLOOR PLAN,ST-H,CMU,false,true,,18.00,17.31,18.00,14.5,0,0.00,0.00,-100.0,-100.0,0.00,MISSED,"the reader returned no segment on this wall's faces — its geometry never reached wallsFromStrokes"
A-101__scan,main,LEVEL 1 FLOOR PLAN,FR-V,F1,true,true,,31.05,30.25,31.05,14.5,0,0.00,0.00,-100.0,-100.0,0.00,MISSED,"the reader returned no segment on this wall's faces — its geometry never reached wallsFromStrokes"
A-101__scan,main,LEVEL 1 FLOOR PLAN,FR-H,F1,true,true,,18.38,17.95,18.38,14.5,0,0.00,0.00,-100.0,-100.0,0.00,MISSED,"the reader returned no segment on this wall's faces — its geometry never reached wallsFromStrokes"
A-101__scan,main,LEVEL 1 FLOOR PLAN,EL-V,C1,true,true,,14.67,14.13,14.67,14.5,0,0.00,0.00,-100.0,-100.0,0.00,MISSED,"the reader returned no segment on this wall's faces — its geometry never reached wallsFromStrokes"
A-101__scan,main,LEVEL 1 FLOOR PLAN,EL-H,C1,true,true,,12.00,11.36,12.00,14.5,0,0.00,0.00,-100.0,-100.0,0.00,MISSED,"the reader returned no segment on this wall's faces — its geometry never reached wallsFromStrokes"
A-101__scan,main,LEVEL 1 FLOOR PLAN,S-BK,A1,true,true,,57.33,49.20,51.33,10.5,0,0.00,0.00,-100.0,-100.0,0.00,MISSED,"the reader returned no segment on this wall's faces — its geometry never reached wallsFromStrokes"
A-101__scan,main,LEVEL 1 FLOOR PLAN,S-EX40,A2,true,true,,15.00,14.59,15.00,14.5,0,0.00,0.00,-100.0,-100.0,0.00,MISSED,"the reader returned no segment on this wall's faces — its geometry never reached wallsFromStrokes"
A-101__scan,main,LEVEL 1 FLOOR PLAN,S-EX50,A2,true,true,,15.00,14.59,15.00,14.5,0,0.00,0.00,-100.0,-100.0,0.00,MISSED,"the reader returned no segment on this wall's faces — its geometry never reached wallsFromStrokes"
A-101__scan,main,LEVEL 1 FLOOR PLAN,S-EX60,A2,true,true,,15.00,13.59,15.00,14.5,0,0.00,0.00,-100.0,-100.0,0.00,MISSED,"the reader returned no segment on this wall's faces — its geometry never reached wallsFromStrokes"
A-101__scan,main,LEVEL 1 FLOOR PLAN,S-EX70,A2,true,true,,15.00,14.59,15.00,14.5,0,0.00,0.00,-100.0,-100.0,0.00,MISSED,"the reader returned no segment on this wall's faces — its geometry never reached wallsFromStrokes"
A-101__scan,main,LEVEL 1 FLOOR PLAN,S-EX80,A2,true,true,,15.00,14.59,15.00,14.5,0,0.00,0.00,-100.0,-100.0,0.00,MISSED,"the reader returned no segment on this wall's faces — its geometry never reached wallsFromStrokes"
A-101__scan,main,LEVEL 1 FLOOR PLAN,S-OF,A1,true,true,,28.67,28.09,28.67,10.5,0,0.00,0.00,-100.0,-100.0,0.00,MISSED,"the reader returned no segment on this wall's faces — its geometry never reached wallsFromStrokes"
A-101__scan,main,LEVEL 1 FLOOR PLAN,S-D,B1,true,true,,43.67,37.48,40.67,14.5,0,0.00,0.00,-100.0,-100.0,0.00,MISSED,"the reader returned no segment on this wall's faces — its geometry never reached wallsFromStrokes"
A-101__scan,main,LEVEL 1 FLOOR PLAN,S-E,A1,true,true,,43.67,40.89,43.67,10.5,0,0.00,0.00,-100.0,-100.0,0.00,MISSED,"the reader returned no segment on this wall's faces — its geometry never reached wallsFromStrokes"
A-101__scan,main,LEVEL 1 FLOOR PLAN,S-20,A1,true,true,,60.00,59.09,60.00,10.5,0,0.00,0.00,-100.0,-100.0,0.00,MISSED,"the reader returned no segment on this wall's faces — its geometry never reached wallsFromStrokes"
A-101__scan,main,LEVEL 1 FLOOR PLAN,S-F,A1,true,true,,43.67,40.89,43.67,10.5,0,0.00,0.00,-100.0,-100.0,0.00,MISSED,"the reader returned no segment on this wall's faces — its geometry never reached wallsFromStrokes"
A-101__scan,main,LEVEL 1 FLOOR PLAN,S-165,A1,true,true,,43.67,42.69,43.67,10.5,0,0.00,0.00,-100.0,-100.0,0.00,MISSED,"the reader returned no segment on this wall's faces — its geometry never reached wallsFromStrokes"
A-101__scan,main,LEVEL 1 FLOOR PLAN,RR-10,A2,true,true,,43.00,35.22,37.00,14.5,0,0.00,0.00,-100.0,-100.0,0.00,MISSED,"the reader returned no segment on this wall's faces — its geometry never reached wallsFromStrokes"
A-101__scan,main,LEVEL 1 FLOOR PLAN,RR-CH,D1,true,true,,33.00,32.59,33.00,14.5,0,0.00,0.00,-100.0,-100.0,0.00,MISSED,"the reader returned no segment on this wall's faces — its geometry never reached wallsFromStrokes"
A-101__scan,main,LEVEL 1 FLOOR PLAN,EL-RM,A1,true,true,,10.67,10.09,10.67,10.5,0,0.00,0.00,-100.0,-100.0,0.00,MISSED,"the reader returned no segment on this wall's faces — its geometry never reached wallsFromStrokes"
A-101__skia,main,LEVEL 1 FLOOR PLAN,X-S,EXT-1,true,true,,208.67,168.89,172.67,14.5,9,85.59,85.59,-59.0,-49.3,0.00,PARTIAL,"wallsFromStrokes series test (inAHatchSeries): the type is drawn as 5 parallel lines, so every pair of its faces has a third line continuing the spacing"
A-101__skia,main,LEVEL 1 FLOOR PLAN,X-E,EXT-1,true,true,,93.33,79.65,82.33,14.5,6,55.67,55.61,-40.4,-30.1,0.00,PARTIAL,"wallFromPair face-length ratio: its two faces are drawn 0.0 ft and 39.0 ft (1404.2x > 3x) — one face broken at junctions/openings, the other continuous"
A-101__skia,main,LEVEL 1 FLOOR PLAN,X-N,EXT-2,true,true,,208.67,170.13,175.67,14.5,17,153.43,153.43,-26.5,-9.8,0.00,PARTIAL,"wallFromPair face-length ratio: its two faces are drawn 0.6 ft and 38.0 ft (63.3x > 3x) — one face broken at junctions/openings, the other continuous"
A-101__skia,main,LEVEL 1 FLOOR PLAN,X-W,EXT-1,true,true,,93.33,84.22,85.33,14.5,2,4.67,4.67,-95.0,-94.5,0.00,PARTIAL,"wallsFromStrokes series test (inAHatchSeries): the type is drawn as 5 parallel lines, so every pair of its faces has a third line continuing the spacing"
A-101__skia,main,LEVEL 1 FLOOR PLAN,SF-1,SF,false,true,,20.00,0.00,0.00,10,0,0.00,0.00,-100.0,,0.00,MISSED,"only one face reached the reader, or the faces came back 0.62\" apart — under wallFromPair's 0.2 ft (2.4\") thickness floor"
A-101__skia,main,LEVEL 1 FLOOR PLAN,C-S,A1,true,true,,178.00,139.36,145.00,10.5,31,161.35,161.35,-9.4,15.8,0.00,FOUND,""
A-101__skia,main,LEVEL 1 FLOOR PLAN,C-N,A1,true,true,,178.00,140.89,146.50,10.5,29,155.86,155.86,-12.4,10.6,0.00,FOUND,""
A-101__skia,main,LEVEL 1 FLOOR PLAN,B-S,A1,true,true,,43.67,40.89,43.67,10.5,2,39.59,39.59,-9.3,-3.2,0.00,FOUND,""
A-101__skia,main,LEVEL 1 FLOOR PLAN,B-N,A1,true,true,,43.67,40.89,43.67,10.5,2,35.59,35.59,-18.5,-13.0,0.00,FOUND,""
A-101__skia,main,LEVEL 1 FLOOR PLAN,LB-1,A1,true,true,,30.67,25.59,27.67,9,2,19.30,19.30,-37.1,-24.6,0.00,PARTIAL,"wallsFromStrokes one-face-one-use: the faces are broken into pieces (openings, T junctions, columns) and the long piece is spent on one partner, stranding the rest"
A-101__skia,main,LEVEL 1 FLOOR PLAN,LB-2,A1,true,true,,32.67,29.13,29.67,10.5,3,31.91,31.91,-2.3,9.6,0.00,FOUND,""
A-101__skia,main,LEVEL 1 FLOOR PLAN,RCP-ARC,A1,true,true,,23.04,23.04,23.04,10.5,0,0.00,0.00,-100.0,-100.0,0.00,MISSED,"sheetStrokes skips curveTo: a curved wall has no straight faces to pair"
A-101__skia,main,LEVEL 1 FLOOR PLAN,LB-30,A1,true,true,,10.00,10.00,10.00,10.5,1,10.00,10.00,-0.0,-0.0,0.00,FOUND,""
A-101__skia,main,LEVEL 1 FLOOR PLAN,N-BK,A1,true,true,,87.33,76.10,78.33,10.5,8,79.62,79.62,-8.8,4.6,0.00,FOUND,""
A-101__skia,main,LEVEL 1 FLOOR PLAN,N-EX40,A2,true,true,,17.00,16.59,17.00,14.5,1,16.73,16.73,-1.6,0.8,0.00,FOUND,""
A-101__skia,main,LEVEL 1 FLOOR PLAN,N-EX50,A2,true,true,,17.00,16.59,17.00,14.5,1,17.01,17.00,0.1,2.5,0.00,FOUND,""
A-101__skia,main,LEVEL 1 FLOOR PLAN,N-EX60,A2,true,true,,17.00,15.59,17.00,14.5,2,15.59,15.59,-8.3,0.0,0.00,FOUND,""
A-101__skia,main,LEVEL 1 FLOOR PLAN,N-EX70,A2,true,true,,17.00,16.59,17.00,14.5,1,16.73,16.73,-1.6,0.8,0.00,FOUND,""
A-101__skia,main,LEVEL 1 FLOOR PLAN,N-EX80,A2,true,true,,17.00,16.59,17.00,14.5,1,16.94,16.93,-0.3,2.1,0.00,FOUND,""
A-101__skia,main,LEVEL 1 FLOOR PLAN,N-D,B1,true,true,,43.67,37.89,40.67,14.5,5,40.26,40.26,-7.8,6.3,0.00,FOUND,""
A-101__skia,main,LEVEL 1 FLOOR PLAN,N-OF50,A1,true,true,,26.67,26.13,26.67,10.5,1,26.32,26.32,-1.3,0.7,0.00,FOUND,""
A-101__skia,main,LEVEL 1 FLOOR PLAN,N-OF70,A1,true,true,,26.67,26.13,26.67,10.5,1,26.32,26.32,-1.3,0.7,0.00,FOUND,""
A-101__skia,main,LEVEL 1 FLOOR PLAN,NS-45,A1,true,true,,8.49,7.91,8.49,10.5,1,8.20,8.20,-3.3,3.7,0.00,FOUND,""
A-101__skia,main,LEVEL 1 FLOOR PLAN,NS-H,A1,true,true,,12.00,8.71,9.00,10.5,3,11.55,11.53,-3.7,32.6,0.00,FOUND,""
A-101__skia,main,LEVEL 1 FLOOR PLAN,NS-V,A1,true,true,,6.00,5.59,6.00,10.5,1,5.98,5.97,-0.4,6.8,0.00,FOUND,""
A-101__skia,main,LEVEL 1 FLOOR PLAN,N-E,A1,true,true,,43.67,36.96,39.67,10.5,4,35.32,35.32,-19.1,-4.5,0.00,FOUND,""
A-101__skia,main,LEVEL 1 FLOOR PLAN,CF-17,A1,true,true,,18.00,17.72,18.00,10.5,1,17.84,17.84,-0.9,0.7,0.00,FOUND,""
A-101__skia,main,LEVEL 1 FLOOR PLAN,N-F,A1,true,true,,43.67,34.69,37.67,10.5,3,27.99,27.99,-35.9,-19.3,0.00,PARTIAL,"wallFromPair face-length ratio: its two faces are drawn 16.5 ft and 0.0 ft (594.0x > 3x) — one face broken at junctions/openings, the other continuous"
A-101__skia,main,LEVEL 1 FLOOR PLAN,IM-V,B1,true,true,,43.67,42.52,43.67,14.5,0,0.00,0.00,-100.0,-100.0,0.00,MISSED,"wallFromPair face-length ratio: its two faces are drawn 22.0 ft and 0.1 ft (198.2x > 3x) — one face broken at junctions/openings, the other continuous"
A-101__skia,main,LEVEL 1 FLOOR PLAN,IM-H,B1,true,true,,17.67,17.16,17.67,14.5,1,17.16,17.16,-2.9,-0.0,0.00,FOUND,""
A-101__skia,main,LEVEL 1 FLOOR PLAN,ST-V,CMU,false,true,,30.67,29.61,30.67,14.5,1,13.80,13.80,-55.0,-53.4,0.00,PARTIAL,"wallsFromStrokes series test (inAHatchSeries): a 16.2 ft parallel line 5.3\" off centre continues the face spacing — wall (A-WALL)"
A-101__skia,main,LEVEL 1 FLOOR PLAN,ST-H,CMU,false,true,,18.00,17.31,18.00,14.5,0,0.00,0.00,-100.0,-100.0,0.00,MISSED,"wallsFromStrokes series test (inAHatchSeries): a 18.1 ft parallel line 5.3\" off centre continues the face spacing — wall (A-WALL)"
A-101__skia,main,LEVEL 1 FLOOR PLAN,FR-V,F1,true,true,,31.05,30.25,31.05,14.5,0,0.00,0.00,-100.0,-100.0,0.00,MISSED,"only one face reached the reader, or the faces came back 1.50\" apart — under wallFromPair's 0.2 ft (2.4\") thickness floor"
A-101__skia,main,LEVEL 1 FLOOR PLAN,FR-H,F1,true,true,,18.38,17.95,18.38,14.5,0,0.00,0.00,-100.0,-100.0,0.00,MISSED,"only one face reached the reader, or the faces came back 1.52\" apart — under wallFromPair's 0.2 ft (2.4\") thickness floor"
A-101__skia,main,LEVEL 1 FLOOR PLAN,EL-V,C1,true,true,,14.67,14.13,14.67,14.5,1,13.71,13.71,-6.5,-3.0,0.00,FOUND,""
A-101__skia,main,LEVEL 1 FLOOR PLAN,EL-H,C1,true,true,,12.00,11.36,12.00,14.5,1,11.60,11.60,-3.3,2.1,0.00,FOUND,""
A-101__skia,main,LEVEL 1 FLOOR PLAN,S-BK,A1,true,true,,57.33,49.20,51.33,10.5,8,54.18,54.18,-5.5,10.1,0.00,FOUND,""
A-101__skia,main,LEVEL 1 FLOOR PLAN,S-EX40,A2,true,true,,15.00,14.59,15.00,14.5,1,14.82,14.80,-1.2,1.5,0.00,FOUND,""
A-101__skia,main,LEVEL 1 FLOOR PLAN,S-EX50,A2,true,true,,15.00,14.59,15.00,14.5,1,14.82,14.80,-1.2,1.5,0.00,FOUND,""
A-101__skia,main,LEVEL 1 FLOOR PLAN,S-EX60,A2,true,true,,15.00,13.59,15.00,14.5,1,12.30,12.30,-18.0,-9.5,0.00,FOUND,""
A-101__skia,main,LEVEL 1 FLOOR PLAN,S-EX70,A2,true,true,,15.00,14.59,15.00,14.5,1,14.82,14.80,-1.2,1.5,0.00,FOUND,""
A-101__skia,main,LEVEL 1 FLOOR PLAN,S-EX80,A2,true,true,,15.00,14.59,15.00,14.5,1,15.05,15.00,0.3,3.1,0.00,FOUND,""
A-101__skia,main,LEVEL 1 FLOOR PLAN,S-OF,A1,true,true,,28.67,28.09,28.67,10.5,1,28.27,28.27,-1.4,0.6,0.00,FOUND,""
A-101__skia,main,LEVEL 1 FLOOR PLAN,S-D,B1,true,true,,43.67,37.48,40.67,14.5,4,34.08,34.08,-22.0,-9.1,0.00,PARTIAL,"wallsFromStrokes one-face-one-use: the faces are broken into pieces (openings, T junctions, columns) and the long piece is spent on one partner, stranding the rest"
A-101__skia,main,LEVEL 1 FLOOR PLAN,S-E,A1,true,true,,43.67,40.89,43.67,10.5,3,40.89,40.89,-6.4,0.0,0.00,FOUND,""
A-101__skia,main,LEVEL 1 FLOOR PLAN,S-20,A1,true,true,,60.00,59.09,60.00,10.5,2,59.41,59.41,-1.0,0.6,0.00,FOUND,""
A-101__skia,main,LEVEL 1 FLOOR PLAN,S-F,A1,true,true,,43.67,40.89,43.67,10.5,2,31.59,31.59,-27.6,-22.7,0.00,PARTIAL,"wallFromPair face-length ratio: its two faces are drawn 19.3 ft and 0.0 ft (694.7x > 3x) — one face broken at junctions/openings, the other continuous"
A-101__skia,main,LEVEL 1 FLOOR PLAN,S-165,A1,true,true,,43.67,42.69,43.67,10.5,2,42.74,42.72,-2.1,0.1,0.00,FOUND,""
A-101__skia,main,LEVEL 1 FLOOR PLAN,RR-10,A2,true,true,,43.00,35.22,37.00,14.5,6,40.76,40.75,-5.2,15.7,0.00,FOUND,""
A-101__skia,main,LEVEL 1 FLOOR PLAN,RR-CH,D1,true,true,,33.00,32.59,33.00,14.5,1,33.04,33.00,0.1,1.4,0.00,FOUND,""
A-101__skia,main,LEVEL 1 FLOOR PLAN,EL-RM,A1,true,true,,10.67,10.09,10.67,10.5,1,10.28,10.28,-3.7,1.8,0.00,FOUND,""
A-102__clean,main,LEVEL 2 FLOOR PLAN,2X-S,EXT-1,true,true,,208.67,191.11,192.67,13,1,4.71,4.71,-97.7,-97.5,0.00,PARTIAL,"wallsFromStrokes series test (inAHatchSeries): the type is drawn as 5 parallel lines, so every pair of its faces has a third line continuing the spacing"
A-102__clean,main,LEVEL 2 FLOOR PLAN,2X-E,EXT-1,true,true,,93.33,91.18,93.33,13,0,0.00,0.00,-100.0,-100.0,0.00,MISSED,"wallFromPair face-length ratio: its two faces are drawn 30.0 ft and 94.0 ft (3.1x > 3x) — one face broken at junctions/openings, the other continuous"
A-102__clean,main,LEVEL 2 FLOOR PLAN,2X-N,EXT-2,true,true,,208.67,186.08,188.67,13,0,0.00,0.00,-100.0,-100.0,0.00,MISSED,"wallFromPair face-length ratio: its two faces are drawn 0.6 ft and 65.9 ft (109.8x > 3x) — one face broken at junctions/openings, the other continuous"
A-102__clean,main,LEVEL 2 FLOOR PLAN,2X-W,EXT-1,true,true,,93.33,91.41,93.33,13,1,94.04,93.33,0.8,2.9,0.00,FOUND,""
A-102__clean,main,LEVEL 2 FLOOR PLAN,2C-S,A1,true,true,,150.67,115.62,120.67,9.5,30,135.72,135.72,-9.9,17.4,0.00,FOUND,""
A-102__clean,main,LEVEL 2 FLOOR PLAN,2C-N,A1,true,true,,144.67,143.11,144.67,9.5,5,142.10,142.10,-1.8,-0.7,0.00,FOUND,""
A-102__clean,main,LEVEL 2 FLOOR PLAN,2C-W,A1,true,true,,46.67,39.52,40.67,9.5,3,43.73,43.71,-6.3,10.7,0.00,FOUND,""
A-102__clean,main,LEVEL 2 FLOOR PLAN,2C-E,A1,true,true,,52.67,52.13,52.67,9.5,1,52.33,52.33,-0.6,0.4,0.00,FOUND,""
A-102__clean,main,LEVEL 2 FLOOR PLAN,2S-BK,A1,true,true,,120.00,115.94,120.00,9.5,13,118.20,118.17,-1.5,1.9,0.00,FOUND,""
A-102__clean,main,LEVEL 2 FLOOR PLAN,2S-12,A1,true,true,,18.00,17.59,18.00,9.5,1,18.00,18.00,-0.0,2.3,0.00,FOUND,""
A-102__clean,main,LEVEL 2 FLOOR PLAN,2S-24,A1,true,true,,18.00,17.59,18.00,9.5,1,18.00,18.00,-0.0,2.3,0.00,FOUND,""
A-102__clean,main,LEVEL 2 FLOOR PLAN,2S-36,A1,true,true,,18.00,17.59,18.00,9.5,1,18.00,18.00,-0.0,2.3,0.00,FOUND,""
A-102__clean,main,LEVEL 2 FLOOR PLAN,2S-48,A1,true,true,,18.00,17.59,18.00,9.5,1,18.00,18.00,-0.0,2.3,0.00,FOUND,""
A-102__clean,main,LEVEL 2 FLOOR PLAN,2S-60,A1,true,true,,18.00,16.59,18.00,9.5,2,16.80,16.80,-6.7,1.2,0.00,FOUND,""
A-102__clean,main,LEVEL 2 FLOOR PLAN,2S-72,A1,true,true,,18.00,17.59,18.00,9.5,1,18.00,18.00,-0.0,2.3,0.00,FOUND,""
A-102__clean,main,LEVEL 2 FLOOR PLAN,2S-84,A1,true,true,,18.00,17.59,18.00,9.5,1,18.00,18.00,-0.0,2.3,0.00,FOUND,""
A-102__clean,main,LEVEL 2 FLOOR PLAN,2S-96,A1,true,true,,18.00,17.59,18.00,9.5,1,18.00,18.00,-0.0,2.3,0.00,FOUND,""
A-102__clean,main,LEVEL 2 FLOOR PLAN,2S-108,A1,true,true,,18.00,17.59,18.00,9.5,1,18.00,18.00,-0.0,2.3,0.00,FOUND,""
A-102__clean,main,LEVEL 2 FLOOR PLAN,2S-120,A1,true,true,,18.00,17.59,18.00,9.5,1,18.00,18.00,-0.0,2.3,0.00,FOUND,""
A-102__clean,main,LEVEL 2 FLOOR PLAN,2S-132,A1,true,true,,18.00,17.59,18.00,9.5,1,17.80,17.80,-1.1,1.2,0.00,FOUND,""
A-102__clean,main,LEVEL 2 FLOOR PLAN,2S-SH,A1,true,true,,22.67,22.09,22.67,9.5,1,22.30,22.30,-1.6,0.9,0.00,FOUND,""
A-102__clean,main,LEVEL 2 FLOOR PLAN,2N-1,A2,true,true,,40.67,40.09,40.67,13,1,40.27,40.27,-1.0,0.4,0.00,FOUND,""
A-102__clean,main,LEVEL 2 FLOOR PLAN,2N-2,A2,true,true,,24.00,23.59,24.00,13,1,24.04,24.00,0.2,1.9,0.00,FOUND,""
A-102__clean,main,LEVEL 2 FLOOR PLAN,2N-3,B1,true,true,,44.00,42.80,44.00,13,2,42.97,42.97,-2.3,0.4,0.00,FOUND,""
A-102__clean,main,LEVEL 2 FLOOR PLAN,2N-45,A1,true,true,,12.00,11.51,12.00,9.5,2,17.38,11.76,44.9,51.0,5.62,FOUND,""
A-102__clean,main,LEVEL 2 FLOOR PLAN,2ST-V,CMU,false,true,,30.67,29.61,30.67,13,0,0.00,0.00,-100.0,-100.0,0.00,MISSED,"wallsInTheBuilding: not in the biggest connected group (or that group had under 10 runs)"
A-102__clean,main,LEVEL 2 FLOOR PLAN,2ST-H,CMU,false,true,,18.00,17.31,18.00,13,0,0.00,0.00,-100.0,-100.0,0.00,MISSED,"wallsInTheBuilding: not in the biggest connected group (or that group had under 10 runs)"
A-102__clean,main,LEVEL 2 FLOOR PLAN,2EL-V,C1,true,true,,14.67,14.13,14.67,13,0,0.00,0.00,-100.0,-100.0,0.00,MISSED,"wallsInTheBuilding: not in the biggest connected group (or that group had under 10 runs)"
A-102__clean,main,LEVEL 2 FLOOR PLAN,2EL-H,C1,true,true,,12.00,11.48,12.00,13,0,0.00,0.00,-100.0,-100.0,0.00,MISSED,"wallsInTheBuilding: not in the biggest connected group (or that group had under 10 runs)"
A-102__clean,main,LEVEL 2 FLOOR PLAN,2RR-10,A2,true,true,,43.00,41.22,43.00,13,4,40.81,40.80,-5.1,-1.0,0.00,FOUND,""
A-102__clean,main,LEVEL 2 FLOOR PLAN,2RR-CH,D1,true,true,,30.00,29.59,30.00,13,1,30.02,30.00,0.1,1.4,0.00,FOUND,""
A-102__clean,main,LEVEL 2 FLOOR PLAN,2RR-W,A1,true,true,,40.67,39.69,40.67,9.5,2,39.72,39.72,-2.3,0.1,0.00,FOUND,""
A-102__clean,main,LEVEL 2 FLOOR PLAN,2RR-C,A1,true,true,,58.00,49.81,52.00,9.5,7,54.47,54.47,-6.1,9.4,0.00,FOUND,""
A-102__revit,main,LEVEL 2 FLOOR PLAN,2X-S,EXT-1,true,true,,208.67,191.11,192.67,13,1,4.71,4.71,-97.7,-97.5,0.00,PARTIAL,"wallsFromStrokes series test (inAHatchSeries): the type is drawn as 5 parallel lines, so every pair of its faces has a third line continuing the spacing"
A-102__revit,main,LEVEL 2 FLOOR PLAN,2X-E,EXT-1,true,true,,93.33,91.18,93.33,13,0,0.00,0.00,-100.0,-100.0,0.00,MISSED,"wallsFromStrokes series test (inAHatchSeries): the type is drawn as 5 parallel lines, so every pair of its faces has a third line continuing the spacing"
A-102__revit,main,LEVEL 2 FLOOR PLAN,2X-N,EXT-2,true,true,,208.67,186.08,188.67,13,0,0.00,0.00,-100.0,-100.0,0.00,MISSED,"wallFromPair face-length ratio: its two faces are drawn 0.6 ft and 65.9 ft (109.8x > 3x) — one face broken at junctions/openings, the other continuous"
A-102__revit,main,LEVEL 2 FLOOR PLAN,2X-W,EXT-1,true,true,,93.33,91.41,93.33,13,1,94.04,93.33,0.8,2.9,0.00,FOUND,""
A-102__revit,main,LEVEL 2 FLOOR PLAN,2C-S,A1,true,true,,150.67,115.62,120.67,9.5,22,138.73,138.73,-7.9,20.0,0.00,FOUND,""
A-102__revit,main,LEVEL 2 FLOOR PLAN,2C-N,A1,true,true,,144.67,143.11,144.67,9.5,4,143.17,143.17,-1.0,0.0,0.00,FOUND,""
A-102__revit,main,LEVEL 2 FLOOR PLAN,2C-W,A1,true,true,,46.67,39.52,40.67,9.5,3,43.26,43.26,-7.3,9.5,0.00,FOUND,""
A-102__revit,main,LEVEL 2 FLOOR PLAN,2C-E,A1,true,true,,52.67,52.13,52.67,9.5,1,52.26,52.26,-0.8,0.3,0.00,FOUND,""
A-102__revit,main,LEVEL 2 FLOOR PLAN,2S-BK,A1,true,true,,120.00,115.94,120.00,9.5,5,103.66,103.66,-13.6,-10.6,0.00,FOUND,""
A-102__revit,main,LEVEL 2 FLOOR PLAN,2S-12,A1,true,true,,18.00,17.59,18.00,9.5,1,17.80,17.80,-1.1,1.1,0.00,FOUND,""
A-102__revit,main,LEVEL 2 FLOOR PLAN,2S-24,A1,true,true,,18.00,17.59,18.00,9.5,1,17.59,17.59,-2.3,0.0,0.00,FOUND,""
A-102__revit,main,LEVEL 2 FLOOR PLAN,2S-36,A1,true,true,,18.00,17.59,18.00,9.5,1,17.59,17.59,-2.3,0.0,0.00,FOUND,""
A-102__revit,main,LEVEL 2 FLOOR PLAN,2S-48,A1,true,true,,18.00,17.59,18.00,9.5,1,17.59,17.59,-2.3,0.0,0.00,FOUND,""
A-102__revit,main,LEVEL 2 FLOOR PLAN,2S-60,A1,true,true,,18.00,16.59,18.00,9.5,2,16.54,16.54,-8.1,-0.3,0.00,FOUND,""
A-102__revit,main,LEVEL 2 FLOOR PLAN,2S-72,A1,true,true,,18.00,17.59,18.00,9.5,1,17.59,17.59,-2.3,0.0,0.00,FOUND,""
A-102__revit,main,LEVEL 2 FLOOR PLAN,2S-84,A1,true,true,,18.00,17.59,18.00,9.5,1,17.59,17.59,-2.3,0.0,0.00,FOUND,""
A-102__revit,main,LEVEL 2 FLOOR PLAN,2S-96,A1,true,true,,18.00,17.59,18.00,9.5,1,17.59,17.59,-2.3,0.0,0.00,FOUND,""
A-102__revit,main,LEVEL 2 FLOOR PLAN,2S-108,A1,true,true,,18.00,17.59,18.00,9.5,1,17.59,17.59,-2.3,0.0,0.00,FOUND,""
A-102__revit,main,LEVEL 2 FLOOR PLAN,2S-120,A1,true,true,,18.00,17.59,18.00,9.5,1,17.59,17.59,-2.3,0.0,0.00,FOUND,""
A-102__revit,main,LEVEL 2 FLOOR PLAN,2S-132,A1,true,true,,18.00,17.59,18.00,9.5,1,17.59,17.59,-2.3,0.0,0.00,FOUND,""
A-102__revit,main,LEVEL 2 FLOOR PLAN,2S-SH,A1,true,true,,22.67,22.09,22.67,9.5,1,22.09,22.09,-2.5,0.0,0.00,FOUND,""
A-102__revit,main,LEVEL 2 FLOOR PLAN,2N-1,A2,true,true,,40.67,40.09,40.67,13,1,40.20,40.20,-1.1,0.3,0.00,FOUND,""
A-102__revit,main,LEVEL 2 FLOOR PLAN,2N-2,A2,true,true,,24.00,23.59,24.00,13,1,23.61,23.61,-1.6,0.0,0.00,FOUND,""
A-102__revit,main,LEVEL 2 FLOOR PLAN,2N-3,B1,true,true,,44.00,42.80,44.00,13,4,35.38,35.38,-19.6,-17.3,0.00,FOUND,""
A-102__revit,main,LEVEL 2 FLOOR PLAN,2N-45,A1,true,true,,12.00,11.51,12.00,9.5,1,11.09,11.09,-7.6,-3.7,0.00,FOUND,""
A-102__revit,main,LEVEL 2 FLOOR PLAN,2ST-V,CMU,false,true,,30.67,29.61,30.67,13,0,0.00,0.00,-100.0,-100.0,0.00,MISSED,"wallsInTheBuilding: not in the biggest connected group (or that group had under 10 runs)"
A-102__revit,main,LEVEL 2 FLOOR PLAN,2ST-H,CMU,false,true,,18.00,17.31,18.00,13,0,0.00,0.00,-100.0,-100.0,0.00,MISSED,"wallsInTheBuilding: not in the biggest connected group (or that group had under 10 runs)"
A-102__revit,main,LEVEL 2 FLOOR PLAN,2EL-V,C1,true,true,,14.67,14.13,14.67,13,0,0.00,0.00,-100.0,-100.0,0.00,MISSED,"wallsInTheBuilding: not in the biggest connected group (or that group had under 10 runs)"
A-102__revit,main,LEVEL 2 FLOOR PLAN,2EL-H,C1,true,true,,12.00,11.48,12.00,13,0,0.00,0.00,-100.0,-100.0,0.00,MISSED,"wallsInTheBuilding: not in the biggest connected group (or that group had under 10 runs)"
A-102__revit,main,LEVEL 2 FLOOR PLAN,2RR-10,A2,true,true,,43.00,41.22,43.00,13,3,41.86,41.86,-2.7,1.5,0.00,FOUND,""
A-102__revit,main,LEVEL 2 FLOOR PLAN,2RR-CH,D1,true,true,,30.00,29.59,30.00,13,4,19.89,19.89,-33.7,-32.8,0.00,PARTIAL,"wallsFromStrokes series test (inAHatchSeries): the type is drawn as 4 parallel lines, so every pair of its faces has a third line continuing the spacing"
A-102__revit,main,LEVEL 2 FLOOR PLAN,2RR-W,A1,true,true,,40.67,39.69,40.67,9.5,3,39.09,39.09,-3.9,-1.5,0.00,FOUND,""
A-102__revit,main,LEVEL 2 FLOOR PLAN,2RR-C,A1,true,true,,58.00,49.81,52.00,9.5,6,50.17,50.17,-13.5,0.7,0.00,FOUND,""
A-102__autocad,main,LEVEL 2 FLOOR PLAN,2X-S,EXT-1,true,true,,208.67,191.11,192.67,13,0,0.00,0.00,-100.0,-100.0,0.00,MISSED,"the reader returned no segment on this wall's faces — its geometry never reached wallsFromStrokes"
A-102__autocad,main,LEVEL 2 FLOOR PLAN,2X-E,EXT-1,true,true,,93.33,91.18,93.33,13,0,0.00,0.00,-100.0,-100.0,0.00,MISSED,"the reader returned no segment on this wall's faces — its geometry never reached wallsFromStrokes"
A-102__autocad,main,LEVEL 2 FLOOR PLAN,2X-N,EXT-2,true,true,,208.67,186.08,188.67,13,0,0.00,0.00,-100.0,-100.0,0.00,MISSED,"the reader returned no segment on this wall's faces — its geometry never reached wallsFromStrokes"
A-102__autocad,main,LEVEL 2 FLOOR PLAN,2X-W,EXT-1,true,true,,93.33,91.41,93.33,13,0,0.00,0.00,-100.0,-100.0,0.00,MISSED,"the reader returned no segment on this wall's faces — its geometry never reached wallsFromStrokes"
A-102__autocad,main,LEVEL 2 FLOOR PLAN,2C-S,A1,true,true,,150.67,115.62,120.67,9.5,0,0.00,0.00,-100.0,-100.0,0.00,MISSED,"the reader returned no segment on this wall's faces — its geometry never reached wallsFromStrokes"
A-102__autocad,main,LEVEL 2 FLOOR PLAN,2C-N,A1,true,true,,144.67,143.11,144.67,9.5,0,0.00,0.00,-100.0,-100.0,0.00,MISSED,"the reader returned no segment on this wall's faces — its geometry never reached wallsFromStrokes"
A-102__autocad,main,LEVEL 2 FLOOR PLAN,2C-W,A1,true,true,,46.67,39.52,40.67,9.5,0,0.00,0.00,-100.0,-100.0,0.00,MISSED,"the reader returned no segment on this wall's faces — its geometry never reached wallsFromStrokes"
A-102__autocad,main,LEVEL 2 FLOOR PLAN,2C-E,A1,true,true,,52.67,52.13,52.67,9.5,0,0.00,0.00,-100.0,-100.0,0.00,MISSED,"the reader returned no segment on this wall's faces — its geometry never reached wallsFromStrokes"
A-102__autocad,main,LEVEL 2 FLOOR PLAN,2S-BK,A1,true,true,,120.00,115.94,120.00,9.5,0,0.00,0.00,-100.0,-100.0,0.00,MISSED,"the reader returned no segment on this wall's faces — its geometry never reached wallsFromStrokes"
A-102__autocad,main,LEVEL 2 FLOOR PLAN,2S-12,A1,true,true,,18.00,17.59,18.00,9.5,0,0.00,0.00,-100.0,-100.0,0.00,MISSED,"the reader returned no segment on this wall's faces — its geometry never reached wallsFromStrokes"
A-102__autocad,main,LEVEL 2 FLOOR PLAN,2S-24,A1,true,true,,18.00,17.59,18.00,9.5,0,0.00,0.00,-100.0,-100.0,0.00,MISSED,"the reader returned no segment on this wall's faces — its geometry never reached wallsFromStrokes"
A-102__autocad,main,LEVEL 2 FLOOR PLAN,2S-36,A1,true,true,,18.00,17.59,18.00,9.5,0,0.00,0.00,-100.0,-100.0,0.00,MISSED,"the reader returned no segment on this wall's faces — its geometry never reached wallsFromStrokes"
A-102__autocad,main,LEVEL 2 FLOOR PLAN,2S-48,A1,true,true,,18.00,17.59,18.00,9.5,0,0.00,0.00,-100.0,-100.0,0.00,MISSED,"the reader returned no segment on this wall's faces — its geometry never reached wallsFromStrokes"
A-102__autocad,main,LEVEL 2 FLOOR PLAN,2S-60,A1,true,true,,18.00,16.59,18.00,9.5,0,0.00,0.00,-100.0,-100.0,0.00,MISSED,"the reader returned no segment on this wall's faces — its geometry never reached wallsFromStrokes"
A-102__autocad,main,LEVEL 2 FLOOR PLAN,2S-72,A1,true,true,,18.00,17.59,18.00,9.5,0,0.00,0.00,-100.0,-100.0,0.00,MISSED,"the reader returned no segment on this wall's faces — its geometry never reached wallsFromStrokes"
A-102__autocad,main,LEVEL 2 FLOOR PLAN,2S-84,A1,true,true,,18.00,17.59,18.00,9.5,0,0.00,0.00,-100.0,-100.0,0.00,MISSED,"the reader returned no segment on this wall's faces — its geometry never reached wallsFromStrokes"
A-102__autocad,main,LEVEL 2 FLOOR PLAN,2S-96,A1,true,true,,18.00,17.59,18.00,9.5,0,0.00,0.00,-100.0,-100.0,0.00,MISSED,"the reader returned no segment on this wall's faces — its geometry never reached wallsFromStrokes"
A-102__autocad,main,LEVEL 2 FLOOR PLAN,2S-108,A1,true,true,,18.00,17.59,18.00,9.5,0,0.00,0.00,-100.0,-100.0,0.00,MISSED,"the reader returned no segment on this wall's faces — its geometry never reached wallsFromStrokes"
A-102__autocad,main,LEVEL 2 FLOOR PLAN,2S-120,A1,true,true,,18.00,17.59,18.00,9.5,0,0.00,0.00,-100.0,-100.0,0.00,MISSED,"the reader returned no segment on this wall's faces — its geometry never reached wallsFromStrokes"
A-102__autocad,main,LEVEL 2 FLOOR PLAN,2S-132,A1,true,true,,18.00,17.59,18.00,9.5,0,0.00,0.00,-100.0,-100.0,0.00,MISSED,"the reader returned no segment on this wall's faces — its geometry never reached wallsFromStrokes"
A-102__autocad,main,LEVEL 2 FLOOR PLAN,2S-SH,A1,true,true,,22.67,22.09,22.67,9.5,0,0.00,0.00,-100.0,-100.0,0.00,MISSED,"the reader returned no segment on this wall's faces — its geometry never reached wallsFromStrokes"
A-102__autocad,main,LEVEL 2 FLOOR PLAN,2N-1,A2,true,true,,40.67,40.09,40.67,13,0,0.00,0.00,-100.0,-100.0,0.00,MISSED,"the reader returned no segment on this wall's faces — its geometry never reached wallsFromStrokes"
A-102__autocad,main,LEVEL 2 FLOOR PLAN,2N-2,A2,true,true,,24.00,23.59,24.00,13,0,0.00,0.00,-100.0,-100.0,0.00,MISSED,"the reader returned no segment on this wall's faces — its geometry never reached wallsFromStrokes"
A-102__autocad,main,LEVEL 2 FLOOR PLAN,2N-3,B1,true,true,,44.00,42.80,44.00,13,0,0.00,0.00,-100.0,-100.0,0.00,MISSED,"the reader returned no segment on this wall's faces — its geometry never reached wallsFromStrokes"
A-102__autocad,main,LEVEL 2 FLOOR PLAN,2N-45,A1,true,true,,12.00,11.51,12.00,9.5,0,0.00,0.00,-100.0,-100.0,0.00,MISSED,"the reader returned no segment on this wall's faces — its geometry never reached wallsFromStrokes"
A-102__autocad,main,LEVEL 2 FLOOR PLAN,2ST-V,CMU,false,true,,30.67,29.61,30.67,13,0,0.00,0.00,-100.0,-100.0,0.00,MISSED,"the reader returned no segment on this wall's faces — its geometry never reached wallsFromStrokes"
A-102__autocad,main,LEVEL 2 FLOOR PLAN,2ST-H,CMU,false,true,,18.00,17.31,18.00,13,0,0.00,0.00,-100.0,-100.0,0.00,MISSED,"the reader returned no segment on this wall's faces — its geometry never reached wallsFromStrokes"
A-102__autocad,main,LEVEL 2 FLOOR PLAN,2EL-V,C1,true,true,,14.67,14.13,14.67,13,0,0.00,0.00,-100.0,-100.0,0.00,MISSED,"the reader returned no segment on this wall's faces — its geometry never reached wallsFromStrokes"
A-102__autocad,main,LEVEL 2 FLOOR PLAN,2EL-H,C1,true,true,,12.00,11.48,12.00,13,0,0.00,0.00,-100.0,-100.0,0.00,MISSED,"the reader returned no segment on this wall's faces — its geometry never reached wallsFromStrokes"
A-102__autocad,main,LEVEL 2 FLOOR PLAN,2RR-10,A2,true,true,,43.00,41.22,43.00,13,0,0.00,0.00,-100.0,-100.0,0.00,MISSED,"the reader returned no segment on this wall's faces — its geometry never reached wallsFromStrokes"
A-102__autocad,main,LEVEL 2 FLOOR PLAN,2RR-CH,D1,true,true,,30.00,29.59,30.00,13,0,0.00,0.00,-100.0,-100.0,0.00,MISSED,"the reader returned no segment on this wall's faces — its geometry never reached wallsFromStrokes"
A-102__autocad,main,LEVEL 2 FLOOR PLAN,2RR-W,A1,true,true,,40.67,39.69,40.67,9.5,0,0.00,0.00,-100.0,-100.0,0.00,MISSED,"the reader returned no segment on this wall's faces — its geometry never reached wallsFromStrokes"
A-102__autocad,main,LEVEL 2 FLOOR PLAN,2RR-C,A1,true,true,,58.00,49.81,52.00,9.5,0,0.00,0.00,-100.0,-100.0,0.00,MISSED,"the reader returned no segment on this wall's faces — its geometry never reached wallsFromStrokes"
A-102__skia,main,LEVEL 2 FLOOR PLAN,2X-S,EXT-1,true,true,,208.67,191.11,192.67,13,5,50.40,50.40,-75.8,-73.6,0.00,PARTIAL,"wallsFromStrokes series test (inAHatchSeries): the type is drawn as 5 parallel lines, so every pair of its faces has a third line continuing the spacing"
A-102__skia,main,LEVEL 2 FLOOR PLAN,2X-E,EXT-1,true,true,,93.33,91.18,93.33,13,4,93.01,92.95,-0.3,2.0,0.00,FOUND,""
A-102__skia,main,LEVEL 2 FLOOR PLAN,2X-N,EXT-2,true,true,,208.67,186.08,188.67,13,5,66.27,66.27,-68.2,-64.4,0.00,PARTIAL,"wallFromPair face-length ratio: its two faces are drawn 0.6 ft and 65.9 ft (109.8x > 3x) — one face broken at junctions/openings, the other continuous"
A-102__skia,main,LEVEL 2 FLOOR PLAN,2X-W,EXT-1,true,true,,93.33,91.41,93.33,13,5,61.02,61.02,-34.6,-33.2,0.00,PARTIAL,"wallsFromStrokes series test (inAHatchSeries): the type is drawn as 5 parallel lines, so every pair of its faces has a third line continuing the spacing"
A-102__skia,main,LEVEL 2 FLOOR PLAN,2C-S,A1,true,true,,150.67,115.62,120.67,9.5,30,133.85,133.85,-11.2,15.8,0.00,FOUND,""
A-102__skia,main,LEVEL 2 FLOOR PLAN,2C-N,A1,true,true,,144.67,143.11,144.67,9.5,4,144.07,144.07,-0.4,0.7,0.00,FOUND,""
A-102__skia,main,LEVEL 2 FLOOR PLAN,2C-W,A1,true,true,,46.67,39.52,40.67,9.5,3,43.93,43.91,-5.9,11.2,0.00,FOUND,""
A-102__skia,main,LEVEL 2 FLOOR PLAN,2C-E,A1,true,true,,52.67,52.13,52.67,9.5,1,52.33,52.33,-0.6,0.4,0.00,FOUND,""
A-102__skia,main,LEVEL 2 FLOOR PLAN,2S-BK,A1,true,true,,120.00,115.94,120.00,9.5,0,0.00,0.00,-100.0,-100.0,0.00,MISSED,"wallFromPair face-length ratio: its two faces are drawn 11.6 ft and 120.0 ft (10.4x > 3x) — one face broken at junctions/openings, the other continuous"
A-102__skia,main,LEVEL 2 FLOOR PLAN,2S-12,A1,true,true,,18.00,17.59,18.00,9.5,1,17.80,17.80,-1.1,1.2,0.00,FOUND,""
A-102__skia,main,LEVEL 2 FLOOR PLAN,2S-24,A1,true,true,,18.00,17.59,18.00,9.5,1,17.80,17.80,-1.1,1.2,0.00,FOUND,""
A-102__skia,main,LEVEL 2 FLOOR PLAN,2S-36,A1,true,true,,18.00,17.59,18.00,9.5,1,17.80,17.80,-1.1,1.2,0.00,FOUND,""
A-102__skia,main,LEVEL 2 FLOOR PLAN,2S-48,A1,true,true,,18.00,17.59,18.00,9.5,1,17.80,17.80,-1.1,1.2,0.00,FOUND,""
A-102__skia,main,LEVEL 2 FLOOR PLAN,2S-60,A1,true,true,,18.00,16.59,18.00,9.5,2,16.59,16.59,-7.8,0.0,0.00,FOUND,""
A-102__skia,main,LEVEL 2 FLOOR PLAN,2S-72,A1,true,true,,18.00,17.59,18.00,9.5,1,17.80,17.80,-1.1,1.2,0.00,FOUND,""
A-102__skia,main,LEVEL 2 FLOOR PLAN,2S-84,A1,true,true,,18.00,17.59,18.00,9.5,1,17.80,17.80,-1.1,1.2,0.00,FOUND,""
A-102__skia,main,LEVEL 2 FLOOR PLAN,2S-96,A1,true,true,,18.00,17.59,18.00,9.5,1,17.80,17.80,-1.1,1.2,0.00,FOUND,""
A-102__skia,main,LEVEL 2 FLOOR PLAN,2S-108,A1,true,true,,18.00,17.59,18.00,9.5,1,17.80,17.80,-1.1,1.2,0.00,FOUND,""
A-102__skia,main,LEVEL 2 FLOOR PLAN,2S-120,A1,true,true,,18.00,17.59,18.00,9.5,1,17.80,17.80,-1.1,1.2,0.00,FOUND,""
A-102__skia,main,LEVEL 2 FLOOR PLAN,2S-132,A1,true,true,,18.00,17.59,18.00,9.5,1,17.59,17.59,-2.3,0.0,0.00,FOUND,""
A-102__skia,main,LEVEL 2 FLOOR PLAN,2S-SH,A1,true,true,,22.67,22.09,22.67,9.5,1,22.09,22.09,-2.5,0.0,0.00,FOUND,""
A-102__skia,main,LEVEL 2 FLOOR PLAN,2N-1,A2,true,true,,40.67,40.09,40.67,13,1,40.64,40.64,-0.1,1.4,0.00,FOUND,""
A-102__skia,main,LEVEL 2 FLOOR PLAN,2N-2,A2,true,true,,24.00,23.59,24.00,13,1,24.04,24.00,0.2,1.9,0.00,FOUND,""
A-102__skia,main,LEVEL 2 FLOOR PLAN,2N-3,B1,true,true,,44.00,42.80,44.00,13,2,42.80,42.80,-2.7,0.0,0.00,FOUND,""
A-102__skia,main,LEVEL 2 FLOOR PLAN,2N-45,A1,true,true,,12.00,11.51,12.00,9.5,1,11.76,11.76,-2.0,2.2,0.00,FOUND,""
A-102__skia,main,LEVEL 2 FLOOR PLAN,2ST-V,CMU,false,true,,30.67,29.61,30.67,13,1,13.80,13.80,-55.0,-53.4,0.00,PARTIAL,"wallsFromStrokes series test (inAHatchSeries): a 18.0 ft parallel line 6.1\" off centre continues the face spacing — stair (A-FLOR-STRS)"
A-102__skia,main,LEVEL 2 FLOOR PLAN,2ST-H,CMU,false,true,,18.00,17.31,18.00,13,1,17.31,17.31,-3.8,0.0,0.00,FOUND,""
A-102__skia,main,LEVEL 2 FLOOR PLAN,2EL-V,C1,true,true,,14.67,14.13,14.67,13,1,13.71,13.71,-6.5,-3.0,0.00,FOUND,""
A-102__skia,main,LEVEL 2 FLOOR PLAN,2EL-H,C1,true,true,,12.00,11.48,12.00,13,1,11.68,11.68,-2.6,1.7,0.00,FOUND,""
A-102__skia,main,LEVEL 2 FLOOR PLAN,2RR-10,A2,true,true,,43.00,41.22,43.00,13,3,41.55,41.55,-3.4,0.8,0.00,FOUND,""
A-102__skia,main,LEVEL 2 FLOOR PLAN,2RR-CH,D1,true,true,,30.00,29.59,30.00,13,1,30.02,30.00,0.1,1.4,0.00,FOUND,""
A-102__skia,main,LEVEL 2 FLOOR PLAN,2RR-W,A1,true,true,,40.67,39.69,40.67,9.5,2,39.72,39.72,-2.3,0.1,0.00,FOUND,""
A-102__skia,main,LEVEL 2 FLOOR PLAN,2RR-C,A1,true,true,,58.00,49.81,52.00,9.5,7,54.47,54.47,-6.1,9.4,0.00,FOUND,""
A-102__autocad-flat,main,LEVEL 2 FLOOR PLAN,2X-S,EXT-1,true,true,,208.67,191.11,192.67,13,5,51.78,51.78,-75.2,-72.9,0.00,PARTIAL,"wallsFromStrokes series test (inAHatchSeries): the type is drawn as 5 parallel lines, so every pair of its faces has a third line continuing the spacing"
A-102__autocad-flat,main,LEVEL 2 FLOOR PLAN,2X-E,EXT-1,true,true,,93.33,91.18,93.33,13,4,93.01,92.95,-0.3,2.0,0.00,FOUND,""
A-102__autocad-flat,main,LEVEL 2 FLOOR PLAN,2X-N,EXT-2,true,true,,208.67,186.08,188.67,13,5,66.27,66.27,-68.2,-64.4,0.00,PARTIAL,"wallFromPair face-length ratio: its two faces are drawn 0.6 ft and 65.9 ft (109.8x > 3x) — one face broken at junctions/openings, the other continuous"
A-102__autocad-flat,main,LEVEL 2 FLOOR PLAN,2X-W,EXT-1,true,true,,93.33,91.41,93.33,13,5,61.17,61.16,-34.5,-33.1,0.00,PARTIAL,"wallsFromStrokes series test (inAHatchSeries): the type is drawn as 5 parallel lines, so every pair of its faces has a third line continuing the spacing"
A-102__autocad-flat,main,LEVEL 2 FLOOR PLAN,2C-S,A1,true,true,,150.67,115.62,120.67,9.5,31,139.80,139.80,-7.2,20.9,0.00,FOUND,""
A-102__autocad-flat,main,LEVEL 2 FLOOR PLAN,2C-N,A1,true,true,,144.67,143.11,144.67,9.5,4,144.07,144.07,-0.4,0.7,0.00,FOUND,""
A-102__autocad-flat,main,LEVEL 2 FLOOR PLAN,2C-W,A1,true,true,,46.67,39.52,40.67,9.5,3,43.93,43.91,-5.9,11.2,0.00,FOUND,""
A-102__autocad-flat,main,LEVEL 2 FLOOR PLAN,2C-E,A1,true,true,,52.67,52.13,52.67,9.5,1,52.33,52.33,-0.6,0.4,0.00,FOUND,""
A-102__autocad-flat,main,LEVEL 2 FLOOR PLAN,2S-BK,A1,true,true,,120.00,115.94,120.00,9.5,10,119.67,119.65,-0.3,3.2,0.00,FOUND,""
A-102__autocad-flat,main,LEVEL 2 FLOOR PLAN,2S-12,A1,true,true,,18.00,17.59,18.00,9.5,1,18.00,18.00,-0.0,2.3,0.00,FOUND,""
A-102__autocad-flat,main,LEVEL 2 FLOOR PLAN,2S-24,A1,true,true,,18.00,17.59,18.00,9.5,1,18.00,18.00,-0.0,2.3,0.00,FOUND,""
A-102__autocad-flat,main,LEVEL 2 FLOOR PLAN,2S-36,A1,true,true,,18.00,17.59,18.00,9.5,1,18.00,18.00,-0.0,2.3,0.00,FOUND,""
A-102__autocad-flat,main,LEVEL 2 FLOOR PLAN,2S-48,A1,true,true,,18.00,17.59,18.00,9.5,1,18.00,18.00,-0.0,2.3,0.00,FOUND,""
A-102__autocad-flat,main,LEVEL 2 FLOOR PLAN,2S-60,A1,true,true,,18.00,16.59,18.00,9.5,2,16.59,16.59,-7.8,0.0,0.00,FOUND,""
A-102__autocad-flat,main,LEVEL 2 FLOOR PLAN,2S-72,A1,true,true,,18.00,17.59,18.00,9.5,1,18.00,18.00,-0.0,2.3,0.00,FOUND,""
A-102__autocad-flat,main,LEVEL 2 FLOOR PLAN,2S-84,A1,true,true,,18.00,17.59,18.00,9.5,1,18.00,18.00,-0.0,2.3,0.00,FOUND,""
A-102__autocad-flat,main,LEVEL 2 FLOOR PLAN,2S-96,A1,true,true,,18.00,17.59,18.00,9.5,1,18.00,18.00,-0.0,2.3,0.00,FOUND,""
A-102__autocad-flat,main,LEVEL 2 FLOOR PLAN,2S-108,A1,true,true,,18.00,17.59,18.00,9.5,1,18.00,18.00,-0.0,2.3,0.00,FOUND,""
A-102__autocad-flat,main,LEVEL 2 FLOOR PLAN,2S-120,A1,true,true,,18.00,17.59,18.00,9.5,1,18.00,18.00,-0.0,2.3,0.00,FOUND,""
A-102__autocad-flat,main,LEVEL 2 FLOOR PLAN,2S-132,A1,true,true,,18.00,17.59,18.00,9.5,1,17.80,17.80,-1.1,1.2,0.00,FOUND,""
A-102__autocad-flat,main,LEVEL 2 FLOOR PLAN,2S-SH,A1,true,true,,22.67,22.09,22.67,9.5,1,22.57,22.57,-0.4,2.1,0.00,FOUND,""
A-102__autocad-flat,main,LEVEL 2 FLOOR PLAN,2N-1,A2,true,true,,40.67,40.09,40.67,13,1,40.64,40.64,-0.1,1.4,0.00,FOUND,""
A-102__autocad-flat,main,LEVEL 2 FLOOR PLAN,2N-2,A2,true,true,,24.00,23.59,24.00,13,1,24.04,24.00,0.2,1.9,0.00,FOUND,""
A-102__autocad-flat,main,LEVEL 2 FLOOR PLAN,2N-3,B1,true,true,,44.00,42.80,44.00,13,2,42.80,42.80,-2.7,0.0,0.00,FOUND,""
A-102__autocad-flat,main,LEVEL 2 FLOOR PLAN,2N-45,A1,true,true,,12.00,11.51,12.00,9.5,1,11.76,11.76,-2.0,2.2,0.00,FOUND,""
A-102__autocad-flat,main,LEVEL 2 FLOOR PLAN,2ST-V,CMU,false,true,,30.67,29.61,30.67,13,1,13.80,13.80,-55.0,-53.4,0.00,PARTIAL,"wallsFromStrokes series test (inAHatchSeries): a 18.0 ft parallel line 6.1\" off centre continues the face spacing — stair (A-FLOR-STRS)"
A-102__autocad-flat,main,LEVEL 2 FLOOR PLAN,2ST-H,CMU,false,true,,18.00,17.31,18.00,13,1,17.31,17.31,-3.8,0.0,0.00,FOUND,""
A-102__autocad-flat,main,LEVEL 2 FLOOR PLAN,2EL-V,C1,true,true,,14.67,14.13,14.67,13,1,13.78,13.78,-6.0,-2.5,0.00,FOUND,""
A-102__autocad-flat,main,LEVEL 2 FLOOR PLAN,2EL-H,C1,true,true,,12.00,11.48,12.00,13,1,11.68,11.68,-2.6,1.7,0.00,FOUND,""
A-102__autocad-flat,main,LEVEL 2 FLOOR PLAN,2RR-10,A2,true,true,,43.00,41.22,43.00,13,3,41.55,41.55,-3.4,0.8,0.00,FOUND,""
A-102__autocad-flat,main,LEVEL 2 FLOOR PLAN,2RR-CH,D1,true,true,,30.00,29.59,30.00,13,1,30.02,30.00,0.1,1.4,0.00,FOUND,""
A-102__autocad-flat,main,LEVEL 2 FLOOR PLAN,2RR-W,A1,true,true,,40.67,39.69,40.67,9.5,2,39.72,39.72,-2.3,0.1,0.00,FOUND,""
A-102__autocad-flat,main,LEVEL 2 FLOOR PLAN,2RR-C,A1,true,true,,58.00,49.81,52.00,9.5,7,54.47,54.47,-6.1,9.4,0.00,FOUND,""
A-102__rotate,main,LEVEL 2 FLOOR PLAN,2X-S,EXT-1,true,true,,208.67,191.11,192.67,13,1,4.71,4.71,-97.7,-97.5,0.00,PARTIAL,"wallsFromStrokes series test (inAHatchSeries): the type is drawn as 5 parallel lines, so every pair of its faces has a third line continuing the spacing"
A-102__rotate,main,LEVEL 2 FLOOR PLAN,2X-E,EXT-1,true,true,,93.33,91.18,93.33,13,0,0.00,0.00,-100.0,-100.0,0.00,MISSED,"wallFromPair face-length ratio: its two faces are drawn 30.0 ft and 94.0 ft (3.1x > 3x) — one face broken at junctions/openings, the other continuous"
A-102__rotate,main,LEVEL 2 FLOOR PLAN,2X-N,EXT-2,true,true,,208.67,186.08,188.67,13,0,0.00,0.00,-100.0,-100.0,0.00,MISSED,"wallFromPair face-length ratio: its two faces are drawn 0.6 ft and 65.9 ft (109.8x > 3x) — one face broken at junctions/openings, the other continuous"
A-102__rotate,main,LEVEL 2 FLOOR PLAN,2X-W,EXT-1,true,true,,93.33,91.41,93.33,13,1,94.04,93.33,0.8,2.9,0.00,FOUND,""
A-102__rotate,main,LEVEL 2 FLOOR PLAN,2C-S,A1,true,true,,150.67,115.62,120.67,9.5,30,135.72,135.72,-9.9,17.4,0.00,FOUND,""
A-102__rotate,main,LEVEL 2 FLOOR PLAN,2C-N,A1,true,true,,144.67,143.11,144.67,9.5,5,142.10,142.10,-1.8,-0.7,0.00,FOUND,""
A-102__rotate,main,LEVEL 2 FLOOR PLAN,2C-W,A1,true,true,,46.67,39.52,40.67,9.5,3,43.73,43.71,-6.3,10.7,0.00,FOUND,""
A-102__rotate,main,LEVEL 2 FLOOR PLAN,2C-E,A1,true,true,,52.67,52.13,52.67,9.5,1,52.33,52.33,-0.6,0.4,0.00,FOUND,""
A-102__rotate,main,LEVEL 2 FLOOR PLAN,2S-BK,A1,true,true,,120.00,115.94,120.00,9.5,13,118.20,118.17,-1.5,1.9,0.00,FOUND,""
A-102__rotate,main,LEVEL 2 FLOOR PLAN,2S-12,A1,true,true,,18.00,17.59,18.00,9.5,1,18.00,18.00,-0.0,2.3,0.00,FOUND,""
A-102__rotate,main,LEVEL 2 FLOOR PLAN,2S-24,A1,true,true,,18.00,17.59,18.00,9.5,1,18.00,18.00,-0.0,2.3,0.00,FOUND,""
A-102__rotate,main,LEVEL 2 FLOOR PLAN,2S-36,A1,true,true,,18.00,17.59,18.00,9.5,1,18.00,18.00,-0.0,2.3,0.00,FOUND,""
A-102__rotate,main,LEVEL 2 FLOOR PLAN,2S-48,A1,true,true,,18.00,17.59,18.00,9.5,1,18.00,18.00,-0.0,2.3,0.00,FOUND,""
A-102__rotate,main,LEVEL 2 FLOOR PLAN,2S-60,A1,true,true,,18.00,16.59,18.00,9.5,2,16.80,16.80,-6.7,1.2,0.00,FOUND,""
A-102__rotate,main,LEVEL 2 FLOOR PLAN,2S-72,A1,true,true,,18.00,17.59,18.00,9.5,1,18.00,18.00,-0.0,2.3,0.00,FOUND,""
A-102__rotate,main,LEVEL 2 FLOOR PLAN,2S-84,A1,true,true,,18.00,17.59,18.00,9.5,1,18.00,18.00,-0.0,2.3,0.00,FOUND,""
A-102__rotate,main,LEVEL 2 FLOOR PLAN,2S-96,A1,true,true,,18.00,17.59,18.00,9.5,1,18.00,18.00,-0.0,2.3,0.00,FOUND,""
A-102__rotate,main,LEVEL 2 FLOOR PLAN,2S-108,A1,true,true,,18.00,17.59,18.00,9.5,1,18.00,18.00,-0.0,2.3,0.00,FOUND,""
A-102__rotate,main,LEVEL 2 FLOOR PLAN,2S-120,A1,true,true,,18.00,17.59,18.00,9.5,1,18.00,18.00,-0.0,2.3,0.00,FOUND,""
A-102__rotate,main,LEVEL 2 FLOOR PLAN,2S-132,A1,true,true,,18.00,17.59,18.00,9.5,1,17.80,17.80,-1.1,1.2,0.00,FOUND,""
A-102__rotate,main,LEVEL 2 FLOOR PLAN,2S-SH,A1,true,true,,22.67,22.09,22.67,9.5,1,22.30,22.30,-1.6,0.9,0.00,FOUND,""
A-102__rotate,main,LEVEL 2 FLOOR PLAN,2N-1,A2,true,true,,40.67,40.09,40.67,13,1,40.27,40.27,-1.0,0.4,0.00,FOUND,""
A-102__rotate,main,LEVEL 2 FLOOR PLAN,2N-2,A2,true,true,,24.00,23.59,24.00,13,1,24.04,24.00,0.2,1.9,0.00,FOUND,""
A-102__rotate,main,LEVEL 2 FLOOR PLAN,2N-3,B1,true,true,,44.00,42.80,44.00,13,2,42.97,42.97,-2.3,0.4,0.00,FOUND,""
A-102__rotate,main,LEVEL 2 FLOOR PLAN,2N-45,A1,true,true,,12.00,11.51,12.00,9.5,2,17.38,11.76,44.9,51.0,5.62,FOUND,""
A-102__rotate,main,LEVEL 2 FLOOR PLAN,2ST-V,CMU,false,true,,30.67,29.61,30.67,13,0,0.00,0.00,-100.0,-100.0,0.00,MISSED,"wallsInTheBuilding: not in the biggest connected group (or that group had under 10 runs)"
A-102__rotate,main,LEVEL 2 FLOOR PLAN,2ST-H,CMU,false,true,,18.00,17.31,18.00,13,0,0.00,0.00,-100.0,-100.0,0.00,MISSED,"wallsInTheBuilding: not in the biggest connected group (or that group had under 10 runs)"
A-102__rotate,main,LEVEL 2 FLOOR PLAN,2EL-V,C1,true,true,,14.67,14.13,14.67,13,0,0.00,0.00,-100.0,-100.0,0.00,MISSED,"wallsInTheBuilding: not in the biggest connected group (or that group had under 10 runs)"
A-102__rotate,main,LEVEL 2 FLOOR PLAN,2EL-H,C1,true,true,,12.00,11.48,12.00,13,0,0.00,0.00,-100.0,-100.0,0.00,MISSED,"wallsInTheBuilding: not in the biggest connected group (or that group had under 10 runs)"
A-102__rotate,main,LEVEL 2 FLOOR PLAN,2RR-10,A2,true,true,,43.00,41.22,43.00,13,4,40.81,40.80,-5.1,-1.0,0.00,FOUND,""
A-102__rotate,main,LEVEL 2 FLOOR PLAN,2RR-CH,D1,true,true,,30.00,29.59,30.00,13,1,30.02,30.00,0.1,1.4,0.00,FOUND,""
A-102__rotate,main,LEVEL 2 FLOOR PLAN,2RR-W,A1,true,true,,40.67,39.69,40.67,9.5,2,39.72,39.72,-2.3,0.1,0.00,FOUND,""
A-102__rotate,main,LEVEL 2 FLOOR PLAN,2RR-C,A1,true,true,,58.00,49.81,52.00,9.5,7,54.47,54.47,-6.1,9.4,0.00,FOUND,""
A-102__clip,main,LEVEL 2 FLOOR PLAN,2X-S,EXT-1,true,true,,140.67,125.89,124.67,13,0,0.00,0.00,-100.0,-100.0,0.00,MISSED,"wallsFromStrokes series test (inAHatchSeries): the type is drawn as 5 parallel lines, so every pair of its faces has a third line continuing the spacing"
A-102__clip,main,LEVEL 2 FLOOR PLAN,2X-E,EXT-1,true,false,outside the viewport clip,93.33,91.18,93.33,13,0,0.00,0.00,-100.0,-100.0,0.00,NOT_COUNTED,""
A-102__clip,main,LEVEL 2 FLOOR PLAN,2X-N,EXT-2,true,true,,140.67,122.80,125.67,13,0,0.00,0.00,-100.0,-100.0,0.00,MISSED,"wallFromPair face-length ratio: its two faces are drawn 0.6 ft and 35.0 ft (58.3x > 3x) — one face broken at junctions/openings, the other continuous"
A-102__clip,main,LEVEL 2 FLOOR PLAN,2X-W,EXT-1,true,true,,93.33,91.41,93.33,13,1,94.04,93.33,0.8,2.9,0.00,FOUND,""
A-102__clip,main,LEVEL 2 FLOOR PLAN,2C-S,A1,true,true,,140.67,105.83,110.67,9.5,29,135.72,125.82,-3.5,28.2,0.00,FOUND,""
A-102__clip,main,LEVEL 2 FLOOR PLAN,2C-N,A1,true,true,,140.67,139.32,140.67,9.5,5,142.17,138.20,1.1,2.0,0.00,FOUND,""
A-102__clip,main,LEVEL 2 FLOOR PLAN,2C-W,A1,true,false,outside the viewport clip,46.67,39.52,40.67,9.5,3,43.66,43.66,-6.4,10.5,0.00,NOT_COUNTED_AND_FOUND,""
A-102__clip,main,LEVEL 2 FLOOR PLAN,2C-E,A1,true,false,outside the viewport clip,52.67,52.13,52.67,9.5,1,52.33,52.33,-0.6,0.4,0.00,NOT_COUNTED_AND_FOUND,""
A-102__clip,main,LEVEL 2 FLOOR PLAN,2S-BK,A1,true,true,,120.00,115.94,120.00,9.5,13,118.20,118.17,-1.5,1.9,0.00,FOUND,""
A-102__clip,main,LEVEL 2 FLOOR PLAN,2S-12,A1,true,true,,18.00,17.59,18.00,9.5,1,17.80,17.80,-1.1,1.1,0.00,FOUND,""
A-102__clip,main,LEVEL 2 FLOOR PLAN,2S-24,A1,true,true,,18.00,17.59,18.00,9.5,1,18.00,18.00,-0.0,2.3,0.00,FOUND,""
A-102__clip,main,LEVEL 2 FLOOR PLAN,2S-36,A1,true,true,,18.00,17.59,18.00,9.5,1,18.00,18.00,-0.0,2.3,0.00,FOUND,""
A-102__clip,main,LEVEL 2 FLOOR PLAN,2S-48,A1,true,true,,18.00,17.59,18.00,9.5,1,18.00,18.00,-0.0,2.3,0.00,FOUND,""
A-102__clip,main,LEVEL 2 FLOOR PLAN,2S-60,A1,true,true,,18.00,16.59,18.00,9.5,2,16.80,16.80,-6.7,1.2,0.00,FOUND,""
A-102__clip,main,LEVEL 2 FLOOR PLAN,2S-72,A1,true,true,,18.00,17.59,18.00,9.5,1,18.00,18.00,-0.0,2.3,0.00,FOUND,""
A-102__clip,main,LEVEL 2 FLOOR PLAN,2S-84,A1,true,true,,18.00,17.59,18.00,9.5,1,18.00,18.00,-0.0,2.3,0.00,FOUND,""
A-102__clip,main,LEVEL 2 FLOOR PLAN,2S-96,A1,true,true,,18.00,17.59,18.00,9.5,1,18.00,18.00,-0.0,2.3,0.00,FOUND,""
A-102__clip,main,LEVEL 2 FLOOR PLAN,2S-108,A1,true,true,,18.00,17.59,18.00,9.5,1,18.00,18.00,-0.0,2.3,0.00,FOUND,""
A-102__clip,main,LEVEL 2 FLOOR PLAN,2S-120,A1,true,true,,18.00,17.59,18.00,9.5,1,18.00,18.00,-0.0,2.3,0.00,FOUND,""
A-102__clip,main,LEVEL 2 FLOOR PLAN,2S-132,A1,true,true,,18.00,17.59,18.00,9.5,1,17.80,17.80,-1.1,1.2,0.00,FOUND,""
A-102__clip,main,LEVEL 2 FLOOR PLAN,2S-SH,A1,true,true,,22.67,22.09,22.67,9.5,1,22.30,22.30,-1.6,0.9,0.00,FOUND,""
A-102__clip,main,LEVEL 2 FLOOR PLAN,2N-1,A2,true,true,,40.67,40.09,40.67,13,1,40.27,40.27,-1.0,0.4,0.00,FOUND,""
A-102__clip,main,LEVEL 2 FLOOR PLAN,2N-2,A2,true,true,,24.00,23.59,24.00,13,1,24.04,24.00,0.2,1.9,0.00,FOUND,""
A-102__clip,main,LEVEL 2 FLOOR PLAN,2N-3,B1,true,true,,40.00,39.00,40.00,13,2,42.97,39.00,7.4,10.2,0.00,FOUND,""
A-102__clip,main,LEVEL 2 FLOOR PLAN,2N-45,A1,true,true,,12.00,11.51,12.00,9.5,2,17.38,11.76,44.9,51.0,5.62,FOUND,""
A-102__clip,main,LEVEL 2 FLOOR PLAN,2ST-V,CMU,false,false,outside the viewport clip,30.67,29.61,30.67,13,0,0.00,0.00,-100.0,-100.0,0.00,NOT_COUNTED,""
A-102__clip,main,LEVEL 2 FLOOR PLAN,2ST-H,CMU,false,false,outside the viewport clip,18.00,17.31,18.00,13,0,0.00,0.00,-100.0,-100.0,0.00,NOT_COUNTED,""
A-102__clip,main,LEVEL 2 FLOOR PLAN,2EL-V,C1,true,false,outside the viewport clip,14.67,14.13,14.67,13,0,0.00,0.00,-100.0,-100.0,0.00,NOT_COUNTED,""
A-102__clip,main,LEVEL 2 FLOOR PLAN,2EL-H,C1,true,false,outside the viewport clip,12.00,11.48,12.00,13,0,0.00,0.00,-100.0,-100.0,0.00,NOT_COUNTED,""
A-102__clip,main,LEVEL 2 FLOOR PLAN,2RR-10,A2,true,false,outside the viewport clip,43.00,41.22,43.00,13,4,40.81,40.80,-5.1,-1.0,0.00,NOT_COUNTED_AND_FOUND,""
A-102__clip,main,LEVEL 2 FLOOR PLAN,2RR-CH,D1,true,false,outside the viewport clip,30.00,29.59,30.00,13,1,30.02,30.00,0.1,1.4,0.00,NOT_COUNTED_AND_FOUND,""
A-102__clip,main,LEVEL 2 FLOOR PLAN,2RR-W,A1,true,false,outside the viewport clip,40.67,39.69,40.67,9.5,2,39.72,39.72,-2.3,0.1,0.00,NOT_COUNTED_AND_FOUND,""
A-102__clip,main,LEVEL 2 FLOOR PLAN,2RR-C,A1,true,false,outside the viewport clip,58.00,49.81,52.00,9.5,7,54.47,54.47,-6.1,9.4,0.00,NOT_COUNTED_AND_FOUND,""
A-102__half-archB,main,LEVEL 2 FLOOR PLAN,2X-S,EXT-1,true,true,,208.67,191.11,192.67,13,1,4.71,4.71,-97.7,-97.5,0.00,PARTIAL,"wallsFromStrokes series test (inAHatchSeries): the type is drawn as 5 parallel lines, so every pair of its faces has a third line continuing the spacing"
A-102__half-archB,main,LEVEL 2 FLOOR PLAN,2X-E,EXT-1,true,true,,93.33,91.18,93.33,13,0,0.00,0.00,-100.0,-100.0,0.00,MISSED,"wallFromPair face-length ratio: its two faces are drawn 30.0 ft and 94.0 ft (3.1x > 3x) — one face broken at junctions/openings, the other continuous"
A-102__half-archB,main,LEVEL 2 FLOOR PLAN,2X-N,EXT-2,true,true,,208.67,186.08,188.67,13,0,0.00,0.00,-100.0,-100.0,0.00,MISSED,"wallFromPair face-length ratio: its two faces are drawn 0.6 ft and 65.9 ft (109.8x > 3x) — one face broken at junctions/openings, the other continuous"
A-102__half-archB,main,LEVEL 2 FLOOR PLAN,2X-W,EXT-1,true,true,,93.33,91.41,93.33,13,1,94.04,93.33,0.8,2.9,0.00,FOUND,""
A-102__half-archB,main,LEVEL 2 FLOOR PLAN,2C-S,A1,true,true,,150.67,115.62,120.67,9.5,30,135.72,135.72,-9.9,17.4,0.00,FOUND,""
A-102__half-archB,main,LEVEL 2 FLOOR PLAN,2C-N,A1,true,true,,144.67,143.11,144.67,9.5,5,142.10,142.10,-1.8,-0.7,0.00,FOUND,""
A-102__half-archB,main,LEVEL 2 FLOOR PLAN,2C-W,A1,true,true,,46.67,39.52,40.67,9.5,3,43.73,43.71,-6.3,10.7,0.00,FOUND,""
A-102__half-archB,main,LEVEL 2 FLOOR PLAN,2C-E,A1,true,true,,52.67,52.13,52.67,9.5,1,52.33,52.33,-0.6,0.4,0.00,FOUND,""
A-102__half-archB,main,LEVEL 2 FLOOR PLAN,2S-BK,A1,true,true,,120.00,115.94,120.00,9.5,13,118.20,118.17,-1.5,1.9,0.00,FOUND,""
A-102__half-archB,main,LEVEL 2 FLOOR PLAN,2S-12,A1,true,true,,18.00,17.59,18.00,9.5,1,18.00,18.00,-0.0,2.3,0.00,FOUND,""
A-102__half-archB,main,LEVEL 2 FLOOR PLAN,2S-24,A1,true,true,,18.00,17.59,18.00,9.5,1,18.00,18.00,-0.0,2.3,0.00,FOUND,""
A-102__half-archB,main,LEVEL 2 FLOOR PLAN,2S-36,A1,true,true,,18.00,17.59,18.00,9.5,1,18.00,18.00,-0.0,2.3,0.00,FOUND,""
A-102__half-archB,main,LEVEL 2 FLOOR PLAN,2S-48,A1,true,true,,18.00,17.59,18.00,9.5,1,18.00,18.00,-0.0,2.3,0.00,FOUND,""
A-102__half-archB,main,LEVEL 2 FLOOR PLAN,2S-60,A1,true,true,,18.00,16.59,18.00,9.5,2,16.80,16.80,-6.7,1.2,0.00,FOUND,""
A-102__half-archB,main,LEVEL 2 FLOOR PLAN,2S-72,A1,true,true,,18.00,17.59,18.00,9.5,1,18.00,18.00,-0.0,2.3,0.00,FOUND,""
A-102__half-archB,main,LEVEL 2 FLOOR PLAN,2S-84,A1,true,true,,18.00,17.59,18.00,9.5,1,18.00,18.00,-0.0,2.3,0.00,FOUND,""
A-102__half-archB,main,LEVEL 2 FLOOR PLAN,2S-96,A1,true,true,,18.00,17.59,18.00,9.5,1,18.00,18.00,-0.0,2.3,0.00,FOUND,""
A-102__half-archB,main,LEVEL 2 FLOOR PLAN,2S-108,A1,true,true,,18.00,17.59,18.00,9.5,1,18.00,18.00,-0.0,2.3,0.00,FOUND,""
A-102__half-archB,main,LEVEL 2 FLOOR PLAN,2S-120,A1,true,true,,18.00,17.59,18.00,9.5,1,18.00,18.00,-0.0,2.3,0.00,FOUND,""
A-102__half-archB,main,LEVEL 2 FLOOR PLAN,2S-132,A1,true,true,,18.00,17.59,18.00,9.5,1,17.80,17.80,-1.1,1.2,0.00,FOUND,""
A-102__half-archB,main,LEVEL 2 FLOOR PLAN,2S-SH,A1,true,true,,22.67,22.09,22.67,9.5,1,22.30,22.30,-1.6,0.9,0.00,FOUND,""
A-102__half-archB,main,LEVEL 2 FLOOR PLAN,2N-1,A2,true,true,,40.67,40.09,40.67,13,1,40.27,40.27,-1.0,0.4,0.00,FOUND,""
A-102__half-archB,main,LEVEL 2 FLOOR PLAN,2N-2,A2,true,true,,24.00,23.59,24.00,13,1,24.04,24.00,0.2,1.9,0.00,FOUND,""
A-102__half-archB,main,LEVEL 2 FLOOR PLAN,2N-3,B1,true,true,,44.00,42.80,44.00,13,2,42.97,42.97,-2.3,0.4,0.00,FOUND,""
A-102__half-archB,main,LEVEL 2 FLOOR PLAN,2N-45,A1,true,true,,12.00,11.51,12.00,9.5,2,17.38,11.76,44.9,51.0,5.62,FOUND,""
A-102__half-archB,main,LEVEL 2 FLOOR PLAN,2ST-V,CMU,false,true,,30.67,29.61,30.67,13,0,0.00,0.00,-100.0,-100.0,0.00,MISSED,"wallsInTheBuilding: not in the biggest connected group (or that group had under 10 runs)"
A-102__half-archB,main,LEVEL 2 FLOOR PLAN,2ST-H,CMU,false,true,,18.00,17.31,18.00,13,0,0.00,0.00,-100.0,-100.0,0.00,MISSED,"wallsInTheBuilding: not in the biggest connected group (or that group had under 10 runs)"
A-102__half-archB,main,LEVEL 2 FLOOR PLAN,2EL-V,C1,true,true,,14.67,14.13,14.67,13,0,0.00,0.00,-100.0,-100.0,0.00,MISSED,"wallsInTheBuilding: not in the biggest connected group (or that group had under 10 runs)"
A-102__half-archB,main,LEVEL 2 FLOOR PLAN,2EL-H,C1,true,true,,12.00,11.48,12.00,13,0,0.00,0.00,-100.0,-100.0,0.00,MISSED,"wallsInTheBuilding: not in the biggest connected group (or that group had under 10 runs)"
A-102__half-archB,main,LEVEL 2 FLOOR PLAN,2RR-10,A2,true,true,,43.00,41.22,43.00,13,4,40.81,40.80,-5.1,-1.0,0.00,FOUND,""
A-102__half-archB,main,LEVEL 2 FLOOR PLAN,2RR-CH,D1,true,true,,30.00,29.59,30.00,13,1,30.02,30.00,0.1,1.4,0.00,FOUND,""
A-102__half-archB,main,LEVEL 2 FLOOR PLAN,2RR-W,A1,true,true,,40.67,39.69,40.67,9.5,2,39.72,39.72,-2.3,0.1,0.00,FOUND,""
A-102__half-archB,main,LEVEL 2 FLOOR PLAN,2RR-C,A1,true,true,,58.00,49.81,52.00,9.5,7,54.47,54.47,-6.1,9.4,0.00,FOUND,""
A-111__clean,main,LEVEL 1 RCP,X-S,EXT-1,true,false,repeated from the floor plan,208.67,168.89,172.67,14.5,0,0.00,0.00,-100.0,-100.0,0.00,NOT_COUNTED,""
A-111__clean,main,LEVEL 1 RCP,X-E,EXT-1,true,false,repeated from the floor plan,93.33,79.65,82.33,14.5,1,39.01,38.67,-58.2,-51.0,0.00,NOT_COUNTED_AND_FOUND,""
A-111__clean,main,LEVEL 1 RCP,X-N,EXT-2,true,false,repeated from the floor plan,208.67,170.13,175.67,14.5,6,27.42,27.42,-86.9,-83.9,0.00,NOT_COUNTED_AND_FOUND,""
A-111__clean,main,LEVEL 1 RCP,X-W,EXT-1,true,false,repeated from the floor plan,93.33,84.22,85.33,14.5,1,41.00,41.00,-56.1,-51.3,0.00,NOT_COUNTED_AND_FOUND,""
A-111__clean,main,LEVEL 1 RCP,SF-1,SF,false,false,repeated from the floor plan,20.00,0.00,0.00,10,0,0.00,0.00,-100.0,,0.00,NOT_COUNTED,""
A-111__clean,main,LEVEL 1 RCP,C-S,A1,true,false,repeated from the floor plan,178.00,139.36,145.00,10.5,12,128.71,120.88,-27.7,-7.6,7.82,NOT_COUNTED_AND_FOUND,""
A-111__clean,main,LEVEL 1 RCP,C-N,A1,true,false,repeated from the floor plan,178.00,140.89,146.50,10.5,4,84.75,84.75,-52.4,-39.8,0.00,NOT_COUNTED_AND_FOUND,""
A-111__clean,main,LEVEL 1 RCP,B-S,A1,true,false,repeated from the floor plan,43.67,40.89,43.67,10.5,2,39.59,39.59,-9.3,-3.2,0.00,NOT_COUNTED_AND_FOUND,""
A-111__clean,main,LEVEL 1 RCP,B-N,A1,true,false,repeated from the floor plan,43.67,40.89,43.67,10.5,3,39.09,39.09,-10.5,-4.4,0.00,NOT_COUNTED_AND_FOUND,""
A-111__clean,main,LEVEL 1 RCP,LB-1,A1,true,false,repeated from the floor plan,30.67,25.59,27.67,9,2,19.30,19.30,-37.1,-24.6,0.00,NOT_COUNTED_AND_FOUND,""
A-111__clean,main,LEVEL 1 RCP,LB-2,A1,true,false,repeated from the floor plan,32.67,29.13,29.67,10.5,2,29.15,29.15,-10.8,0.1,0.00,NOT_COUNTED_AND_FOUND,""
A-111__clean,main,LEVEL 1 RCP,RCP-ARC,A1,true,false,repeated from the floor plan,23.04,23.04,23.04,10.5,0,0.00,0.00,-100.0,-100.0,0.00,NOT_COUNTED,""
A-111__clean,main,LEVEL 1 RCP,LB-30,A1,true,false,repeated from the floor plan,10.00,10.00,10.00,10.5,1,10.00,10.00,-0.0,-0.0,0.00,NOT_COUNTED_AND_FOUND,""
A-111__clean,main,LEVEL 1 RCP,N-BK,A1,true,false,repeated from the floor plan,87.33,76.10,78.33,10.5,7,76.75,76.75,-12.1,0.8,0.00,NOT_COUNTED_AND_FOUND,""
A-111__clean,main,LEVEL 1 RCP,N-EX40,A2,true,false,repeated from the floor plan,17.00,16.59,17.00,14.5,1,16.20,16.20,-4.7,-2.4,0.00,NOT_COUNTED_AND_FOUND,""
A-111__clean,main,LEVEL 1 RCP,N-EX50,A2,true,false,repeated from the floor plan,17.00,16.59,17.00,14.5,1,16.59,16.59,-2.4,0.0,0.00,NOT_COUNTED_AND_FOUND,""
A-111__clean,main,LEVEL 1 RCP,N-EX60,A2,true,false,repeated from the floor plan,17.00,15.59,17.00,14.5,1,10.10,10.10,-40.6,-35.2,0.00,NOT_COUNTED_AND_FOUND,""
A-111__clean,main,LEVEL 1 RCP,N-EX70,A2,true,false,repeated from the floor plan,17.00,16.59,17.00,14.5,1,16.59,16.59,-2.4,0.0,0.00,NOT_COUNTED_AND_FOUND,""
A-111__clean,main,LEVEL 1 RCP,N-EX80,A2,true,false,repeated from the floor plan,17.00,16.59,17.00,14.5,1,16.20,16.20,-4.7,-2.4,0.00,NOT_COUNTED_AND_FOUND,""
A-111__clean,main,LEVEL 1 RCP,N-D,B1,true,false,repeated from the floor plan,43.67,37.89,40.67,14.5,4,38.30,38.30,-12.3,1.1,0.00,NOT_COUNTED_AND_FOUND,""
A-111__clean,main,LEVEL 1 RCP,N-OF50,A1,true,false,repeated from the floor plan,26.67,26.13,26.67,10.5,1,26.32,26.32,-1.3,0.7,0.00,NOT_COUNTED_AND_FOUND,""
A-111__clean,main,LEVEL 1 RCP,N-OF70,A1,true,false,repeated from the floor plan,26.67,26.13,26.67,10.5,1,26.32,26.32,-1.3,0.7,0.00,NOT_COUNTED_AND_FOUND,""
A-111__clean,main,LEVEL 1 RCP,NS-45,A1,true,false,repeated from the floor plan,8.49,7.91,8.49,10.5,1,7.91,7.91,-6.8,0.0,0.00,NOT_COUNTED_AND_FOUND,""
A-111__clean,main,LEVEL 1 RCP,NS-H,A1,true,false,repeated from the floor plan,12.00,8.71,9.00,10.5,2,8.71,8.71,-27.4,0.0,0.00,NOT_COUNTED_AND_FOUND,""
A-111__clean,main,LEVEL 1 RCP,NS-V,A1,true,false,repeated from the floor plan,6.00,5.59,6.00,10.5,1,5.59,5.59,-6.8,0.0,0.00,NOT_COUNTED_AND_FOUND,""
A-111__clean,main,LEVEL 1 RCP,N-E,A1,true,false,repeated from the floor plan,43.67,36.96,39.67,10.5,3,16.09,16.09,-63.1,-56.5,0.00,NOT_COUNTED_AND_FOUND,""
A-111__clean,main,LEVEL 1 RCP,CF-17,A1,true,false,repeated from the floor plan,18.00,17.72,18.00,10.5,1,17.72,17.72,-1.5,-0.0,0.00,NOT_COUNTED_AND_FOUND,""
A-111__clean,main,LEVEL 1 RCP,N-F,A1,true,false,repeated from the floor plan,43.67,34.69,37.67,10.5,0,0.00,0.00,-100.0,-100.0,0.00,NOT_COUNTED,""
A-111__clean,main,LEVEL 1 RCP,IM-V,B1,true,false,repeated from the floor plan,43.67,42.52,43.67,14.5,3,42.42,42.42,-2.9,-0.2,0.00,NOT_COUNTED_AND_FOUND,""
A-111__clean,main,LEVEL 1 RCP,IM-H,B1,true,false,repeated from the floor plan,17.67,17.16,17.67,14.5,1,17.38,17.38,-1.6,1.3,0.00,NOT_COUNTED_AND_FOUND,""
A-111__clean,main,LEVEL 1 RCP,ST-V,CMU,false,false,repeated from the floor plan,30.67,29.61,30.67,14.5,2,29.67,29.67,-3.3,0.2,0.00,NOT_COUNTED_AND_FOUND,""
A-111__clean,main,LEVEL 1 RCP,ST-H,CMU,false,false,repeated from the floor plan,18.00,17.31,18.00,14.5,1,17.02,16.97,-5.5,-1.7,0.00,NOT_COUNTED_AND_FOUND,""
A-111__clean,main,LEVEL 1 RCP,FR-V,F1,true,false,repeated from the floor plan,31.05,30.25,31.05,14.5,0,0.00,0.00,-100.0,-100.0,0.00,NOT_COUNTED,""
A-111__clean,main,LEVEL 1 RCP,FR-H,F1,true,false,repeated from the floor plan,18.38,17.95,18.38,14.5,0,0.00,0.00,-100.0,-100.0,0.00,NOT_COUNTED,""
A-111__clean,main,LEVEL 1 RCP,EL-V,C1,true,false,repeated from the floor plan,14.67,14.13,14.67,14.5,1,13.78,13.78,-6.0,-2.5,0.00,NOT_COUNTED_AND_FOUND,""
A-111__clean,main,LEVEL 1 RCP,EL-H,C1,true,false,repeated from the floor plan,12.00,11.36,12.00,14.5,1,11.60,11.60,-3.3,2.1,0.00,NOT_COUNTED_AND_FOUND,""
A-111__clean,main,LEVEL 1 RCP,S-BK,A1,true,false,repeated from the floor plan,57.33,49.20,51.33,10.5,4,32.98,32.98,-42.5,-33.0,0.00,NOT_COUNTED_AND_FOUND,""
A-111__clean,main,LEVEL 1 RCP,S-EX40,A2,true,false,repeated from the floor plan,15.00,14.59,15.00,14.5,0,0.00,0.00,-100.0,-100.0,0.00,NOT_COUNTED,""
A-111__clean,main,LEVEL 1 RCP,S-EX50,A2,true,false,repeated from the floor plan,15.00,14.59,15.00,14.5,1,14.59,14.59,-2.7,0.0,0.00,NOT_COUNTED_AND_FOUND,""
A-111__clean,main,LEVEL 1 RCP,S-EX60,A2,true,false,repeated from the floor plan,15.00,13.59,15.00,14.5,1,12.10,12.10,-19.3,-11.0,0.00,NOT_COUNTED_AND_FOUND,""
A-111__clean,main,LEVEL 1 RCP,S-EX70,A2,true,false,repeated from the floor plan,15.00,14.59,15.00,14.5,1,14.59,14.59,-2.7,0.0,0.00,NOT_COUNTED_AND_FOUND,""
A-111__clean,main,LEVEL 1 RCP,S-EX80,A2,true,false,repeated from the floor plan,15.00,14.59,15.00,14.5,1,14.20,14.20,-5.3,-2.7,0.00,NOT_COUNTED_AND_FOUND,""
A-111__clean,main,LEVEL 1 RCP,S-OF,A1,true,false,repeated from the floor plan,28.67,28.09,28.67,10.5,1,28.09,28.09,-2.0,0.0,0.00,NOT_COUNTED_AND_FOUND,""
A-111__clean,main,LEVEL 1 RCP,S-D,B1,true,false,repeated from the floor plan,43.67,37.48,40.67,14.5,2,19.89,19.89,-54.4,-46.9,0.00,NOT_COUNTED_AND_FOUND,""
A-111__clean,main,LEVEL 1 RCP,S-E,A1,true,false,repeated from the floor plan,43.67,40.89,43.67,10.5,3,40.69,40.69,-6.8,-0.5,0.00,NOT_COUNTED_AND_FOUND,""
A-111__clean,main,LEVEL 1 RCP,S-20,A1,true,false,repeated from the floor plan,60.00,59.09,60.00,10.5,1,29.74,29.74,-50.4,-49.7,0.00,NOT_COUNTED_AND_FOUND,""
A-111__clean,main,LEVEL 1 RCP,S-F,A1,true,false,repeated from the floor plan,43.67,40.89,43.67,10.5,2,31.59,31.59,-27.6,-22.7,0.00,NOT_COUNTED_AND_FOUND,""
A-111__clean,main,LEVEL 1 RCP,S-165,A1,true,false,repeated from the floor plan,43.67,42.69,43.67,10.5,2,42.60,42.60,-2.4,-0.2,0.00,NOT_COUNTED_AND_FOUND,""
A-111__clean,main,LEVEL 1 RCP,RR-10,A2,true,false,repeated from the floor plan,43.00,35.22,37.00,14.5,4,35.80,35.79,-16.8,1.6,0.00,NOT_COUNTED_AND_FOUND,""
A-111__clean,main,LEVEL 1 RCP,RR-CH,D1,true,false,repeated from the floor plan,33.00,32.59,33.00,14.5,1,32.90,32.88,-0.3,0.9,0.00,NOT_COUNTED_AND_FOUND,""
A-111__clean,main,LEVEL 1 RCP,EL-RM,A1,true,false,repeated from the floor plan,10.67,10.09,10.67,10.5,1,10.28,10.28,-3.7,1.8,0.00,NOT_COUNTED_AND_FOUND,""
A-111__revit,main,LEVEL 1 RCP,X-S,EXT-1,true,false,repeated from the floor plan,208.67,168.89,172.67,14.5,0,0.00,0.00,-100.0,-100.0,0.00,NOT_COUNTED,""
A-111__revit,main,LEVEL 1 RCP,X-E,EXT-1,true,false,repeated from the floor plan,93.33,79.65,82.33,14.5,1,39.01,38.67,-58.2,-51.0,0.00,NOT_COUNTED_AND_FOUND,""
A-111__revit,main,LEVEL 1 RCP,X-N,EXT-2,true,false,repeated from the floor plan,208.67,170.13,175.67,14.5,6,27.42,27.42,-86.9,-83.9,0.00,NOT_COUNTED_AND_FOUND,""
A-111__revit,main,LEVEL 1 RCP,X-W,EXT-1,true,false,repeated from the floor plan,93.33,84.22,85.33,14.5,1,41.00,41.00,-56.1,-51.3,0.00,NOT_COUNTED_AND_FOUND,""
A-111__revit,main,LEVEL 1 RCP,SF-1,SF,false,false,repeated from the floor plan,20.00,0.00,0.00,10,0,0.00,0.00,-100.0,,0.00,NOT_COUNTED,""
A-111__revit,main,LEVEL 1 RCP,C-S,A1,true,false,repeated from the floor plan,178.00,139.36,145.00,10.5,12,117.47,117.46,-34.0,-15.7,0.00,NOT_COUNTED_AND_FOUND,""
A-111__revit,main,LEVEL 1 RCP,C-N,A1,true,false,repeated from the floor plan,178.00,140.89,146.50,10.5,4,84.16,84.16,-52.7,-40.3,0.00,NOT_COUNTED_AND_FOUND,""
A-111__revit,main,LEVEL 1 RCP,B-S,A1,true,false,repeated from the floor plan,43.67,40.89,43.67,10.5,4,38.00,38.00,-13.0,-7.1,0.00,NOT_COUNTED_AND_FOUND,""
A-111__revit,main,LEVEL 1 RCP,B-N,A1,true,false,repeated from the floor plan,43.67,40.89,43.67,10.5,2,28.49,28.49,-34.8,-30.3,0.00,NOT_COUNTED_AND_FOUND,""
A-111__revit,main,LEVEL 1 RCP,LB-1,A1,true,false,repeated from the floor plan,30.67,25.59,27.67,9,4,22.06,22.06,-28.1,-13.8,0.00,NOT_COUNTED_AND_FOUND,""
A-111__revit,main,LEVEL 1 RCP,LB-2,A1,true,false,repeated from the floor plan,32.67,29.13,29.67,10.5,4,24.43,24.43,-25.2,-16.1,0.00,NOT_COUNTED_AND_FOUND,""
A-111__revit,main,LEVEL 1 RCP,RCP-ARC,A1,true,false,repeated from the floor plan,23.04,23.04,23.04,10.5,0,0.00,0.00,-100.0,-100.0,0.00,NOT_COUNTED,""
A-111__revit,main,LEVEL 1 RCP,LB-30,A1,true,false,repeated from the floor plan,10.00,10.00,10.00,10.5,0,0.00,0.00,-100.0,-100.0,0.00,NOT_COUNTED,""
A-111__revit,main,LEVEL 1 RCP,N-BK,A1,true,false,repeated from the floor plan,87.33,76.10,78.33,10.5,7,70.89,70.89,-18.8,-6.9,0.00,NOT_COUNTED_AND_FOUND,""
A-111__revit,main,LEVEL 1 RCP,N-EX40,A2,true,false,repeated from the floor plan,17.00,16.59,17.00,14.5,1,16.20,16.20,-4.7,-2.4,0.00,NOT_COUNTED_AND_FOUND,""
A-111__revit,main,LEVEL 1 RCP,N-EX50,A2,true,false,repeated from the floor plan,17.00,16.59,17.00,14.5,1,16.59,16.59,-2.4,0.0,0.00,NOT_COUNTED_AND_FOUND,""
A-111__revit,main,LEVEL 1 RCP,N-EX60,A2,true,false,repeated from the floor plan,17.00,15.59,17.00,14.5,1,10.10,10.10,-40.6,-35.2,0.00,NOT_COUNTED_AND_FOUND,""
A-111__revit,main,LEVEL 1 RCP,N-EX70,A2,true,false,repeated from the floor plan,17.00,16.59,17.00,14.5,1,16.59,16.59,-2.4,0.0,0.00,NOT_COUNTED_AND_FOUND,""
A-111__revit,main,LEVEL 1 RCP,N-EX80,A2,true,false,repeated from the floor plan,17.00,16.59,17.00,14.5,1,16.20,16.20,-4.7,-2.4,0.00,NOT_COUNTED_AND_FOUND,""
A-111__revit,main,LEVEL 1 RCP,N-D,B1,true,false,repeated from the floor plan,43.67,37.89,40.67,14.5,5,26.99,26.99,-38.2,-28.8,0.00,NOT_COUNTED_AND_FOUND,""
A-111__revit,main,LEVEL 1 RCP,N-OF50,A1,true,false,repeated from the floor plan,26.67,26.13,26.67,10.5,1,26.13,26.13,-2.0,0.0,0.00,NOT_COUNTED_AND_FOUND,""
A-111__revit,main,LEVEL 1 RCP,N-OF70,A1,true,false,repeated from the floor plan,26.67,26.13,26.67,10.5,1,26.13,26.13,-2.0,0.0,0.00,NOT_COUNTED_AND_FOUND,""
A-111__revit,main,LEVEL 1 RCP,NS-45,A1,true,false,repeated from the floor plan,8.49,7.91,8.49,10.5,1,7.96,7.95,-6.2,0.6,0.00,NOT_COUNTED_AND_FOUND,""
A-111__revit,main,LEVEL 1 RCP,NS-H,A1,true,false,repeated from the floor plan,12.00,8.71,9.00,10.5,2,8.81,8.80,-26.6,1.1,0.00,NOT_COUNTED_AND_FOUND,""
A-111__revit,main,LEVEL 1 RCP,NS-V,A1,true,false,repeated from the floor plan,6.00,5.59,6.00,10.5,1,5.70,5.70,-5.1,1.8,0.00,NOT_COUNTED_AND_FOUND,""
A-111__revit,main,LEVEL 1 RCP,N-E,A1,true,false,repeated from the floor plan,43.67,36.96,39.67,10.5,7,21.55,21.55,-50.7,-41.7,0.00,NOT_COUNTED_AND_FOUND,""
A-111__revit,main,LEVEL 1 RCP,CF-17,A1,true,false,repeated from the floor plan,18.00,17.72,18.00,10.5,0,0.00,0.00,-100.0,-100.0,0.00,NOT_COUNTED,""
A-111__revit,main,LEVEL 1 RCP,N-F,A1,true,false,repeated from the floor plan,43.67,34.69,37.67,10.5,0,0.00,0.00,-100.0,-100.0,0.00,NOT_COUNTED,""
A-111__revit,main,LEVEL 1 RCP,IM-V,B1,true,false,repeated from the floor plan,43.67,42.52,43.67,14.5,1,43.12,43.13,-1.2,1.4,0.00,NOT_COUNTED_AND_FOUND,""
A-111__revit,main,LEVEL 1 RCP,IM-H,B1,true,false,repeated from the floor plan,17.67,17.16,17.67,14.5,1,17.16,17.16,-2.9,-0.0,0.00,NOT_COUNTED_AND_FOUND,""
A-111__revit,main,LEVEL 1 RCP,ST-V,CMU,false,false,repeated from the floor plan,30.67,29.61,30.67,14.5,1,27.72,27.72,-9.6,-6.4,0.00,NOT_COUNTED_AND_FOUND,""
A-111__revit,main,LEVEL 1 RCP,ST-H,CMU,false,false,repeated from the floor plan,18.00,17.31,18.00,14.5,1,16.88,16.88,-6.3,-2.5,0.00,NOT_COUNTED_AND_FOUND,""
A-111__revit,main,LEVEL 1 RCP,FR-V,F1,true,false,repeated from the floor plan,31.05,30.25,31.05,14.5,0,0.00,0.00,-100.0,-100.0,0.00,NOT_COUNTED,""
A-111__revit,main,LEVEL 1 RCP,FR-H,F1,true,false,repeated from the floor plan,18.38,17.95,18.38,14.5,0,0.00,0.00,-100.0,-100.0,0.00,NOT_COUNTED,""
A-111__revit,main,LEVEL 1 RCP,EL-V,C1,true,false,repeated from the floor plan,14.67,14.13,14.67,14.5,1,13.78,13.78,-6.0,-2.5,0.00,NOT_COUNTED_AND_FOUND,""
A-111__revit,main,LEVEL 1 RCP,EL-H,C1,true,false,repeated from the floor plan,12.00,11.36,12.00,14.5,1,11.46,11.46,-4.5,0.9,0.00,NOT_COUNTED_AND_FOUND,""
A-111__revit,main,LEVEL 1 RCP,S-BK,A1,true,false,repeated from the floor plan,57.33,49.20,51.33,10.5,7,30.94,30.94,-46.0,-37.1,0.00,NOT_COUNTED_AND_FOUND,""
A-111__revit,main,LEVEL 1 RCP,S-EX40,A2,true,false,repeated from the floor plan,15.00,14.59,15.00,14.5,0,0.00,0.00,-100.0,-100.0,0.00,NOT_COUNTED,""
A-111__revit,main,LEVEL 1 RCP,S-EX50,A2,true,false,repeated from the floor plan,15.00,14.59,15.00,14.5,1,14.59,14.59,-2.7,0.0,0.00,NOT_COUNTED_AND_FOUND,""
A-111__revit,main,LEVEL 1 RCP,S-EX60,A2,true,false,repeated from the floor plan,15.00,13.59,15.00,14.5,1,12.10,12.10,-19.3,-11.0,0.00,NOT_COUNTED_AND_FOUND,""
A-111__revit,main,LEVEL 1 RCP,S-EX70,A2,true,false,repeated from the floor plan,15.00,14.59,15.00,14.5,1,14.59,14.59,-2.7,0.0,0.00,NOT_COUNTED_AND_FOUND,""
A-111__revit,main,LEVEL 1 RCP,S-EX80,A2,true,false,repeated from the floor plan,15.00,14.59,15.00,14.5,1,14.20,14.20,-5.3,-2.7,0.00,NOT_COUNTED_AND_FOUND,""
A-111__revit,main,LEVEL 1 RCP,S-OF,A1,true,false,repeated from the floor plan,28.67,28.09,28.67,10.5,1,28.09,28.09,-2.0,0.0,0.00,NOT_COUNTED_AND_FOUND,""
A-111__revit,main,LEVEL 1 RCP,S-D,B1,true,false,repeated from the floor plan,43.67,37.48,40.67,14.5,2,7.17,7.17,-83.6,-80.9,0.00,NOT_COUNTED_AND_FOUND,""
A-111__revit,main,LEVEL 1 RCP,S-E,A1,true,false,repeated from the floor plan,43.67,40.89,43.67,10.5,5,32.66,32.66,-25.2,-20.1,0.00,NOT_COUNTED_AND_FOUND,""
A-111__revit,main,LEVEL 1 RCP,S-20,A1,true,false,repeated from the floor plan,60.00,59.09,60.00,10.5,1,29.18,29.18,-51.4,-50.6,0.00,NOT_COUNTED_AND_FOUND,""
A-111__revit,main,LEVEL 1 RCP,S-F,A1,true,false,repeated from the floor plan,43.67,40.89,43.67,10.5,4,27.82,27.82,-36.3,-32.0,0.00,NOT_COUNTED_AND_FOUND,""
A-111__revit,main,LEVEL 1 RCP,S-165,A1,true,false,repeated from the floor plan,43.67,42.69,43.67,10.5,2,41.77,41.77,-4.3,-2.1,0.00,NOT_COUNTED_AND_FOUND,""
A-111__revit,main,LEVEL 1 RCP,RR-10,A2,true,false,repeated from the floor plan,43.00,35.22,37.00,14.5,5,33.55,33.55,-22.0,-4.8,0.00,NOT_COUNTED_AND_FOUND,""
A-111__revit,main,LEVEL 1 RCP,RR-CH,D1,true,false,repeated from the floor plan,33.00,32.59,33.00,14.5,2,32.48,32.46,-1.6,-0.3,0.00,NOT_COUNTED_AND_FOUND,""
A-111__revit,main,LEVEL 1 RCP,EL-RM,A1,true,false,repeated from the floor plan,10.67,10.09,10.67,10.5,1,10.09,10.09,-5.4,0.0,0.00,NOT_COUNTED_AND_FOUND,""
A-111__autocad,main,LEVEL 1 RCP,X-S,EXT-1,true,false,repeated from the floor plan,208.67,168.89,172.67,14.5,0,0.00,0.00,-100.0,-100.0,0.00,NOT_COUNTED,""
A-111__autocad,main,LEVEL 1 RCP,X-E,EXT-1,true,false,repeated from the floor plan,93.33,79.65,82.33,14.5,0,0.00,0.00,-100.0,-100.0,0.00,NOT_COUNTED,""
A-111__autocad,main,LEVEL 1 RCP,X-N,EXT-2,true,false,repeated from the floor plan,208.67,170.13,175.67,14.5,0,0.00,0.00,-100.0,-100.0,0.00,NOT_COUNTED,""
A-111__autocad,main,LEVEL 1 RCP,X-W,EXT-1,true,false,repeated from the floor plan,93.33,84.22,85.33,14.5,0,0.00,0.00,-100.0,-100.0,0.00,NOT_COUNTED,""
A-111__autocad,main,LEVEL 1 RCP,SF-1,SF,false,false,repeated from the floor plan,20.00,0.00,0.00,10,0,0.00,0.00,-100.0,,0.00,NOT_COUNTED,""
A-111__autocad,main,LEVEL 1 RCP,C-S,A1,true,false,repeated from the floor plan,178.00,139.36,145.00,10.5,0,0.00,0.00,-100.0,-100.0,0.00,NOT_COUNTED,""
A-111__autocad,main,LEVEL 1 RCP,C-N,A1,true,false,repeated from the floor plan,178.00,140.89,146.50,10.5,0,0.00,0.00,-100.0,-100.0,0.00,NOT_COUNTED,""
A-111__autocad,main,LEVEL 1 RCP,B-S,A1,true,false,repeated from the floor plan,43.67,40.89,43.67,10.5,0,0.00,0.00,-100.0,-100.0,0.00,NOT_COUNTED,""
A-111__autocad,main,LEVEL 1 RCP,B-N,A1,true,false,repeated from the floor plan,43.67,40.89,43.67,10.5,0,0.00,0.00,-100.0,-100.0,0.00,NOT_COUNTED,""
A-111__autocad,main,LEVEL 1 RCP,LB-1,A1,true,false,repeated from the floor plan,30.67,25.59,27.67,9,0,0.00,0.00,-100.0,-100.0,0.00,NOT_COUNTED,""
A-111__autocad,main,LEVEL 1 RCP,LB-2,A1,true,false,repeated from the floor plan,32.67,29.13,29.67,10.5,0,0.00,0.00,-100.0,-100.0,0.00,NOT_COUNTED,""
A-111__autocad,main,LEVEL 1 RCP,RCP-ARC,A1,true,false,repeated from the floor plan,23.04,23.04,23.04,10.5,0,0.00,0.00,-100.0,-100.0,0.00,NOT_COUNTED,""
A-111__autocad,main,LEVEL 1 RCP,LB-30,A1,true,false,repeated from the floor plan,10.00,10.00,10.00,10.5,0,0.00,0.00,-100.0,-100.0,0.00,NOT_COUNTED,""
A-111__autocad,main,LEVEL 1 RCP,N-BK,A1,true,false,repeated from the floor plan,87.33,76.10,78.33,10.5,0,0.00,0.00,-100.0,-100.0,0.00,NOT_COUNTED,""
A-111__autocad,main,LEVEL 1 RCP,N-EX40,A2,true,false,repeated from the floor plan,17.00,16.59,17.00,14.5,0,0.00,0.00,-100.0,-100.0,0.00,NOT_COUNTED,""
A-111__autocad,main,LEVEL 1 RCP,N-EX50,A2,true,false,repeated from the floor plan,17.00,16.59,17.00,14.5,0,0.00,0.00,-100.0,-100.0,0.00,NOT_COUNTED,""
A-111__autocad,main,LEVEL 1 RCP,N-EX60,A2,true,false,repeated from the floor plan,17.00,15.59,17.00,14.5,0,0.00,0.00,-100.0,-100.0,0.00,NOT_COUNTED,""
A-111__autocad,main,LEVEL 1 RCP,N-EX70,A2,true,false,repeated from the floor plan,17.00,16.59,17.00,14.5,0,0.00,0.00,-100.0,-100.0,0.00,NOT_COUNTED,""
A-111__autocad,main,LEVEL 1 RCP,N-EX80,A2,true,false,repeated from the floor plan,17.00,16.59,17.00,14.5,0,0.00,0.00,-100.0,-100.0,0.00,NOT_COUNTED,""
A-111__autocad,main,LEVEL 1 RCP,N-D,B1,true,false,repeated from the floor plan,43.67,37.89,40.67,14.5,0,0.00,0.00,-100.0,-100.0,0.00,NOT_COUNTED,""
A-111__autocad,main,LEVEL 1 RCP,N-OF50,A1,true,false,repeated from the floor plan,26.67,26.13,26.67,10.5,0,0.00,0.00,-100.0,-100.0,0.00,NOT_COUNTED,""
A-111__autocad,main,LEVEL 1 RCP,N-OF70,A1,true,false,repeated from the floor plan,26.67,26.13,26.67,10.5,0,0.00,0.00,-100.0,-100.0,0.00,NOT_COUNTED,""
A-111__autocad,main,LEVEL 1 RCP,NS-45,A1,true,false,repeated from the floor plan,8.49,7.91,8.49,10.5,0,0.00,0.00,-100.0,-100.0,0.00,NOT_COUNTED,""
A-111__autocad,main,LEVEL 1 RCP,NS-H,A1,true,false,repeated from the floor plan,12.00,8.71,9.00,10.5,0,0.00,0.00,-100.0,-100.0,0.00,NOT_COUNTED,""
A-111__autocad,main,LEVEL 1 RCP,NS-V,A1,true,false,repeated from the floor plan,6.00,5.59,6.00,10.5,0,0.00,0.00,-100.0,-100.0,0.00,NOT_COUNTED,""
A-111__autocad,main,LEVEL 1 RCP,N-E,A1,true,false,repeated from the floor plan,43.67,36.96,39.67,10.5,0,0.00,0.00,-100.0,-100.0,0.00,NOT_COUNTED,""
A-111__autocad,main,LEVEL 1 RCP,CF-17,A1,true,false,repeated from the floor plan,18.00,17.72,18.00,10.5,0,0.00,0.00,-100.0,-100.0,0.00,NOT_COUNTED,""
A-111__autocad,main,LEVEL 1 RCP,N-F,A1,true,false,repeated from the floor plan,43.67,34.69,37.67,10.5,0,0.00,0.00,-100.0,-100.0,0.00,NOT_COUNTED,""
A-111__autocad,main,LEVEL 1 RCP,IM-V,B1,true,false,repeated from the floor plan,43.67,42.52,43.67,14.5,0,0.00,0.00,-100.0,-100.0,0.00,NOT_COUNTED,""
A-111__autocad,main,LEVEL 1 RCP,IM-H,B1,true,false,repeated from the floor plan,17.67,17.16,17.67,14.5,0,0.00,0.00,-100.0,-100.0,0.00,NOT_COUNTED,""
A-111__autocad,main,LEVEL 1 RCP,ST-V,CMU,false,false,repeated from the floor plan,30.67,29.61,30.67,14.5,0,0.00,0.00,-100.0,-100.0,0.00,NOT_COUNTED,""
A-111__autocad,main,LEVEL 1 RCP,ST-H,CMU,false,false,repeated from the floor plan,18.00,17.31,18.00,14.5,0,0.00,0.00,-100.0,-100.0,0.00,NOT_COUNTED,""
A-111__autocad,main,LEVEL 1 RCP,FR-V,F1,true,false,repeated from the floor plan,31.05,30.25,31.05,14.5,0,0.00,0.00,-100.0,-100.0,0.00,NOT_COUNTED,""
A-111__autocad,main,LEVEL 1 RCP,FR-H,F1,true,false,repeated from the floor plan,18.38,17.95,18.38,14.5,0,0.00,0.00,-100.0,-100.0,0.00,NOT_COUNTED,""
A-111__autocad,main,LEVEL 1 RCP,EL-V,C1,true,false,repeated from the floor plan,14.67,14.13,14.67,14.5,0,0.00,0.00,-100.0,-100.0,0.00,NOT_COUNTED,""
A-111__autocad,main,LEVEL 1 RCP,EL-H,C1,true,false,repeated from the floor plan,12.00,11.36,12.00,14.5,0,0.00,0.00,-100.0,-100.0,0.00,NOT_COUNTED,""
A-111__autocad,main,LEVEL 1 RCP,S-BK,A1,true,false,repeated from the floor plan,57.33,49.20,51.33,10.5,0,0.00,0.00,-100.0,-100.0,0.00,NOT_COUNTED,""
A-111__autocad,main,LEVEL 1 RCP,S-EX40,A2,true,false,repeated from the floor plan,15.00,14.59,15.00,14.5,0,0.00,0.00,-100.0,-100.0,0.00,NOT_COUNTED,""
A-111__autocad,main,LEVEL 1 RCP,S-EX50,A2,true,false,repeated from the floor plan,15.00,14.59,15.00,14.5,0,0.00,0.00,-100.0,-100.0,0.00,NOT_COUNTED,""
A-111__autocad,main,LEVEL 1 RCP,S-EX60,A2,true,false,repeated from the floor plan,15.00,13.59,15.00,14.5,0,0.00,0.00,-100.0,-100.0,0.00,NOT_COUNTED,""
A-111__autocad,main,LEVEL 1 RCP,S-EX70,A2,true,false,repeated from the floor plan,15.00,14.59,15.00,14.5,0,0.00,0.00,-100.0,-100.0,0.00,NOT_COUNTED,""
A-111__autocad,main,LEVEL 1 RCP,S-EX80,A2,true,false,repeated from the floor plan,15.00,14.59,15.00,14.5,0,0.00,0.00,-100.0,-100.0,0.00,NOT_COUNTED,""
A-111__autocad,main,LEVEL 1 RCP,S-OF,A1,true,false,repeated from the floor plan,28.67,28.09,28.67,10.5,0,0.00,0.00,-100.0,-100.0,0.00,NOT_COUNTED,""
A-111__autocad,main,LEVEL 1 RCP,S-D,B1,true,false,repeated from the floor plan,43.67,37.48,40.67,14.5,0,0.00,0.00,-100.0,-100.0,0.00,NOT_COUNTED,""
A-111__autocad,main,LEVEL 1 RCP,S-E,A1,true,false,repeated from the floor plan,43.67,40.89,43.67,10.5,0,0.00,0.00,-100.0,-100.0,0.00,NOT_COUNTED,""
A-111__autocad,main,LEVEL 1 RCP,S-20,A1,true,false,repeated from the floor plan,60.00,59.09,60.00,10.5,0,0.00,0.00,-100.0,-100.0,0.00,NOT_COUNTED,""
A-111__autocad,main,LEVEL 1 RCP,S-F,A1,true,false,repeated from the floor plan,43.67,40.89,43.67,10.5,0,0.00,0.00,-100.0,-100.0,0.00,NOT_COUNTED,""
A-111__autocad,main,LEVEL 1 RCP,S-165,A1,true,false,repeated from the floor plan,43.67,42.69,43.67,10.5,0,0.00,0.00,-100.0,-100.0,0.00,NOT_COUNTED,""
A-111__autocad,main,LEVEL 1 RCP,RR-10,A2,true,false,repeated from the floor plan,43.00,35.22,37.00,14.5,0,0.00,0.00,-100.0,-100.0,0.00,NOT_COUNTED,""
A-111__autocad,main,LEVEL 1 RCP,RR-CH,D1,true,false,repeated from the floor plan,33.00,32.59,33.00,14.5,0,0.00,0.00,-100.0,-100.0,0.00,NOT_COUNTED,""
A-111__autocad,main,LEVEL 1 RCP,EL-RM,A1,true,false,repeated from the floor plan,10.67,10.09,10.67,10.5,0,0.00,0.00,-100.0,-100.0,0.00,NOT_COUNTED,""
A-111__skia,main,LEVEL 1 RCP,X-S,EXT-1,true,false,repeated from the floor plan,208.67,168.89,172.67,14.5,7,80.92,80.92,-61.2,-52.1,0.00,NOT_COUNTED_AND_FOUND,""
A-111__skia,main,LEVEL 1 RCP,X-E,EXT-1,true,false,repeated from the floor plan,93.33,79.65,82.33,14.5,4,43.79,43.73,-53.1,-45.0,0.00,NOT_COUNTED_AND_FOUND,""
A-111__skia,main,LEVEL 1 RCP,X-N,EXT-2,true,false,repeated from the floor plan,208.67,170.13,175.67,14.5,16,145.39,145.39,-30.3,-14.5,0.00,NOT_COUNTED_AND_FOUND,""
A-111__skia,main,LEVEL 1 RCP,X-W,EXT-1,true,false,repeated from the floor plan,93.33,84.22,85.33,14.5,4,10.85,10.85,-88.4,-87.1,0.00,NOT_COUNTED_AND_FOUND,""
A-111__skia,main,LEVEL 1 RCP,SF-1,SF,false,false,repeated from the floor plan,20.00,0.00,0.00,10,0,0.00,0.00,-100.0,,0.00,NOT_COUNTED,""
A-111__skia,main,LEVEL 1 RCP,C-S,A1,true,false,repeated from the floor plan,178.00,139.36,145.00,10.5,12,128.64,120.81,-27.7,-7.7,7.82,NOT_COUNTED_AND_FOUND,""
A-111__skia,main,LEVEL 1 RCP,C-N,A1,true,false,repeated from the floor plan,178.00,140.89,146.50,10.5,3,172.43,172.43,-3.1,22.4,0.00,NOT_COUNTED_AND_FOUND,""
A-111__skia,main,LEVEL 1 RCP,B-S,A1,true,false,repeated from the floor plan,43.67,40.89,43.67,10.5,2,39.59,39.59,-9.3,-3.2,0.00,NOT_COUNTED_AND_FOUND,""
A-111__skia,main,LEVEL 1 RCP,B-N,A1,true,false,repeated from the floor plan,43.67,40.89,43.67,10.5,2,35.59,35.59,-18.5,-13.0,0.00,NOT_COUNTED_AND_FOUND,""
A-111__skia,main,LEVEL 1 RCP,LB-1,A1,true,false,repeated from the floor plan,30.67,25.59,27.67,9,2,19.30,19.30,-37.1,-24.6,0.00,NOT_COUNTED_AND_FOUND,""
A-111__skia,main,LEVEL 1 RCP,LB-2,A1,true,false,repeated from the floor plan,32.67,29.13,29.67,10.5,2,29.13,29.13,-10.8,0.0,0.00,NOT_COUNTED_AND_FOUND,""
A-111__skia,main,LEVEL 1 RCP,RCP-ARC,A1,true,false,repeated from the floor plan,23.04,23.04,23.04,10.5,0,0.00,0.00,-100.0,-100.0,0.00,NOT_COUNTED,""
A-111__skia,main,LEVEL 1 RCP,LB-30,A1,true,false,repeated from the floor plan,10.00,10.00,10.00,10.5,1,10.00,10.00,-0.0,-0.0,0.00,NOT_COUNTED_AND_FOUND,""
A-111__skia,main,LEVEL 1 RCP,N-BK,A1,true,false,repeated from the floor plan,87.33,76.10,78.33,10.5,7,77.09,77.09,-11.7,1.3,0.00,NOT_COUNTED_AND_FOUND,""
A-111__skia,main,LEVEL 1 RCP,N-EX40,A2,true,false,repeated from the floor plan,17.00,16.59,17.00,14.5,1,16.20,16.20,-4.7,-2.4,0.00,NOT_COUNTED_AND_FOUND,""
A-111__skia,main,LEVEL 1 RCP,N-EX50,A2,true,false,repeated from the floor plan,17.00,16.59,17.00,14.5,1,16.59,16.59,-2.4,0.0,0.00,NOT_COUNTED_AND_FOUND,""
A-111__skia,main,LEVEL 1 RCP,N-EX60,A2,true,false,repeated from the floor plan,17.00,15.59,17.00,14.5,1,10.10,10.10,-40.6,-35.2,0.00,NOT_COUNTED_AND_FOUND,""
A-111__skia,main,LEVEL 1 RCP,N-EX70,A2,true,false,repeated from the floor plan,17.00,16.59,17.00,14.5,1,16.59,16.59,-2.4,0.0,0.00,NOT_COUNTED_AND_FOUND,""
A-111__skia,main,LEVEL 1 RCP,N-EX80,A2,true,false,repeated from the floor plan,17.00,16.59,17.00,14.5,1,16.20,16.20,-4.7,-2.4,0.00,NOT_COUNTED_AND_FOUND,""
A-111__skia,main,LEVEL 1 RCP,N-D,B1,true,false,repeated from the floor plan,43.67,37.89,40.67,14.5,4,38.08,38.08,-12.8,0.5,0.00,NOT_COUNTED_AND_FOUND,""
A-111__skia,main,LEVEL 1 RCP,N-OF50,A1,true,false,repeated from the floor plan,26.67,26.13,26.67,10.5,1,26.32,26.32,-1.3,0.7,0.00,NOT_COUNTED_AND_FOUND,""
A-111__skia,main,LEVEL 1 RCP,N-OF70,A1,true,false,repeated from the floor plan,26.67,26.13,26.67,10.5,1,26.32,26.32,-1.3,0.7,0.00,NOT_COUNTED_AND_FOUND,""
A-111__skia,main,LEVEL 1 RCP,NS-45,A1,true,false,repeated from the floor plan,8.49,7.91,8.49,10.5,1,7.91,7.91,-6.8,0.0,0.00,NOT_COUNTED_AND_FOUND,""
A-111__skia,main,LEVEL 1 RCP,NS-H,A1,true,false,repeated from the floor plan,12.00,8.71,9.00,10.5,2,8.71,8.71,-27.4,0.0,0.00,NOT_COUNTED_AND_FOUND,""
A-111__skia,main,LEVEL 1 RCP,NS-V,A1,true,false,repeated from the floor plan,6.00,5.59,6.00,10.5,1,5.59,5.59,-6.8,0.0,0.00,NOT_COUNTED_AND_FOUND,""
A-111__skia,main,LEVEL 1 RCP,N-E,A1,true,false,repeated from the floor plan,43.67,36.96,39.67,10.5,3,16.09,16.09,-63.1,-56.5,0.00,NOT_COUNTED_AND_FOUND,""
A-111__skia,main,LEVEL 1 RCP,CF-17,A1,true,false,repeated from the floor plan,18.00,17.72,18.00,10.5,1,17.72,17.72,-1.5,-0.0,0.00,NOT_COUNTED_AND_FOUND,""
A-111__skia,main,LEVEL 1 RCP,N-F,A1,true,false,repeated from the floor plan,43.67,34.69,37.67,10.5,0,0.00,0.00,-100.0,-100.0,0.00,NOT_COUNTED,""
A-111__skia,main,LEVEL 1 RCP,IM-V,B1,true,false,repeated from the floor plan,43.67,42.52,43.67,14.5,3,42.35,42.35,-3.0,-0.4,0.00,NOT_COUNTED_AND_FOUND,""
A-111__skia,main,LEVEL 1 RCP,IM-H,B1,true,false,repeated from the floor plan,17.67,17.16,17.67,14.5,1,17.38,17.38,-1.6,1.3,0.00,NOT_COUNTED_AND_FOUND,""
A-111__skia,main,LEVEL 1 RCP,ST-V,CMU,false,false,repeated from the floor plan,30.67,29.61,30.67,14.5,2,29.60,29.60,-3.5,-0.1,0.00,NOT_COUNTED_AND_FOUND,""
A-111__skia,main,LEVEL 1 RCP,ST-H,CMU,false,false,repeated from the floor plan,18.00,17.31,18.00,14.5,1,17.93,17.88,-0.4,3.6,0.00,NOT_COUNTED_AND_FOUND,""
A-111__skia,main,LEVEL 1 RCP,FR-V,F1,true,false,repeated from the floor plan,31.05,30.25,31.05,14.5,0,0.00,0.00,-100.0,-100.0,0.00,NOT_COUNTED,""
A-111__skia,main,LEVEL 1 RCP,FR-H,F1,true,false,repeated from the floor plan,18.38,17.95,18.38,14.5,0,0.00,0.00,-100.0,-100.0,0.00,NOT_COUNTED,""
A-111__skia,main,LEVEL 1 RCP,EL-V,C1,true,false,repeated from the floor plan,14.67,14.13,14.67,14.5,1,13.71,13.71,-6.5,-3.0,0.00,NOT_COUNTED_AND_FOUND,""
A-111__skia,main,LEVEL 1 RCP,EL-H,C1,true,false,repeated from the floor plan,12.00,11.36,12.00,14.5,1,11.60,11.60,-3.3,2.1,0.00,NOT_COUNTED_AND_FOUND,""
A-111__skia,main,LEVEL 1 RCP,S-BK,A1,true,false,repeated from the floor plan,57.33,49.20,51.33,10.5,6,49.19,49.19,-14.2,-0.0,0.00,NOT_COUNTED_AND_FOUND,""
A-111__skia,main,LEVEL 1 RCP,S-EX40,A2,true,false,repeated from the floor plan,15.00,14.59,15.00,14.5,0,0.00,0.00,-100.0,-100.0,0.00,NOT_COUNTED,""
A-111__skia,main,LEVEL 1 RCP,S-EX50,A2,true,false,repeated from the floor plan,15.00,14.59,15.00,14.5,1,14.59,14.59,-2.7,0.0,0.00,NOT_COUNTED_AND_FOUND,""
A-111__skia,main,LEVEL 1 RCP,S-EX60,A2,true,false,repeated from the floor plan,15.00,13.59,15.00,14.5,1,12.10,12.10,-19.3,-11.0,0.00,NOT_COUNTED_AND_FOUND,""
A-111__skia,main,LEVEL 1 RCP,S-EX70,A2,true,false,repeated from the floor plan,15.00,14.59,15.00,14.5,1,14.59,14.59,-2.7,0.0,0.00,NOT_COUNTED_AND_FOUND,""
A-111__skia,main,LEVEL 1 RCP,S-EX80,A2,true,false,repeated from the floor plan,15.00,14.59,15.00,14.5,1,14.20,14.20,-5.3,-2.7,0.00,NOT_COUNTED_AND_FOUND,""
A-111__skia,main,LEVEL 1 RCP,S-OF,A1,true,false,repeated from the floor plan,28.67,28.09,28.67,10.5,1,28.27,28.27,-1.4,0.6,0.00,NOT_COUNTED_AND_FOUND,""
A-111__skia,main,LEVEL 1 RCP,S-D,B1,true,false,repeated from the floor plan,43.67,37.48,40.67,14.5,3,26.08,26.08,-40.3,-30.4,0.00,NOT_COUNTED_AND_FOUND,""
A-111__skia,main,LEVEL 1 RCP,S-E,A1,true,false,repeated from the floor plan,43.67,40.89,43.67,10.5,3,40.69,40.69,-6.8,-0.5,0.00,NOT_COUNTED_AND_FOUND,""
A-111__skia,main,LEVEL 1 RCP,S-20,A1,true,false,repeated from the floor plan,60.00,59.09,60.00,10.5,2,59.41,59.41,-1.0,0.6,0.00,NOT_COUNTED_AND_FOUND,""
A-111__skia,main,LEVEL 1 RCP,S-F,A1,true,false,repeated from the floor plan,43.67,40.89,43.67,10.5,2,31.59,31.59,-27.6,-22.7,0.00,NOT_COUNTED_AND_FOUND,""
A-111__skia,main,LEVEL 1 RCP,S-165,A1,true,false,repeated from the floor plan,43.67,42.69,43.67,10.5,2,42.60,42.60,-2.4,-0.2,0.00,NOT_COUNTED_AND_FOUND,""
A-111__skia,main,LEVEL 1 RCP,RR-10,A2,true,false,repeated from the floor plan,43.00,35.22,37.00,14.5,4,35.80,35.79,-16.8,1.6,0.00,NOT_COUNTED_AND_FOUND,""
A-111__skia,main,LEVEL 1 RCP,RR-CH,D1,true,false,repeated from the floor plan,33.00,32.59,33.00,14.5,1,32.90,32.88,-0.3,0.9,0.00,NOT_COUNTED_AND_FOUND,""
A-111__skia,main,LEVEL 1 RCP,EL-RM,A1,true,false,repeated from the floor plan,10.67,10.09,10.67,10.5,1,10.28,10.28,-3.7,1.8,0.00,NOT_COUNTED_AND_FOUND,""
A-401__clean,main,ENLARGED RESTROOMS,X-S,EXT-1,true,true,,45.00,43.82,45.00,14.5,1,21.43,21.43,-52.4,-51.1,0.00,PARTIAL,"wallsFromStrokes series test (inAHatchSeries): the type is drawn as 5 parallel lines, so every pair of its faces has a third line continuing the spacing"
A-401__clean,main,ENLARGED RESTROOMS,X-E,EXT-1,true,true,,45.67,39.98,41.67,14.5,4,43.02,43.02,-5.8,7.6,0.00,FOUND,""
A-401__clean,main,ENLARGED RESTROOMS,C-S,A1,true,true,,45.00,37.02,39.00,10.5,6,40.77,40.77,-9.4,10.1,0.00,FOUND,""
A-401__clean,main,ENLARGED RESTROOMS,S-165,A1,true,true,,43.67,42.69,43.67,10.5,1,32.59,32.59,-25.4,-23.6,0.00,PARTIAL,"wallsFromStrokes one-face-one-use: the faces are broken into pieces (openings, T junctions, columns) and the long piece is spent on one partner, stranding the rest"
A-401__clean,main,ENLARGED RESTROOMS,RR-10,A2,true,true,,43.00,35.22,37.00,14.5,6,35.80,35.80,-16.7,1.7,0.00,FOUND,""
A-401__clean,main,ENLARGED RESTROOMS,RR-CH,D1,true,true,,33.00,32.59,33.00,14.5,1,32.79,32.79,-0.6,0.6,0.00,FOUND,""
A-401__clean,main,ENLARGED RESTROOMS,EL-RM,A1,true,true,,10.67,10.09,10.67,10.5,1,10.09,10.09,-5.4,0.0,0.00,FOUND,""
A-401__clean,main,ENLARGED STAIR,X-E,EXT-1,true,true,,32.67,31.57,32.67,14.5,1,18.00,18.00,-44.9,-43.0,0.00,PARTIAL,"wallsFromStrokes series test (inAHatchSeries): the type is drawn as 5 parallel lines, so every pair of its faces has a third line continuing the spacing"
A-401__clean,main,ENLARGED STAIR,X-N,EXT-2,true,true,,20.00,15.87,17.00,14.5,3,16.76,16.76,-16.2,5.6,0.00,FOUND,""
A-401__clean,main,ENLARGED STAIR,ST-V,CMU,false,true,,30.67,29.61,30.67,14.5,1,13.80,13.80,-55.0,-53.4,0.00,PARTIAL,"wallsFromStrokes series test (inAHatchSeries): a 16.2 ft parallel line 5.3\" off centre continues the face spacing — wall (A-WALL)"
A-401__clean,main,ENLARGED STAIR,ST-H,CMU,false,true,,18.00,17.31,18.00,14.5,0,0.00,0.00,-100.0,-100.0,0.00,MISSED,"wallsFromStrokes series test (inAHatchSeries): a 18.1 ft parallel line 5.3\" off centre continues the face spacing — wall (A-WALL)"
A-401__clean,main,ENLARGED STAIR,FR-V,F1,true,true,,31.05,30.25,31.05,14.5,0,0.00,0.00,-100.0,-100.0,0.00,MISSED,"only one face reached the reader, or the faces came back 1.50\" apart — under wallFromPair's 0.2 ft (2.4\") thickness floor"
A-401__clean,main,ENLARGED STAIR,FR-H,F1,true,true,,18.38,17.95,18.38,14.5,0,0.00,0.00,-100.0,-100.0,0.00,MISSED,"only one face reached the reader, or the faces came back 1.50\" apart — under wallFromPair's 0.2 ft (2.4\") thickness floor"
A-401__clean,main,ENLARGED STAIR,EL-H,C1,true,true,,2.00,1.56,2.00,14.5,0,0.00,0.00,-100.0,-100.0,0.00,MISSED,"every face piece is under the 2 ft minimum run (wallsFromStrokes' input floor)"
A-401__revit,main,ENLARGED RESTROOMS,X-S,EXT-1,true,true,,45.00,43.82,45.00,14.5,4,8.77,8.77,-80.5,-80.0,0.00,PARTIAL,"wallFromPair overlap test: no face piece on one side overlaps one on the other by 50% of the shorter"
A-401__revit,main,ENLARGED RESTROOMS,X-E,EXT-1,true,true,,45.67,39.98,41.67,14.5,3,39.05,39.05,-14.5,-2.3,0.00,FOUND,""
A-401__revit,main,ENLARGED RESTROOMS,C-S,A1,true,true,,45.00,37.02,39.00,10.5,7,33.38,33.38,-25.8,-9.8,0.00,PARTIAL,"wallsFromStrokes one-face-one-use: the faces are broken into pieces (openings, T junctions, columns) and the long piece is spent on one partner, stranding the rest"
A-401__revit,main,ENLARGED RESTROOMS,S-165,A1,true,true,,43.67,42.69,43.67,10.5,1,35.51,35.51,-18.7,-16.8,0.00,FOUND,""
A-401__revit,main,ENLARGED RESTROOMS,RR-10,A2,true,true,,43.00,35.22,37.00,14.5,6,40.23,40.23,-6.4,14.2,0.00,FOUND,""
A-401__revit,main,ENLARGED RESTROOMS,RR-CH,D1,true,true,,33.00,32.59,33.00,14.5,1,20.85,20.84,-36.8,-36.0,0.00,PARTIAL,"wallsFromStrokes series test (inAHatchSeries): the type is drawn as 4 parallel lines, so every pair of its faces has a third line continuing the spacing"
A-401__revit,main,ENLARGED RESTROOMS,EL-RM,A1,true,true,,10.67,10.09,10.67,10.5,1,10.09,10.09,-5.4,0.0,0.00,FOUND,""
A-401__revit,main,ENLARGED STAIR,X-E,EXT-1,true,true,,32.67,31.57,32.67,14.5,1,18.00,18.00,-44.9,-43.0,0.00,PARTIAL,"every face piece is under the 2 ft minimum run (wallsFromStrokes' input floor)"
A-401__revit,main,ENLARGED STAIR,X-N,EXT-2,true,true,,20.00,15.87,17.00,14.5,1,2.45,2.45,-87.8,-84.6,0.00,PARTIAL,"wallFromPair face-length ratio: its two faces are drawn 0.0 ft and 10.5 ft (378.0x > 3x) — one face broken at junctions/openings, the other continuous"
A-401__revit,main,ENLARGED STAIR,ST-V,CMU,false,true,,30.67,29.61,30.67,14.5,1,28.60,28.49,-6.7,-3.4,0.00,FOUND,""
A-401__revit,main,ENLARGED STAIR,ST-H,CMU,false,true,,18.00,17.31,18.00,14.5,1,7.95,7.95,-55.8,-54.1,0.00,PARTIAL,"wallsFromStrokes series test (inAHatchSeries): a 18.1 ft parallel line 5.3\" off centre continues the face spacing — wall (A-WALL)"
A-401__revit,main,ENLARGED STAIR,FR-V,F1,true,true,,31.05,30.25,31.05,14.5,0,0.00,0.00,-100.0,-100.0,0.00,MISSED,"only one face reached the reader, or the faces came back 1.50\" apart — under wallFromPair's 0.2 ft (2.4\") thickness floor"
A-401__revit,main,ENLARGED STAIR,FR-H,F1,true,true,,18.38,17.95,18.38,14.5,0,0.00,0.00,-100.0,-100.0,0.00,MISSED,"only one face reached the reader, or the faces came back 1.50\" apart — under wallFromPair's 0.2 ft (2.4\") thickness floor"
A-401__revit,main,ENLARGED STAIR,EL-H,C1,true,true,,2.00,1.56,2.00,14.5,0,0.00,0.00,-100.0,-100.0,0.00,MISSED,"every face piece is under the 2 ft minimum run (wallsFromStrokes' input floor)"
A-401__autocad,main,ENLARGED RESTROOMS,X-S,EXT-1,true,true,,45.00,43.82,45.00,14.5,0,0.00,0.00,-100.0,-100.0,0.00,MISSED,"the reader returned no segment on this wall's faces — its geometry never reached wallsFromStrokes"
A-401__autocad,main,ENLARGED RESTROOMS,X-E,EXT-1,true,true,,45.67,39.98,41.67,14.5,0,0.00,0.00,-100.0,-100.0,0.00,MISSED,"the reader returned no segment on this wall's faces — its geometry never reached wallsFromStrokes"
A-401__autocad,main,ENLARGED RESTROOMS,C-S,A1,true,true,,45.00,37.02,39.00,10.5,0,0.00,0.00,-100.0,-100.0,0.00,MISSED,"the reader returned no segment on this wall's faces — its geometry never reached wallsFromStrokes"
A-401__autocad,main,ENLARGED RESTROOMS,S-165,A1,true,true,,43.67,42.69,43.67,10.5,0,0.00,0.00,-100.0,-100.0,0.00,MISSED,"the reader returned no segment on this wall's faces — its geometry never reached wallsFromStrokes"
A-401__autocad,main,ENLARGED RESTROOMS,RR-10,A2,true,true,,43.00,35.22,37.00,14.5,0,0.00,0.00,-100.0,-100.0,0.00,MISSED,"the reader returned no segment on this wall's faces — its geometry never reached wallsFromStrokes"
A-401__autocad,main,ENLARGED RESTROOMS,RR-CH,D1,true,true,,33.00,32.59,33.00,14.5,0,0.00,0.00,-100.0,-100.0,0.00,MISSED,"the reader returned no segment on this wall's faces — its geometry never reached wallsFromStrokes"
A-401__autocad,main,ENLARGED RESTROOMS,EL-RM,A1,true,true,,10.67,10.09,10.67,10.5,0,0.00,0.00,-100.0,-100.0,0.00,MISSED,"the reader returned no segment on this wall's faces — its geometry never reached wallsFromStrokes"
A-401__autocad,main,ENLARGED STAIR,X-E,EXT-1,true,true,,32.67,31.57,32.67,14.5,0,0.00,0.00,-100.0,-100.0,0.00,MISSED,"the reader returned no segment on this wall's faces — its geometry never reached wallsFromStrokes"
A-401__autocad,main,ENLARGED STAIR,X-N,EXT-2,true,true,,20.00,15.87,17.00,14.5,0,0.00,0.00,-100.0,-100.0,0.00,MISSED,"the reader returned no segment on this wall's faces — its geometry never reached wallsFromStrokes"
A-401__autocad,main,ENLARGED STAIR,ST-V,CMU,false,true,,30.67,29.61,30.67,14.5,0,0.00,0.00,-100.0,-100.0,0.00,MISSED,"the reader returned no segment on this wall's faces — its geometry never reached wallsFromStrokes"
A-401__autocad,main,ENLARGED STAIR,ST-H,CMU,false,true,,18.00,17.31,18.00,14.5,0,0.00,0.00,-100.0,-100.0,0.00,MISSED,"the reader returned no segment on this wall's faces — its geometry never reached wallsFromStrokes"
A-401__autocad,main,ENLARGED STAIR,FR-V,F1,true,true,,31.05,30.25,31.05,14.5,0,0.00,0.00,-100.0,-100.0,0.00,MISSED,"the reader returned no segment on this wall's faces — its geometry never reached wallsFromStrokes"
A-401__autocad,main,ENLARGED STAIR,FR-H,F1,true,true,,18.38,17.95,18.38,14.5,0,0.00,0.00,-100.0,-100.0,0.00,MISSED,"the reader returned no segment on this wall's faces — its geometry never reached wallsFromStrokes"
A-401__autocad,main,ENLARGED STAIR,EL-H,C1,true,true,,2.00,1.56,2.00,14.5,0,0.00,0.00,-100.0,-100.0,0.00,MISSED,"only one face reached the reader, or the faces came back 0.00\" apart — under wallFromPair's 0.2 ft (2.4\") thickness floor"
A-401__skia,main,ENLARGED RESTROOMS,X-S,EXT-1,true,true,,45.00,43.82,45.00,14.5,1,21.43,21.43,-52.4,-51.1,0.00,PARTIAL,"wallsFromStrokes series test (inAHatchSeries): the type is drawn as 5 parallel lines, so every pair of its faces has a third line continuing the spacing"
A-401__skia,main,ENLARGED RESTROOMS,X-E,EXT-1,true,true,,45.67,39.98,41.67,14.5,4,43.02,43.02,-5.8,7.6,0.00,FOUND,""
A-401__skia,main,ENLARGED RESTROOMS,C-S,A1,true,true,,45.00,37.02,39.00,10.5,6,40.77,40.77,-9.4,10.1,0.00,FOUND,""
A-401__skia,main,ENLARGED RESTROOMS,S-165,A1,true,true,,43.67,42.69,43.67,10.5,1,32.59,32.59,-25.4,-23.6,0.00,PARTIAL,"wallsFromStrokes one-face-one-use: the faces are broken into pieces (openings, T junctions, columns) and the long piece is spent on one partner, stranding the rest"
A-401__skia,main,ENLARGED RESTROOMS,RR-10,A2,true,true,,43.00,35.22,37.00,14.5,6,35.80,35.80,-16.7,1.7,0.00,FOUND,""
A-401__skia,main,ENLARGED RESTROOMS,RR-CH,D1,true,true,,33.00,32.59,33.00,14.5,1,32.79,32.79,-0.6,0.6,0.00,FOUND,""
A-401__skia,main,ENLARGED RESTROOMS,EL-RM,A1,true,true,,10.67,10.09,10.67,10.5,1,10.09,10.09,-5.4,0.0,0.00,FOUND,""
A-401__skia,main,ENLARGED STAIR,X-E,EXT-1,true,true,,32.67,31.57,32.67,14.5,1,18.00,18.00,-44.9,-43.0,0.00,PARTIAL,"wallsFromStrokes series test (inAHatchSeries): the type is drawn as 5 parallel lines, so every pair of its faces has a third line continuing the spacing"
A-401__skia,main,ENLARGED STAIR,X-N,EXT-2,true,true,,20.00,15.87,17.00,14.5,3,16.76,16.76,-16.2,5.6,0.00,FOUND,""
A-401__skia,main,ENLARGED STAIR,ST-V,CMU,false,true,,30.67,29.61,30.67,14.5,1,13.80,13.80,-55.0,-53.4,0.00,PARTIAL,"wallsFromStrokes series test (inAHatchSeries): a 16.2 ft parallel line 5.3\" off centre continues the face spacing — wall (A-WALL)"
A-401__skia,main,ENLARGED STAIR,ST-H,CMU,false,true,,18.00,17.31,18.00,14.5,0,0.00,0.00,-100.0,-100.0,0.00,MISSED,"wallsFromStrokes series test (inAHatchSeries): a 18.1 ft parallel line 5.3\" off centre continues the face spacing — wall (A-WALL)"
A-401__skia,main,ENLARGED STAIR,FR-V,F1,true,true,,31.05,30.25,31.05,14.5,0,0.00,0.00,-100.0,-100.0,0.00,MISSED,"only one face reached the reader, or the faces came back 1.50\" apart — under wallFromPair's 0.2 ft (2.4\") thickness floor"
A-401__skia,main,ENLARGED STAIR,FR-H,F1,true,true,,18.38,17.95,18.38,14.5,0,0.00,0.00,-100.0,-100.0,0.00,MISSED,"only one face reached the reader, or the faces came back 1.50\" apart — under wallFromPair's 0.2 ft (2.4\") thickness floor"
A-401__skia,main,ENLARGED STAIR,EL-H,C1,true,true,,2.00,1.56,2.00,14.5,0,0.00,0.00,-100.0,-100.0,0.00,MISSED,"every face piece is under the 2 ft minimum run (wallsFromStrokes' input floor)"
A-401__overridden-dims,main,ENLARGED RESTROOMS,X-S,EXT-1,true,true,,45.00,43.82,45.00,14.5,1,21.43,21.43,-52.4,-51.1,0.00,PARTIAL,"wallsFromStrokes series test (inAHatchSeries): the type is drawn as 5 parallel lines, so every pair of its faces has a third line continuing the spacing"
A-401__overridden-dims,main,ENLARGED RESTROOMS,X-E,EXT-1,true,true,,45.67,39.98,41.67,14.5,4,43.02,43.02,-5.8,7.6,0.00,FOUND,""
A-401__overridden-dims,main,ENLARGED RESTROOMS,C-S,A1,true,true,,45.00,37.02,39.00,10.5,6,40.77,40.77,-9.4,10.1,0.00,FOUND,""
A-401__overridden-dims,main,ENLARGED RESTROOMS,S-165,A1,true,true,,43.67,42.69,43.67,10.5,1,32.59,32.59,-25.4,-23.6,0.00,PARTIAL,"wallsFromStrokes one-face-one-use: the faces are broken into pieces (openings, T junctions, columns) and the long piece is spent on one partner, stranding the rest"
A-401__overridden-dims,main,ENLARGED RESTROOMS,RR-10,A2,true,true,,43.00,35.22,37.00,14.5,6,35.80,35.80,-16.7,1.7,0.00,FOUND,""
A-401__overridden-dims,main,ENLARGED RESTROOMS,RR-CH,D1,true,true,,33.00,32.59,33.00,14.5,1,32.79,32.79,-0.6,0.6,0.00,FOUND,""
A-401__overridden-dims,main,ENLARGED RESTROOMS,EL-RM,A1,true,true,,10.67,10.09,10.67,10.5,1,10.09,10.09,-5.4,0.0,0.00,FOUND,""
A-401__overridden-dims,main,ENLARGED STAIR,X-E,EXT-1,true,true,,32.67,31.57,32.67,14.5,1,18.00,18.00,-44.9,-43.0,0.00,PARTIAL,"wallsFromStrokes series test (inAHatchSeries): the type is drawn as 5 parallel lines, so every pair of its faces has a third line continuing the spacing"
A-401__overridden-dims,main,ENLARGED STAIR,X-N,EXT-2,true,true,,20.00,15.87,17.00,14.5,3,16.76,16.76,-16.2,5.6,0.00,FOUND,""
A-401__overridden-dims,main,ENLARGED STAIR,ST-V,CMU,false,true,,30.67,29.61,30.67,14.5,1,13.80,13.80,-55.0,-53.4,0.00,PARTIAL,"wallsFromStrokes series test (inAHatchSeries): a 16.2 ft parallel line 5.3\" off centre continues the face spacing — wall (A-WALL)"
A-401__overridden-dims,main,ENLARGED STAIR,ST-H,CMU,false,true,,18.00,17.31,18.00,14.5,0,0.00,0.00,-100.0,-100.0,0.00,MISSED,"wallsFromStrokes series test (inAHatchSeries): a 18.1 ft parallel line 5.3\" off centre continues the face spacing — wall (A-WALL)"
A-401__overridden-dims,main,ENLARGED STAIR,FR-V,F1,true,true,,31.05,30.25,31.05,14.5,0,0.00,0.00,-100.0,-100.0,0.00,MISSED,"only one face reached the reader, or the faces came back 1.50\" apart — under wallFromPair's 0.2 ft (2.4\") thickness floor"
A-401__overridden-dims,main,ENLARGED STAIR,FR-H,F1,true,true,,18.38,17.95,18.38,14.5,0,0.00,0.00,-100.0,-100.0,0.00,MISSED,"only one face reached the reader, or the faces came back 1.50\" apart — under wallFromPair's 0.2 ft (2.4\") thickness floor"
A-401__overridden-dims,main,ENLARGED STAIR,EL-H,C1,true,true,,2.00,1.56,2.00,14.5,0,0.00,0.00,-100.0,-100.0,0.00,MISSED,"every face piece is under the 2 ft minimum run (wallsFromStrokes' input floor)"
A-401__half-11x17,main,ENLARGED RESTROOMS,X-S,EXT-1,true,true,,45.00,43.82,45.00,14.5,1,21.42,21.42,-52.4,-51.1,0.00,PARTIAL,"wallsFromStrokes series test (inAHatchSeries): the type is drawn as 5 parallel lines, so every pair of its faces has a third line continuing the spacing"
A-401__half-11x17,main,ENLARGED RESTROOMS,X-E,EXT-1,true,true,,45.67,39.98,41.67,14.5,3,35.09,35.09,-23.1,-12.2,0.00,PARTIAL,"wallsFromStrokes series test (inAHatchSeries): the type is drawn as 5 parallel lines, so every pair of its faces has a third line continuing the spacing"
A-401__half-11x17,main,ENLARGED RESTROOMS,C-S,A1,true,true,,45.00,37.02,39.00,10.5,6,40.70,40.70,-9.6,9.9,0.00,FOUND,""
A-401__half-11x17,main,ENLARGED RESTROOMS,S-165,A1,true,true,,43.67,42.69,43.67,10.5,1,32.58,32.58,-25.4,-23.7,0.00,PARTIAL,"wallsFromStrokes one-face-one-use: the faces are broken into pieces (openings, T junctions, columns) and the long piece is spent on one partner, stranding the rest"
A-401__half-11x17,main,ENLARGED RESTROOMS,RR-10,A2,true,true,,43.00,35.22,37.00,14.5,6,35.51,35.51,-17.4,0.8,0.00,FOUND,""
A-401__half-11x17,main,ENLARGED RESTROOMS,RR-CH,D1,true,true,,33.00,32.59,33.00,14.5,1,32.80,32.80,-0.6,0.6,0.00,FOUND,""
A-401__half-11x17,main,ENLARGED RESTROOMS,EL-RM,A1,true,true,,10.67,10.09,10.67,10.5,1,10.09,10.09,-5.4,-0.0,0.00,FOUND,""
A-401__half-11x17,main,ENLARGED STAIR,X-E,EXT-1,true,true,,32.67,31.57,32.67,14.5,1,17.99,17.99,-44.9,-43.0,0.00,PARTIAL,"wallsFromStrokes series test (inAHatchSeries): the type is drawn as 5 parallel lines, so every pair of its faces has a third line continuing the spacing"
A-401__half-11x17,main,ENLARGED STAIR,X-N,EXT-2,true,true,,20.00,15.87,17.00,14.5,3,16.76,16.76,-16.2,5.6,0.00,FOUND,""
A-401__half-11x17,main,ENLARGED STAIR,ST-V,CMU,false,true,,30.67,29.61,30.67,14.5,1,13.80,13.80,-55.0,-53.4,0.00,PARTIAL,"wallsFromStrokes series test (inAHatchSeries): a 16.2 ft parallel line 5.5\" off centre continues the face spacing — wall (A-WALL)"
A-401__half-11x17,main,ENLARGED STAIR,ST-H,CMU,false,true,,18.00,17.31,18.00,14.5,0,0.00,0.00,-100.0,-100.0,0.00,MISSED,"wallsFromStrokes series test (inAHatchSeries): a 18.1 ft parallel line 5.4\" off centre continues the face spacing — wall (A-WALL)"
A-401__half-11x17,main,ENLARGED STAIR,FR-V,F1,true,true,,31.05,30.25,31.05,14.5,0,0.00,0.00,-100.0,-100.0,0.00,MISSED,"only one face reached the reader, or the faces came back 1.50\" apart — under wallFromPair's 0.2 ft (2.4\") thickness floor"
A-401__half-11x17,main,ENLARGED STAIR,FR-H,F1,true,true,,18.38,17.95,18.38,14.5,0,0.00,0.00,-100.0,-100.0,0.00,MISSED,"only one face reached the reader, or the faces came back 1.50\" apart — under wallFromPair's 0.2 ft (2.4\") thickness floor"
A-401__half-11x17,main,ENLARGED STAIR,EL-H,C1,true,true,,2.00,1.56,2.00,14.5,0,0.00,0.00,-100.0,-100.0,0.00,MISSED,"every face piece is under the 2 ft minimum run (wallsFromStrokes' input floor)"
S-101__clean,main,LEVEL 2 FRAMING PLAN,2X-S,EXT-1,true,false,repeated from the floor plan,208.67,191.11,192.67,13,0,0.00,0.00,-100.0,-100.0,0.00,NOT_COUNTED,""
S-101__clean,main,LEVEL 2 FRAMING PLAN,2X-E,EXT-1,true,false,repeated from the floor plan,93.33,91.18,93.33,13,0,0.00,0.00,-100.0,-100.0,0.00,NOT_COUNTED,""
S-101__clean,main,LEVEL 2 FRAMING PLAN,2X-N,EXT-2,true,false,repeated from the floor plan,208.67,186.08,188.67,13,0,0.00,0.00,-100.0,-100.0,0.00,NOT_COUNTED,""
S-101__clean,main,LEVEL 2 FRAMING PLAN,2X-W,EXT-1,true,false,repeated from the floor plan,93.33,91.41,93.33,13,0,0.00,0.00,-100.0,-100.0,0.00,NOT_COUNTED,""
S-101__clean,main,LEVEL 2 FRAMING PLAN,2C-S,A1,true,false,repeated from the floor plan,150.67,115.62,120.67,9.5,0,0.00,0.00,-100.0,-100.0,0.00,NOT_COUNTED,""
S-101__clean,main,LEVEL 2 FRAMING PLAN,2C-N,A1,true,false,repeated from the floor plan,144.67,143.11,144.67,9.5,0,0.00,0.00,-100.0,-100.0,0.00,NOT_COUNTED,""
S-101__clean,main,LEVEL 2 FRAMING PLAN,2C-W,A1,true,false,repeated from the floor plan,46.67,39.52,40.67,9.5,0,0.00,0.00,-100.0,-100.0,0.00,NOT_COUNTED,""
S-101__clean,main,LEVEL 2 FRAMING PLAN,2C-E,A1,true,false,repeated from the floor plan,52.67,52.13,52.67,9.5,0,0.00,0.00,-100.0,-100.0,0.00,NOT_COUNTED,""
S-101__clean,main,LEVEL 2 FRAMING PLAN,2S-BK,A1,true,false,repeated from the floor plan,120.00,115.94,120.00,9.5,0,0.00,0.00,-100.0,-100.0,0.00,NOT_COUNTED,""
S-101__clean,main,LEVEL 2 FRAMING PLAN,2S-12,A1,true,false,repeated from the floor plan,18.00,17.59,18.00,9.5,0,0.00,0.00,-100.0,-100.0,0.00,NOT_COUNTED,""
S-101__clean,main,LEVEL 2 FRAMING PLAN,2S-24,A1,true,false,repeated from the floor plan,18.00,17.59,18.00,9.5,0,0.00,0.00,-100.0,-100.0,0.00,NOT_COUNTED,""
S-101__clean,main,LEVEL 2 FRAMING PLAN,2S-36,A1,true,false,repeated from the floor plan,18.00,17.59,18.00,9.5,0,0.00,0.00,-100.0,-100.0,0.00,NOT_COUNTED,""
S-101__clean,main,LEVEL 2 FRAMING PLAN,2S-48,A1,true,false,repeated from the floor plan,18.00,17.59,18.00,9.5,0,0.00,0.00,-100.0,-100.0,0.00,NOT_COUNTED,""
S-101__clean,main,LEVEL 2 FRAMING PLAN,2S-60,A1,true,false,repeated from the floor plan,18.00,16.59,18.00,9.5,0,0.00,0.00,-100.0,-100.0,0.00,NOT_COUNTED,""
S-101__clean,main,LEVEL 2 FRAMING PLAN,2S-72,A1,true,false,repeated from the floor plan,18.00,17.59,18.00,9.5,0,0.00,0.00,-100.0,-100.0,0.00,NOT_COUNTED,""
S-101__clean,main,LEVEL 2 FRAMING PLAN,2S-84,A1,true,false,repeated from the floor plan,18.00,17.59,18.00,9.5,0,0.00,0.00,-100.0,-100.0,0.00,NOT_COUNTED,""
S-101__clean,main,LEVEL 2 FRAMING PLAN,2S-96,A1,true,false,repeated from the floor plan,18.00,17.59,18.00,9.5,0,0.00,0.00,-100.0,-100.0,0.00,NOT_COUNTED,""
S-101__clean,main,LEVEL 2 FRAMING PLAN,2S-108,A1,true,false,repeated from the floor plan,18.00,17.59,18.00,9.5,0,0.00,0.00,-100.0,-100.0,0.00,NOT_COUNTED,""
S-101__clean,main,LEVEL 2 FRAMING PLAN,2S-120,A1,true,false,repeated from the floor plan,18.00,17.59,18.00,9.5,0,0.00,0.00,-100.0,-100.0,0.00,NOT_COUNTED,""
S-101__clean,main,LEVEL 2 FRAMING PLAN,2S-132,A1,true,false,repeated from the floor plan,18.00,17.59,18.00,9.5,0,0.00,0.00,-100.0,-100.0,0.00,NOT_COUNTED,""
S-101__clean,main,LEVEL 2 FRAMING PLAN,2S-SH,A1,true,false,repeated from the floor plan,22.67,22.09,22.67,9.5,0,0.00,0.00,-100.0,-100.0,0.00,NOT_COUNTED,""
S-101__clean,main,LEVEL 2 FRAMING PLAN,2N-1,A2,true,false,repeated from the floor plan,40.67,40.09,40.67,13,0,0.00,0.00,-100.0,-100.0,0.00,NOT_COUNTED,""
S-101__clean,main,LEVEL 2 FRAMING PLAN,2N-2,A2,true,false,repeated from the floor plan,24.00,23.59,24.00,13,0,0.00,0.00,-100.0,-100.0,0.00,NOT_COUNTED,""
S-101__clean,main,LEVEL 2 FRAMING PLAN,2N-3,B1,true,false,repeated from the floor plan,44.00,42.80,44.00,13,0,0.00,0.00,-100.0,-100.0,0.00,NOT_COUNTED,""
S-101__clean,main,LEVEL 2 FRAMING PLAN,2N-45,A1,true,false,repeated from the floor plan,12.00,11.51,12.00,9.5,0,0.00,0.00,-100.0,-100.0,0.00,NOT_COUNTED,""
S-101__clean,main,LEVEL 2 FRAMING PLAN,2ST-V,CMU,false,false,repeated from the floor plan,30.67,29.61,30.67,13,0,0.00,0.00,-100.0,-100.0,0.00,NOT_COUNTED,""
S-101__clean,main,LEVEL 2 FRAMING PLAN,2ST-H,CMU,false,false,repeated from the floor plan,18.00,17.31,18.00,13,0,0.00,0.00,-100.0,-100.0,0.00,NOT_COUNTED,""
S-101__clean,main,LEVEL 2 FRAMING PLAN,2EL-V,C1,true,false,repeated from the floor plan,14.67,14.13,14.67,13,0,0.00,0.00,-100.0,-100.0,0.00,NOT_COUNTED,""
S-101__clean,main,LEVEL 2 FRAMING PLAN,2EL-H,C1,true,false,repeated from the floor plan,12.00,11.48,12.00,13,0,0.00,0.00,-100.0,-100.0,0.00,NOT_COUNTED,""
S-101__clean,main,LEVEL 2 FRAMING PLAN,2RR-10,A2,true,false,repeated from the floor plan,43.00,41.22,43.00,13,0,0.00,0.00,-100.0,-100.0,0.00,NOT_COUNTED,""
S-101__clean,main,LEVEL 2 FRAMING PLAN,2RR-CH,D1,true,false,repeated from the floor plan,30.00,29.59,30.00,13,0,0.00,0.00,-100.0,-100.0,0.00,NOT_COUNTED,""
S-101__clean,main,LEVEL 2 FRAMING PLAN,2RR-W,A1,true,false,repeated from the floor plan,40.67,39.69,40.67,9.5,0,0.00,0.00,-100.0,-100.0,0.00,NOT_COUNTED,""
S-101__clean,main,LEVEL 2 FRAMING PLAN,2RR-C,A1,true,false,repeated from the floor plan,58.00,49.81,52.00,9.5,0,0.00,0.00,-100.0,-100.0,0.00,NOT_COUNTED,""
S-101__revit,main,LEVEL 2 FRAMING PLAN,2X-S,EXT-1,true,false,repeated from the floor plan,208.67,191.11,192.67,13,0,0.00,0.00,-100.0,-100.0,0.00,NOT_COUNTED,""
S-101__revit,main,LEVEL 2 FRAMING PLAN,2X-E,EXT-1,true,false,repeated from the floor plan,93.33,91.18,93.33,13,0,0.00,0.00,-100.0,-100.0,0.00,NOT_COUNTED,""
S-101__revit,main,LEVEL 2 FRAMING PLAN,2X-N,EXT-2,true,false,repeated from the floor plan,208.67,186.08,188.67,13,0,0.00,0.00,-100.0,-100.0,0.00,NOT_COUNTED,""
S-101__revit,main,LEVEL 2 FRAMING PLAN,2X-W,EXT-1,true,false,repeated from the floor plan,93.33,91.41,93.33,13,0,0.00,0.00,-100.0,-100.0,0.00,NOT_COUNTED,""
S-101__revit,main,LEVEL 2 FRAMING PLAN,2C-S,A1,true,false,repeated from the floor plan,150.67,115.62,120.67,9.5,0,0.00,0.00,-100.0,-100.0,0.00,NOT_COUNTED,""
S-101__revit,main,LEVEL 2 FRAMING PLAN,2C-N,A1,true,false,repeated from the floor plan,144.67,143.11,144.67,9.5,0,0.00,0.00,-100.0,-100.0,0.00,NOT_COUNTED,""
S-101__revit,main,LEVEL 2 FRAMING PLAN,2C-W,A1,true,false,repeated from the floor plan,46.67,39.52,40.67,9.5,0,0.00,0.00,-100.0,-100.0,0.00,NOT_COUNTED,""
S-101__revit,main,LEVEL 2 FRAMING PLAN,2C-E,A1,true,false,repeated from the floor plan,52.67,52.13,52.67,9.5,0,0.00,0.00,-100.0,-100.0,0.00,NOT_COUNTED,""
S-101__revit,main,LEVEL 2 FRAMING PLAN,2S-BK,A1,true,false,repeated from the floor plan,120.00,115.94,120.00,9.5,0,0.00,0.00,-100.0,-100.0,0.00,NOT_COUNTED,""
S-101__revit,main,LEVEL 2 FRAMING PLAN,2S-12,A1,true,false,repeated from the floor plan,18.00,17.59,18.00,9.5,0,0.00,0.00,-100.0,-100.0,0.00,NOT_COUNTED,""
S-101__revit,main,LEVEL 2 FRAMING PLAN,2S-24,A1,true,false,repeated from the floor plan,18.00,17.59,18.00,9.5,0,0.00,0.00,-100.0,-100.0,0.00,NOT_COUNTED,""
S-101__revit,main,LEVEL 2 FRAMING PLAN,2S-36,A1,true,false,repeated from the floor plan,18.00,17.59,18.00,9.5,0,0.00,0.00,-100.0,-100.0,0.00,NOT_COUNTED,""
S-101__revit,main,LEVEL 2 FRAMING PLAN,2S-48,A1,true,false,repeated from the floor plan,18.00,17.59,18.00,9.5,0,0.00,0.00,-100.0,-100.0,0.00,NOT_COUNTED,""
S-101__revit,main,LEVEL 2 FRAMING PLAN,2S-60,A1,true,false,repeated from the floor plan,18.00,16.59,18.00,9.5,0,0.00,0.00,-100.0,-100.0,0.00,NOT_COUNTED,""
S-101__revit,main,LEVEL 2 FRAMING PLAN,2S-72,A1,true,false,repeated from the floor plan,18.00,17.59,18.00,9.5,0,0.00,0.00,-100.0,-100.0,0.00,NOT_COUNTED,""
S-101__revit,main,LEVEL 2 FRAMING PLAN,2S-84,A1,true,false,repeated from the floor plan,18.00,17.59,18.00,9.5,0,0.00,0.00,-100.0,-100.0,0.00,NOT_COUNTED,""
S-101__revit,main,LEVEL 2 FRAMING PLAN,2S-96,A1,true,false,repeated from the floor plan,18.00,17.59,18.00,9.5,0,0.00,0.00,-100.0,-100.0,0.00,NOT_COUNTED,""
S-101__revit,main,LEVEL 2 FRAMING PLAN,2S-108,A1,true,false,repeated from the floor plan,18.00,17.59,18.00,9.5,0,0.00,0.00,-100.0,-100.0,0.00,NOT_COUNTED,""
S-101__revit,main,LEVEL 2 FRAMING PLAN,2S-120,A1,true,false,repeated from the floor plan,18.00,17.59,18.00,9.5,0,0.00,0.00,-100.0,-100.0,0.00,NOT_COUNTED,""
S-101__revit,main,LEVEL 2 FRAMING PLAN,2S-132,A1,true,false,repeated from the floor plan,18.00,17.59,18.00,9.5,0,0.00,0.00,-100.0,-100.0,0.00,NOT_COUNTED,""
S-101__revit,main,LEVEL 2 FRAMING PLAN,2S-SH,A1,true,false,repeated from the floor plan,22.67,22.09,22.67,9.5,0,0.00,0.00,-100.0,-100.0,0.00,NOT_COUNTED,""
S-101__revit,main,LEVEL 2 FRAMING PLAN,2N-1,A2,true,false,repeated from the floor plan,40.67,40.09,40.67,13,0,0.00,0.00,-100.0,-100.0,0.00,NOT_COUNTED,""
S-101__revit,main,LEVEL 2 FRAMING PLAN,2N-2,A2,true,false,repeated from the floor plan,24.00,23.59,24.00,13,0,0.00,0.00,-100.0,-100.0,0.00,NOT_COUNTED,""
S-101__revit,main,LEVEL 2 FRAMING PLAN,2N-3,B1,true,false,repeated from the floor plan,44.00,42.80,44.00,13,0,0.00,0.00,-100.0,-100.0,0.00,NOT_COUNTED,""
S-101__revit,main,LEVEL 2 FRAMING PLAN,2N-45,A1,true,false,repeated from the floor plan,12.00,11.51,12.00,9.5,0,0.00,0.00,-100.0,-100.0,0.00,NOT_COUNTED,""
S-101__revit,main,LEVEL 2 FRAMING PLAN,2ST-V,CMU,false,false,repeated from the floor plan,30.67,29.61,30.67,13,0,0.00,0.00,-100.0,-100.0,0.00,NOT_COUNTED,""
S-101__revit,main,LEVEL 2 FRAMING PLAN,2ST-H,CMU,false,false,repeated from the floor plan,18.00,17.31,18.00,13,0,0.00,0.00,-100.0,-100.0,0.00,NOT_COUNTED,""
S-101__revit,main,LEVEL 2 FRAMING PLAN,2EL-V,C1,true,false,repeated from the floor plan,14.67,14.13,14.67,13,0,0.00,0.00,-100.0,-100.0,0.00,NOT_COUNTED,""
S-101__revit,main,LEVEL 2 FRAMING PLAN,2EL-H,C1,true,false,repeated from the floor plan,12.00,11.48,12.00,13,0,0.00,0.00,-100.0,-100.0,0.00,NOT_COUNTED,""
S-101__revit,main,LEVEL 2 FRAMING PLAN,2RR-10,A2,true,false,repeated from the floor plan,43.00,41.22,43.00,13,0,0.00,0.00,-100.0,-100.0,0.00,NOT_COUNTED,""
S-101__revit,main,LEVEL 2 FRAMING PLAN,2RR-CH,D1,true,false,repeated from the floor plan,30.00,29.59,30.00,13,0,0.00,0.00,-100.0,-100.0,0.00,NOT_COUNTED,""
S-101__revit,main,LEVEL 2 FRAMING PLAN,2RR-W,A1,true,false,repeated from the floor plan,40.67,39.69,40.67,9.5,0,0.00,0.00,-100.0,-100.0,0.00,NOT_COUNTED,""
S-101__revit,main,LEVEL 2 FRAMING PLAN,2RR-C,A1,true,false,repeated from the floor plan,58.00,49.81,52.00,9.5,0,0.00,0.00,-100.0,-100.0,0.00,NOT_COUNTED,""
S-101__autocad,main,LEVEL 2 FRAMING PLAN,2X-S,EXT-1,true,false,repeated from the floor plan,208.67,191.11,192.67,13,0,0.00,0.00,-100.0,-100.0,0.00,NOT_COUNTED,""
S-101__autocad,main,LEVEL 2 FRAMING PLAN,2X-E,EXT-1,true,false,repeated from the floor plan,93.33,91.18,93.33,13,0,0.00,0.00,-100.0,-100.0,0.00,NOT_COUNTED,""
S-101__autocad,main,LEVEL 2 FRAMING PLAN,2X-N,EXT-2,true,false,repeated from the floor plan,208.67,186.08,188.67,13,0,0.00,0.00,-100.0,-100.0,0.00,NOT_COUNTED,""
S-101__autocad,main,LEVEL 2 FRAMING PLAN,2X-W,EXT-1,true,false,repeated from the floor plan,93.33,91.41,93.33,13,0,0.00,0.00,-100.0,-100.0,0.00,NOT_COUNTED,""
S-101__autocad,main,LEVEL 2 FRAMING PLAN,2C-S,A1,true,false,repeated from the floor plan,150.67,115.62,120.67,9.5,0,0.00,0.00,-100.0,-100.0,0.00,NOT_COUNTED,""
S-101__autocad,main,LEVEL 2 FRAMING PLAN,2C-N,A1,true,false,repeated from the floor plan,144.67,143.11,144.67,9.5,0,0.00,0.00,-100.0,-100.0,0.00,NOT_COUNTED,""
S-101__autocad,main,LEVEL 2 FRAMING PLAN,2C-W,A1,true,false,repeated from the floor plan,46.67,39.52,40.67,9.5,0,0.00,0.00,-100.0,-100.0,0.00,NOT_COUNTED,""
S-101__autocad,main,LEVEL 2 FRAMING PLAN,2C-E,A1,true,false,repeated from the floor plan,52.67,52.13,52.67,9.5,0,0.00,0.00,-100.0,-100.0,0.00,NOT_COUNTED,""
S-101__autocad,main,LEVEL 2 FRAMING PLAN,2S-BK,A1,true,false,repeated from the floor plan,120.00,115.94,120.00,9.5,0,0.00,0.00,-100.0,-100.0,0.00,NOT_COUNTED,""
S-101__autocad,main,LEVEL 2 FRAMING PLAN,2S-12,A1,true,false,repeated from the floor plan,18.00,17.59,18.00,9.5,0,0.00,0.00,-100.0,-100.0,0.00,NOT_COUNTED,""
S-101__autocad,main,LEVEL 2 FRAMING PLAN,2S-24,A1,true,false,repeated from the floor plan,18.00,17.59,18.00,9.5,0,0.00,0.00,-100.0,-100.0,0.00,NOT_COUNTED,""
S-101__autocad,main,LEVEL 2 FRAMING PLAN,2S-36,A1,true,false,repeated from the floor plan,18.00,17.59,18.00,9.5,0,0.00,0.00,-100.0,-100.0,0.00,NOT_COUNTED,""
S-101__autocad,main,LEVEL 2 FRAMING PLAN,2S-48,A1,true,false,repeated from the floor plan,18.00,17.59,18.00,9.5,0,0.00,0.00,-100.0,-100.0,0.00,NOT_COUNTED,""
S-101__autocad,main,LEVEL 2 FRAMING PLAN,2S-60,A1,true,false,repeated from the floor plan,18.00,16.59,18.00,9.5,0,0.00,0.00,-100.0,-100.0,0.00,NOT_COUNTED,""
S-101__autocad,main,LEVEL 2 FRAMING PLAN,2S-72,A1,true,false,repeated from the floor plan,18.00,17.59,18.00,9.5,0,0.00,0.00,-100.0,-100.0,0.00,NOT_COUNTED,""
S-101__autocad,main,LEVEL 2 FRAMING PLAN,2S-84,A1,true,false,repeated from the floor plan,18.00,17.59,18.00,9.5,0,0.00,0.00,-100.0,-100.0,0.00,NOT_COUNTED,""
S-101__autocad,main,LEVEL 2 FRAMING PLAN,2S-96,A1,true,false,repeated from the floor plan,18.00,17.59,18.00,9.5,0,0.00,0.00,-100.0,-100.0,0.00,NOT_COUNTED,""
S-101__autocad,main,LEVEL 2 FRAMING PLAN,2S-108,A1,true,false,repeated from the floor plan,18.00,17.59,18.00,9.5,0,0.00,0.00,-100.0,-100.0,0.00,NOT_COUNTED,""
S-101__autocad,main,LEVEL 2 FRAMING PLAN,2S-120,A1,true,false,repeated from the floor plan,18.00,17.59,18.00,9.5,0,0.00,0.00,-100.0,-100.0,0.00,NOT_COUNTED,""
S-101__autocad,main,LEVEL 2 FRAMING PLAN,2S-132,A1,true,false,repeated from the floor plan,18.00,17.59,18.00,9.5,0,0.00,0.00,-100.0,-100.0,0.00,NOT_COUNTED,""
S-101__autocad,main,LEVEL 2 FRAMING PLAN,2S-SH,A1,true,false,repeated from the floor plan,22.67,22.09,22.67,9.5,0,0.00,0.00,-100.0,-100.0,0.00,NOT_COUNTED,""
S-101__autocad,main,LEVEL 2 FRAMING PLAN,2N-1,A2,true,false,repeated from the floor plan,40.67,40.09,40.67,13,0,0.00,0.00,-100.0,-100.0,0.00,NOT_COUNTED,""
S-101__autocad,main,LEVEL 2 FRAMING PLAN,2N-2,A2,true,false,repeated from the floor plan,24.00,23.59,24.00,13,0,0.00,0.00,-100.0,-100.0,0.00,NOT_COUNTED,""
S-101__autocad,main,LEVEL 2 FRAMING PLAN,2N-3,B1,true,false,repeated from the floor plan,44.00,42.80,44.00,13,0,0.00,0.00,-100.0,-100.0,0.00,NOT_COUNTED,""
S-101__autocad,main,LEVEL 2 FRAMING PLAN,2N-45,A1,true,false,repeated from the floor plan,12.00,11.51,12.00,9.5,0,0.00,0.00,-100.0,-100.0,0.00,NOT_COUNTED,""
S-101__autocad,main,LEVEL 2 FRAMING PLAN,2ST-V,CMU,false,false,repeated from the floor plan,30.67,29.61,30.67,13,0,0.00,0.00,-100.0,-100.0,0.00,NOT_COUNTED,""
S-101__autocad,main,LEVEL 2 FRAMING PLAN,2ST-H,CMU,false,false,repeated from the floor plan,18.00,17.31,18.00,13,0,0.00,0.00,-100.0,-100.0,0.00,NOT_COUNTED,""
S-101__autocad,main,LEVEL 2 FRAMING PLAN,2EL-V,C1,true,false,repeated from the floor plan,14.67,14.13,14.67,13,0,0.00,0.00,-100.0,-100.0,0.00,NOT_COUNTED,""
S-101__autocad,main,LEVEL 2 FRAMING PLAN,2EL-H,C1,true,false,repeated from the floor plan,12.00,11.48,12.00,13,0,0.00,0.00,-100.0,-100.0,0.00,NOT_COUNTED,""
S-101__autocad,main,LEVEL 2 FRAMING PLAN,2RR-10,A2,true,false,repeated from the floor plan,43.00,41.22,43.00,13,0,0.00,0.00,-100.0,-100.0,0.00,NOT_COUNTED,""
S-101__autocad,main,LEVEL 2 FRAMING PLAN,2RR-CH,D1,true,false,repeated from the floor plan,30.00,29.59,30.00,13,0,0.00,0.00,-100.0,-100.0,0.00,NOT_COUNTED,""
S-101__autocad,main,LEVEL 2 FRAMING PLAN,2RR-W,A1,true,false,repeated from the floor plan,40.67,39.69,40.67,9.5,0,0.00,0.00,-100.0,-100.0,0.00,NOT_COUNTED,""
S-101__autocad,main,LEVEL 2 FRAMING PLAN,2RR-C,A1,true,false,repeated from the floor plan,58.00,49.81,52.00,9.5,0,0.00,0.00,-100.0,-100.0,0.00,NOT_COUNTED,""
S-101__skia,main,LEVEL 2 FRAMING PLAN,2X-S,EXT-1,true,false,repeated from the floor plan,208.67,191.11,192.67,13,0,0.00,0.00,-100.0,-100.0,0.00,NOT_COUNTED,""
S-101__skia,main,LEVEL 2 FRAMING PLAN,2X-E,EXT-1,true,false,repeated from the floor plan,93.33,91.18,93.33,13,0,0.00,0.00,-100.0,-100.0,0.00,NOT_COUNTED,""
S-101__skia,main,LEVEL 2 FRAMING PLAN,2X-N,EXT-2,true,false,repeated from the floor plan,208.67,186.08,188.67,13,0,0.00,0.00,-100.0,-100.0,0.00,NOT_COUNTED,""
S-101__skia,main,LEVEL 2 FRAMING PLAN,2X-W,EXT-1,true,false,repeated from the floor plan,93.33,91.41,93.33,13,0,0.00,0.00,-100.0,-100.0,0.00,NOT_COUNTED,""
S-101__skia,main,LEVEL 2 FRAMING PLAN,2C-S,A1,true,false,repeated from the floor plan,150.67,115.62,120.67,9.5,0,0.00,0.00,-100.0,-100.0,0.00,NOT_COUNTED,""
S-101__skia,main,LEVEL 2 FRAMING PLAN,2C-N,A1,true,false,repeated from the floor plan,144.67,143.11,144.67,9.5,0,0.00,0.00,-100.0,-100.0,0.00,NOT_COUNTED,""
S-101__skia,main,LEVEL 2 FRAMING PLAN,2C-W,A1,true,false,repeated from the floor plan,46.67,39.52,40.67,9.5,0,0.00,0.00,-100.0,-100.0,0.00,NOT_COUNTED,""
S-101__skia,main,LEVEL 2 FRAMING PLAN,2C-E,A1,true,false,repeated from the floor plan,52.67,52.13,52.67,9.5,0,0.00,0.00,-100.0,-100.0,0.00,NOT_COUNTED,""
S-101__skia,main,LEVEL 2 FRAMING PLAN,2S-BK,A1,true,false,repeated from the floor plan,120.00,115.94,120.00,9.5,0,0.00,0.00,-100.0,-100.0,0.00,NOT_COUNTED,""
S-101__skia,main,LEVEL 2 FRAMING PLAN,2S-12,A1,true,false,repeated from the floor plan,18.00,17.59,18.00,9.5,0,0.00,0.00,-100.0,-100.0,0.00,NOT_COUNTED,""
S-101__skia,main,LEVEL 2 FRAMING PLAN,2S-24,A1,true,false,repeated from the floor plan,18.00,17.59,18.00,9.5,0,0.00,0.00,-100.0,-100.0,0.00,NOT_COUNTED,""
S-101__skia,main,LEVEL 2 FRAMING PLAN,2S-36,A1,true,false,repeated from the floor plan,18.00,17.59,18.00,9.5,0,0.00,0.00,-100.0,-100.0,0.00,NOT_COUNTED,""
S-101__skia,main,LEVEL 2 FRAMING PLAN,2S-48,A1,true,false,repeated from the floor plan,18.00,17.59,18.00,9.5,0,0.00,0.00,-100.0,-100.0,0.00,NOT_COUNTED,""
S-101__skia,main,LEVEL 2 FRAMING PLAN,2S-60,A1,true,false,repeated from the floor plan,18.00,16.59,18.00,9.5,0,0.00,0.00,-100.0,-100.0,0.00,NOT_COUNTED,""
S-101__skia,main,LEVEL 2 FRAMING PLAN,2S-72,A1,true,false,repeated from the floor plan,18.00,17.59,18.00,9.5,0,0.00,0.00,-100.0,-100.0,0.00,NOT_COUNTED,""
S-101__skia,main,LEVEL 2 FRAMING PLAN,2S-84,A1,true,false,repeated from the floor plan,18.00,17.59,18.00,9.5,0,0.00,0.00,-100.0,-100.0,0.00,NOT_COUNTED,""
S-101__skia,main,LEVEL 2 FRAMING PLAN,2S-96,A1,true,false,repeated from the floor plan,18.00,17.59,18.00,9.5,0,0.00,0.00,-100.0,-100.0,0.00,NOT_COUNTED,""
S-101__skia,main,LEVEL 2 FRAMING PLAN,2S-108,A1,true,false,repeated from the floor plan,18.00,17.59,18.00,9.5,0,0.00,0.00,-100.0,-100.0,0.00,NOT_COUNTED,""
S-101__skia,main,LEVEL 2 FRAMING PLAN,2S-120,A1,true,false,repeated from the floor plan,18.00,17.59,18.00,9.5,0,0.00,0.00,-100.0,-100.0,0.00,NOT_COUNTED,""
S-101__skia,main,LEVEL 2 FRAMING PLAN,2S-132,A1,true,false,repeated from the floor plan,18.00,17.59,18.00,9.5,0,0.00,0.00,-100.0,-100.0,0.00,NOT_COUNTED,""
S-101__skia,main,LEVEL 2 FRAMING PLAN,2S-SH,A1,true,false,repeated from the floor plan,22.67,22.09,22.67,9.5,0,0.00,0.00,-100.0,-100.0,0.00,NOT_COUNTED,""
S-101__skia,main,LEVEL 2 FRAMING PLAN,2N-1,A2,true,false,repeated from the floor plan,40.67,40.09,40.67,13,0,0.00,0.00,-100.0,-100.0,0.00,NOT_COUNTED,""
S-101__skia,main,LEVEL 2 FRAMING PLAN,2N-2,A2,true,false,repeated from the floor plan,24.00,23.59,24.00,13,0,0.00,0.00,-100.0,-100.0,0.00,NOT_COUNTED,""
S-101__skia,main,LEVEL 2 FRAMING PLAN,2N-3,B1,true,false,repeated from the floor plan,44.00,42.80,44.00,13,0,0.00,0.00,-100.0,-100.0,0.00,NOT_COUNTED,""
S-101__skia,main,LEVEL 2 FRAMING PLAN,2N-45,A1,true,false,repeated from the floor plan,12.00,11.51,12.00,9.5,0,0.00,0.00,-100.0,-100.0,0.00,NOT_COUNTED,""
S-101__skia,main,LEVEL 2 FRAMING PLAN,2ST-V,CMU,false,false,repeated from the floor plan,30.67,29.61,30.67,13,0,0.00,0.00,-100.0,-100.0,0.00,NOT_COUNTED,""
S-101__skia,main,LEVEL 2 FRAMING PLAN,2ST-H,CMU,false,false,repeated from the floor plan,18.00,17.31,18.00,13,0,0.00,0.00,-100.0,-100.0,0.00,NOT_COUNTED,""
S-101__skia,main,LEVEL 2 FRAMING PLAN,2EL-V,C1,true,false,repeated from the floor plan,14.67,14.13,14.67,13,0,0.00,0.00,-100.0,-100.0,0.00,NOT_COUNTED,""
S-101__skia,main,LEVEL 2 FRAMING PLAN,2EL-H,C1,true,false,repeated from the floor plan,12.00,11.48,12.00,13,0,0.00,0.00,-100.0,-100.0,0.00,NOT_COUNTED,""
S-101__skia,main,LEVEL 2 FRAMING PLAN,2RR-10,A2,true,false,repeated from the floor plan,43.00,41.22,43.00,13,0,0.00,0.00,-100.0,-100.0,0.00,NOT_COUNTED,""
S-101__skia,main,LEVEL 2 FRAMING PLAN,2RR-CH,D1,true,false,repeated from the floor plan,30.00,29.59,30.00,13,0,0.00,0.00,-100.0,-100.0,0.00,NOT_COUNTED,""
S-101__skia,main,LEVEL 2 FRAMING PLAN,2RR-W,A1,true,false,repeated from the floor plan,40.67,39.69,40.67,9.5,0,0.00,0.00,-100.0,-100.0,0.00,NOT_COUNTED,""
S-101__skia,main,LEVEL 2 FRAMING PLAN,2RR-C,A1,true,false,repeated from the floor plan,58.00,49.81,52.00,9.5,0,0.00,0.00,-100.0,-100.0,0.00,NOT_COUNTED,""
M-101__clean,main,LEVEL 1 MECHANICAL PLAN,X-S,EXT-1,true,false,repeated from the floor plan,208.67,168.89,172.67,14.5,1,28.41,28.41,-86.4,-83.2,0.00,NOT_COUNTED_AND_FOUND,""
M-101__clean,main,LEVEL 1 MECHANICAL PLAN,X-E,EXT-1,true,false,repeated from the floor plan,93.33,79.65,82.33,14.5,1,39.01,38.67,-58.2,-51.0,0.00,NOT_COUNTED_AND_FOUND,""
M-101__clean,main,LEVEL 1 MECHANICAL PLAN,X-N,EXT-2,true,false,repeated from the floor plan,208.67,170.13,175.67,14.5,0,0.00,0.00,-100.0,-100.0,0.00,NOT_COUNTED,""
M-101__clean,main,LEVEL 1 MECHANICAL PLAN,X-W,EXT-1,true,false,repeated from the floor plan,93.33,84.22,85.33,14.5,1,41.00,41.00,-56.1,-51.3,0.00,NOT_COUNTED_AND_FOUND,""
M-101__clean,main,LEVEL 1 MECHANICAL PLAN,SF-1,SF,false,false,repeated from the floor plan,20.00,0.00,0.00,10,0,0.00,0.00,-100.0,,0.00,NOT_COUNTED,""
M-101__clean,main,LEVEL 1 MECHANICAL PLAN,C-S,A1,true,false,repeated from the floor plan,178.00,139.36,145.00,10.5,21,137.23,137.23,-22.9,-1.5,0.00,NOT_COUNTED_AND_FOUND,""
M-101__clean,main,LEVEL 1 MECHANICAL PLAN,C-N,A1,true,false,repeated from the floor plan,178.00,140.89,146.50,10.5,19,134.28,134.28,-24.6,-4.7,0.00,NOT_COUNTED_AND_FOUND,""
M-101__clean,main,LEVEL 1 MECHANICAL PLAN,B-S,A1,true,false,repeated from the floor plan,43.67,40.89,43.67,10.5,2,39.59,39.59,-9.3,-3.2,0.00,NOT_COUNTED_AND_FOUND,""
M-101__clean,main,LEVEL 1 MECHANICAL PLAN,B-N,A1,true,false,repeated from the floor plan,43.67,40.89,43.67,10.5,2,35.59,35.59,-18.5,-13.0,0.00,NOT_COUNTED_AND_FOUND,""
M-101__clean,main,LEVEL 1 MECHANICAL PLAN,LB-1,A1,true,false,repeated from the floor plan,30.67,25.59,27.67,9,2,19.30,19.30,-37.1,-24.6,0.00,NOT_COUNTED_AND_FOUND,""
M-101__clean,main,LEVEL 1 MECHANICAL PLAN,LB-2,A1,true,false,repeated from the floor plan,32.67,29.13,29.67,10.5,3,31.59,31.59,-3.3,8.4,0.00,NOT_COUNTED_AND_FOUND,""
M-101__clean,main,LEVEL 1 MECHANICAL PLAN,RCP-ARC,A1,true,false,repeated from the floor plan,23.04,23.04,23.04,10.5,0,0.00,0.00,-100.0,-100.0,0.00,NOT_COUNTED,""
M-101__clean,main,LEVEL 1 MECHANICAL PLAN,LB-30,A1,true,false,repeated from the floor plan,10.00,10.00,10.00,10.5,1,10.00,10.00,-0.0,-0.0,0.00,NOT_COUNTED_AND_FOUND,""
M-101__clean,main,LEVEL 1 MECHANICAL PLAN,N-BK,A1,true,false,repeated from the floor plan,87.33,76.10,78.33,10.5,8,79.15,79.15,-9.4,4.0,0.00,NOT_COUNTED_AND_FOUND,""
M-101__clean,main,LEVEL 1 MECHANICAL PLAN,N-EX40,A2,true,false,repeated from the floor plan,17.00,16.59,17.00,14.5,1,16.73,16.73,-1.6,0.8,0.00,NOT_COUNTED_AND_FOUND,""
M-101__clean,main,LEVEL 1 MECHANICAL PLAN,N-EX50,A2,true,false,repeated from the floor plan,17.00,16.59,17.00,14.5,1,17.01,17.00,0.1,2.5,0.00,NOT_COUNTED_AND_FOUND,""
M-101__clean,main,LEVEL 1 MECHANICAL PLAN,N-EX60,A2,true,false,repeated from the floor plan,17.00,15.59,17.00,14.5,2,15.59,15.59,-8.3,0.0,0.00,NOT_COUNTED_AND_FOUND,""
M-101__clean,main,LEVEL 1 MECHANICAL PLAN,N-EX70,A2,true,false,repeated from the floor plan,17.00,16.59,17.00,14.5,1,16.94,16.93,-0.3,2.1,0.00,NOT_COUNTED_AND_FOUND,""
M-101__clean,main,LEVEL 1 MECHANICAL PLAN,N-EX80,A2,true,false,repeated from the floor plan,17.00,16.59,17.00,14.5,1,16.73,16.73,-1.6,0.8,0.00,NOT_COUNTED_AND_FOUND,""
M-101__clean,main,LEVEL 1 MECHANICAL PLAN,N-D,B1,true,false,repeated from the floor plan,43.67,37.89,40.67,14.5,5,40.42,40.42,-7.4,6.7,0.00,NOT_COUNTED_AND_FOUND,""
M-101__clean,main,LEVEL 1 MECHANICAL PLAN,N-OF50,A1,true,false,repeated from the floor plan,26.67,26.13,26.67,10.5,1,26.32,26.32,-1.3,0.7,0.00,NOT_COUNTED_AND_FOUND,""
M-101__clean,main,LEVEL 1 MECHANICAL PLAN,N-OF70,A1,true,false,repeated from the floor plan,26.67,26.13,26.67,10.5,1,26.32,26.32,-1.3,0.7,0.00,NOT_COUNTED_AND_FOUND,""
M-101__clean,main,LEVEL 1 MECHANICAL PLAN,NS-45,A1,true,false,repeated from the floor plan,8.49,7.91,8.49,10.5,1,8.20,8.20,-3.3,3.7,0.00,NOT_COUNTED_AND_FOUND,""
M-101__clean,main,LEVEL 1 MECHANICAL PLAN,NS-H,A1,true,false,repeated from the floor plan,12.00,8.71,9.00,10.5,3,11.55,11.53,-3.7,32.6,0.00,NOT_COUNTED_AND_FOUND,""
M-101__clean,main,LEVEL 1 MECHANICAL PLAN,NS-V,A1,true,false,repeated from the floor plan,6.00,5.59,6.00,10.5,1,5.98,5.97,-0.4,6.8,0.00,NOT_COUNTED_AND_FOUND,""
M-101__clean,main,LEVEL 1 MECHANICAL PLAN,N-E,A1,true,false,repeated from the floor plan,43.67,36.96,39.67,10.5,4,35.32,35.32,-19.1,-4.5,0.00,NOT_COUNTED_AND_FOUND,""
M-101__clean,main,LEVEL 1 MECHANICAL PLAN,CF-17,A1,true,false,repeated from the floor plan,18.00,17.72,18.00,10.5,1,17.72,17.72,-1.5,-0.0,0.00,NOT_COUNTED_AND_FOUND,""
M-101__clean,main,LEVEL 1 MECHANICAL PLAN,N-F,A1,true,false,repeated from the floor plan,43.67,34.69,37.67,10.5,3,27.99,27.99,-35.9,-19.3,0.00,NOT_COUNTED_AND_FOUND,""
M-101__clean,main,LEVEL 1 MECHANICAL PLAN,IM-V,B1,true,false,repeated from the floor plan,43.67,42.52,43.67,14.5,2,32.64,32.64,-25.2,-23.2,0.00,NOT_COUNTED_AND_FOUND,""
M-101__clean,main,LEVEL 1 MECHANICAL PLAN,IM-H,B1,true,false,repeated from the floor plan,17.67,17.16,17.67,14.5,1,17.16,17.16,-2.9,-0.0,0.00,NOT_COUNTED_AND_FOUND,""
M-101__clean,main,LEVEL 1 MECHANICAL PLAN,ST-V,CMU,false,false,repeated from the floor plan,30.67,29.61,30.67,14.5,2,29.67,29.67,-3.3,0.2,0.00,NOT_COUNTED_AND_FOUND,""
M-101__clean,main,LEVEL 1 MECHANICAL PLAN,ST-H,CMU,false,false,repeated from the floor plan,18.00,17.31,18.00,14.5,1,17.02,16.97,-5.5,-1.7,0.00,NOT_COUNTED_AND_FOUND,""
M-101__clean,main,LEVEL 1 MECHANICAL PLAN,FR-V,F1,true,false,repeated from the floor plan,31.05,30.25,31.05,14.5,0,0.00,0.00,-100.0,-100.0,0.00,NOT_COUNTED,""
M-101__clean,main,LEVEL 1 MECHANICAL PLAN,FR-H,F1,true,false,repeated from the floor plan,18.38,17.95,18.38,14.5,0,0.00,0.00,-100.0,-100.0,0.00,NOT_COUNTED,""
M-101__clean,main,LEVEL 1 MECHANICAL PLAN,EL-V,C1,true,false,repeated from the floor plan,14.67,14.13,14.67,14.5,1,13.78,13.78,-6.0,-2.5,0.00,NOT_COUNTED_AND_FOUND,""
M-101__clean,main,LEVEL 1 MECHANICAL PLAN,EL-H,C1,true,false,repeated from the floor plan,12.00,11.36,12.00,14.5,1,11.60,11.60,-3.3,2.1,0.00,NOT_COUNTED_AND_FOUND,""
M-101__clean,main,LEVEL 1 MECHANICAL PLAN,S-BK,A1,true,false,repeated from the floor plan,57.33,49.20,51.33,10.5,6,37.98,37.98,-33.8,-22.8,0.00,NOT_COUNTED_AND_FOUND,""
M-101__clean,main,LEVEL 1 MECHANICAL PLAN,S-EX40,A2,true,false,repeated from the floor plan,15.00,14.59,15.00,14.5,1,14.82,14.80,-1.2,1.5,0.00,NOT_COUNTED_AND_FOUND,""
M-101__clean,main,LEVEL 1 MECHANICAL PLAN,S-EX50,A2,true,false,repeated from the floor plan,15.00,14.59,15.00,14.5,1,14.82,14.80,-1.2,1.5,0.00,NOT_COUNTED_AND_FOUND,""
M-101__clean,main,LEVEL 1 MECHANICAL PLAN,S-EX60,A2,true,false,repeated from the floor plan,15.00,13.59,15.00,14.5,1,12.30,12.30,-18.0,-9.5,0.00,NOT_COUNTED_AND_FOUND,""
M-101__clean,main,LEVEL 1 MECHANICAL PLAN,S-EX70,A2,true,false,repeated from the floor plan,15.00,14.59,15.00,14.5,1,14.82,14.80,-1.2,1.5,0.00,NOT_COUNTED_AND_FOUND,""
M-101__clean,main,LEVEL 1 MECHANICAL PLAN,S-EX80,A2,true,false,repeated from the floor plan,15.00,14.59,15.00,14.5,1,14.82,14.80,-1.2,1.5,0.00,NOT_COUNTED_AND_FOUND,""
M-101__clean,main,LEVEL 1 MECHANICAL PLAN,S-OF,A1,true,false,repeated from the floor plan,28.67,28.09,28.67,10.5,1,28.09,28.09,-2.0,0.0,0.00,NOT_COUNTED_AND_FOUND,""
M-101__clean,main,LEVEL 1 MECHANICAL PLAN,S-D,B1,true,false,repeated from the floor plan,43.67,37.48,40.67,14.5,4,30.49,30.49,-30.2,-18.7,0.00,NOT_COUNTED_AND_FOUND,""
M-101__clean,main,LEVEL 1 MECHANICAL PLAN,S-E,A1,true,false,repeated from the floor plan,43.67,40.89,43.67,10.5,3,40.89,40.89,-6.4,0.0,0.00,NOT_COUNTED_AND_FOUND,""
M-101__clean,main,LEVEL 1 MECHANICAL PLAN,S-20,A1,true,false,repeated from the floor plan,60.00,59.09,60.00,10.5,2,59.09,59.09,-1.5,0.0,0.00,NOT_COUNTED_AND_FOUND,""
M-101__clean,main,LEVEL 1 MECHANICAL PLAN,S-F,A1,true,false,repeated from the floor plan,43.67,40.89,43.67,10.5,2,31.59,31.59,-27.6,-22.7,0.00,NOT_COUNTED_AND_FOUND,""
M-101__clean,main,LEVEL 1 MECHANICAL PLAN,S-165,A1,true,false,repeated from the floor plan,43.67,42.69,43.67,10.5,2,42.74,42.72,-2.1,0.1,0.00,NOT_COUNTED_AND_FOUND,""
M-101__clean,main,LEVEL 1 MECHANICAL PLAN,RR-10,A2,true,false,repeated from the floor plan,43.00,35.22,37.00,14.5,6,40.79,40.78,-5.1,15.8,0.00,NOT_COUNTED_AND_FOUND,""
M-101__clean,main,LEVEL 1 MECHANICAL PLAN,RR-CH,D1,true,false,repeated from the floor plan,33.00,32.59,33.00,14.5,1,33.04,33.00,0.1,1.4,0.00,NOT_COUNTED_AND_FOUND,""
M-101__clean,main,LEVEL 1 MECHANICAL PLAN,EL-RM,A1,true,false,repeated from the floor plan,10.67,10.09,10.67,10.5,1,10.28,10.28,-3.7,1.8,0.00,NOT_COUNTED_AND_FOUND,""
M-101__revit,main,LEVEL 1 MECHANICAL PLAN,X-S,EXT-1,true,false,repeated from the floor plan,208.67,168.89,172.67,14.5,1,29.60,29.60,-85.8,-82.5,0.00,NOT_COUNTED_AND_FOUND,""
M-101__revit,main,LEVEL 1 MECHANICAL PLAN,X-E,EXT-1,true,false,repeated from the floor plan,93.33,79.65,82.33,14.5,1,39.01,38.67,-58.2,-51.0,0.00,NOT_COUNTED_AND_FOUND,""
M-101__revit,main,LEVEL 1 MECHANICAL PLAN,X-N,EXT-2,true,false,repeated from the floor plan,208.67,170.13,175.67,14.5,0,0.00,0.00,-100.0,-100.0,0.00,NOT_COUNTED,""
M-101__revit,main,LEVEL 1 MECHANICAL PLAN,X-W,EXT-1,true,false,repeated from the floor plan,93.33,84.22,85.33,14.5,1,41.00,41.00,-56.1,-51.3,0.00,NOT_COUNTED_AND_FOUND,""
M-101__revit,main,LEVEL 1 MECHANICAL PLAN,SF-1,SF,false,false,repeated from the floor plan,20.00,0.00,0.00,10,0,0.00,0.00,-100.0,,0.00,NOT_COUNTED,""
M-101__revit,main,LEVEL 1 MECHANICAL PLAN,C-S,A1,true,false,repeated from the floor plan,178.00,139.36,145.00,10.5,22,131.05,131.05,-26.4,-6.0,0.00,NOT_COUNTED_AND_FOUND,""
M-101__revit,main,LEVEL 1 MECHANICAL PLAN,C-N,A1,true,false,repeated from the floor plan,178.00,140.89,146.50,10.5,21,109.80,109.80,-38.3,-22.1,0.00,NOT_COUNTED_AND_FOUND,""
M-101__revit,main,LEVEL 1 MECHANICAL PLAN,B-S,A1,true,false,repeated from the floor plan,43.67,40.89,43.67,10.5,4,38.00,38.00,-13.0,-7.1,0.00,NOT_COUNTED_AND_FOUND,""
M-101__revit,main,LEVEL 1 MECHANICAL PLAN,B-N,A1,true,false,repeated from the floor plan,43.67,40.89,43.67,10.5,3,31.49,31.49,-27.9,-23.0,0.00,NOT_COUNTED_AND_FOUND,""
M-101__revit,main,LEVEL 1 MECHANICAL PLAN,LB-1,A1,true,false,repeated from the floor plan,30.67,25.59,27.67,9,4,22.06,22.06,-28.1,-13.8,0.00,NOT_COUNTED_AND_FOUND,""
M-101__revit,main,LEVEL 1 MECHANICAL PLAN,LB-2,A1,true,false,repeated from the floor plan,32.67,29.13,29.67,10.5,3,31.39,31.39,-3.9,7.8,0.00,NOT_COUNTED_AND_FOUND,""
M-101__revit,main,LEVEL 1 MECHANICAL PLAN,RCP-ARC,A1,true,false,repeated from the floor plan,23.04,23.04,23.04,10.5,0,0.00,0.00,-100.0,-100.0,0.00,NOT_COUNTED,""
M-101__revit,main,LEVEL 1 MECHANICAL PLAN,LB-30,A1,true,false,repeated from the floor plan,10.00,10.00,10.00,10.5,0,0.00,0.00,-100.0,-100.0,0.00,NOT_COUNTED,""
M-101__revit,main,LEVEL 1 MECHANICAL PLAN,N-BK,A1,true,false,repeated from the floor plan,87.33,76.10,78.33,10.5,7,76.69,76.69,-12.2,0.8,0.00,NOT_COUNTED_AND_FOUND,""
M-101__revit,main,LEVEL 1 MECHANICAL PLAN,N-EX40,A2,true,false,repeated from the floor plan,17.00,16.59,17.00,14.5,1,16.59,16.59,-2.4,0.0,0.00,NOT_COUNTED_AND_FOUND,""
M-101__revit,main,LEVEL 1 MECHANICAL PLAN,N-EX50,A2,true,false,repeated from the floor plan,17.00,16.59,17.00,14.5,1,16.59,16.59,-2.4,0.0,0.00,NOT_COUNTED_AND_FOUND,""
M-101__revit,main,LEVEL 1 MECHANICAL PLAN,N-EX60,A2,true,false,repeated from the floor plan,17.00,15.59,17.00,14.5,1,10.30,10.30,-39.4,-34.0,0.00,NOT_COUNTED_AND_FOUND,""
M-101__revit,main,LEVEL 1 MECHANICAL PLAN,N-EX70,A2,true,false,repeated from the floor plan,17.00,16.59,17.00,14.5,1,16.59,16.59,-2.4,0.0,0.00,NOT_COUNTED_AND_FOUND,""
M-101__revit,main,LEVEL 1 MECHANICAL PLAN,N-EX80,A2,true,false,repeated from the floor plan,17.00,16.59,17.00,14.5,1,16.59,16.59,-2.4,0.0,0.00,NOT_COUNTED_AND_FOUND,""
M-101__revit,main,LEVEL 1 MECHANICAL PLAN,N-D,B1,true,false,repeated from the floor plan,43.67,37.89,40.67,14.5,5,26.99,26.99,-38.2,-28.8,0.00,NOT_COUNTED_AND_FOUND,""
M-101__revit,main,LEVEL 1 MECHANICAL PLAN,N-OF50,A1,true,false,repeated from the floor plan,26.67,26.13,26.67,10.5,1,26.13,26.13,-2.0,0.0,0.00,NOT_COUNTED_AND_FOUND,""
M-101__revit,main,LEVEL 1 MECHANICAL PLAN,N-OF70,A1,true,false,repeated from the floor plan,26.67,26.13,26.67,10.5,1,26.13,26.13,-2.0,0.0,0.00,NOT_COUNTED_AND_FOUND,""
M-101__revit,main,LEVEL 1 MECHANICAL PLAN,NS-45,A1,true,false,repeated from the floor plan,8.49,7.91,8.49,10.5,1,7.96,7.95,-6.2,0.6,0.00,NOT_COUNTED_AND_FOUND,""
M-101__revit,main,LEVEL 1 MECHANICAL PLAN,NS-H,A1,true,false,repeated from the floor plan,12.00,8.71,9.00,10.5,2,8.81,8.80,-26.6,1.1,0.00,NOT_COUNTED_AND_FOUND,""
M-101__revit,main,LEVEL 1 MECHANICAL PLAN,NS-V,A1,true,false,repeated from the floor plan,6.00,5.59,6.00,10.5,1,5.70,5.70,-5.1,1.8,0.00,NOT_COUNTED_AND_FOUND,""
M-101__revit,main,LEVEL 1 MECHANICAL PLAN,N-E,A1,true,false,repeated from the floor plan,43.67,36.96,39.67,10.5,4,28.84,28.84,-34.0,-22.0,0.00,NOT_COUNTED_AND_FOUND,""
M-101__revit,main,LEVEL 1 MECHANICAL PLAN,CF-17,A1,true,false,repeated from the floor plan,18.00,17.72,18.00,10.5,1,12.12,12.12,-32.7,-31.6,0.00,NOT_COUNTED_AND_FOUND,""
M-101__revit,main,LEVEL 1 MECHANICAL PLAN,N-F,A1,true,false,repeated from the floor plan,43.67,34.69,37.67,10.5,8,22.31,22.31,-48.9,-35.7,0.00,NOT_COUNTED_AND_FOUND,""
M-101__revit,main,LEVEL 1 MECHANICAL PLAN,IM-V,B1,true,false,repeated from the floor plan,43.67,42.52,43.67,14.5,1,43.12,43.12,-1.2,1.4,0.00,NOT_COUNTED_AND_FOUND,""
M-101__revit,main,LEVEL 1 MECHANICAL PLAN,IM-H,B1,true,false,repeated from the floor plan,17.67,17.16,17.67,14.5,1,17.16,17.16,-2.9,-0.0,0.00,NOT_COUNTED_AND_FOUND,""
M-101__revit,main,LEVEL 1 MECHANICAL PLAN,ST-V,CMU,false,false,repeated from the floor plan,30.67,29.61,30.67,14.5,1,27.72,27.72,-9.6,-6.4,0.00,NOT_COUNTED_AND_FOUND,""
M-101__revit,main,LEVEL 1 MECHANICAL PLAN,ST-H,CMU,false,false,repeated from the floor plan,18.00,17.31,18.00,14.5,1,16.88,16.88,-6.3,-2.5,0.00,NOT_COUNTED_AND_FOUND,""
M-101__revit,main,LEVEL 1 MECHANICAL PLAN,FR-V,F1,true,false,repeated from the floor plan,31.05,30.25,31.05,14.5,0,0.00,0.00,-100.0,-100.0,0.00,NOT_COUNTED,""
M-101__revit,main,LEVEL 1 MECHANICAL PLAN,FR-H,F1,true,false,repeated from the floor plan,18.38,17.95,18.38,14.5,0,0.00,0.00,-100.0,-100.0,0.00,NOT_COUNTED,""
M-101__revit,main,LEVEL 1 MECHANICAL PLAN,EL-V,C1,true,false,repeated from the floor plan,14.67,14.13,14.67,14.5,1,13.78,13.78,-6.0,-2.5,0.00,NOT_COUNTED_AND_FOUND,""
M-101__revit,main,LEVEL 1 MECHANICAL PLAN,EL-H,C1,true,false,repeated from the floor plan,12.00,11.36,12.00,14.5,1,11.46,11.46,-4.5,0.9,0.00,NOT_COUNTED_AND_FOUND,""
M-101__revit,main,LEVEL 1 MECHANICAL PLAN,S-BK,A1,true,false,repeated from the floor plan,57.33,49.20,51.33,10.5,7,39.01,39.01,-32.0,-20.7,0.00,NOT_COUNTED_AND_FOUND,""
M-101__revit,main,LEVEL 1 MECHANICAL PLAN,S-EX40,A2,true,false,repeated from the floor plan,15.00,14.59,15.00,14.5,1,14.59,14.59,-2.7,0.0,0.00,NOT_COUNTED_AND_FOUND,""
M-101__revit,main,LEVEL 1 MECHANICAL PLAN,S-EX50,A2,true,false,repeated from the floor plan,15.00,14.59,15.00,14.5,1,14.59,14.59,-2.7,0.0,0.00,NOT_COUNTED_AND_FOUND,""
M-101__revit,main,LEVEL 1 MECHANICAL PLAN,S-EX60,A2,true,false,repeated from the floor plan,15.00,13.59,15.00,14.5,1,12.30,12.30,-18.0,-9.5,0.00,NOT_COUNTED_AND_FOUND,""
M-101__revit,main,LEVEL 1 MECHANICAL PLAN,S-EX70,A2,true,false,repeated from the floor plan,15.00,14.59,15.00,14.5,1,14.59,14.59,-2.7,0.0,0.00,NOT_COUNTED_AND_FOUND,""
M-101__revit,main,LEVEL 1 MECHANICAL PLAN,S-EX80,A2,true,false,repeated from the floor plan,15.00,14.59,15.00,14.5,1,14.59,14.59,-2.7,0.0,0.00,NOT_COUNTED_AND_FOUND,""
M-101__revit,main,LEVEL 1 MECHANICAL PLAN,S-OF,A1,true,false,repeated from the floor plan,28.67,28.09,28.67,10.5,1,28.09,28.09,-2.0,0.0,0.00,NOT_COUNTED_AND_FOUND,""
M-101__revit,main,LEVEL 1 MECHANICAL PLAN,S-D,B1,true,false,repeated from the floor plan,43.67,37.48,40.67,14.5,4,31.47,31.47,-27.9,-16.0,0.00,NOT_COUNTED_AND_FOUND,""
M-101__revit,main,LEVEL 1 MECHANICAL PLAN,S-E,A1,true,false,repeated from the floor plan,43.67,40.89,43.67,10.5,4,34.81,34.81,-20.3,-14.9,0.00,NOT_COUNTED_AND_FOUND,""
M-101__revit,main,LEVEL 1 MECHANICAL PLAN,S-20,A1,true,false,repeated from the floor plan,60.00,59.09,60.00,10.5,2,59.27,59.27,-1.2,0.3,0.00,NOT_COUNTED_AND_FOUND,""
M-101__revit,main,LEVEL 1 MECHANICAL PLAN,S-F,A1,true,false,repeated from the floor plan,43.67,40.89,43.67,10.5,4,27.82,27.82,-36.3,-32.0,0.00,NOT_COUNTED_AND_FOUND,""
M-101__revit,main,LEVEL 1 MECHANICAL PLAN,S-165,A1,true,false,repeated from the floor plan,43.67,42.69,43.67,10.5,2,41.77,41.77,-4.3,-2.1,0.00,NOT_COUNTED_AND_FOUND,""
M-101__revit,main,LEVEL 1 MECHANICAL PLAN,RR-10,A2,true,false,repeated from the floor plan,43.00,35.22,37.00,14.5,6,40.46,40.46,-5.9,14.9,0.00,NOT_COUNTED_AND_FOUND,""
M-101__revit,main,LEVEL 1 MECHANICAL PLAN,RR-CH,D1,true,false,repeated from the floor plan,33.00,32.59,33.00,14.5,2,32.62,32.58,-1.1,0.1,0.00,NOT_COUNTED_AND_FOUND,""
M-101__revit,main,LEVEL 1 MECHANICAL PLAN,EL-RM,A1,true,false,repeated from the floor plan,10.67,10.09,10.67,10.5,1,10.09,10.09,-5.4,0.0,0.00,NOT_COUNTED_AND_FOUND,""
M-101__autocad,main,LEVEL 1 MECHANICAL PLAN,X-S,EXT-1,true,false,repeated from the floor plan,208.67,168.89,172.67,14.5,0,0.00,0.00,-100.0,-100.0,0.00,NOT_COUNTED,""
M-101__autocad,main,LEVEL 1 MECHANICAL PLAN,X-E,EXT-1,true,false,repeated from the floor plan,93.33,79.65,82.33,14.5,0,0.00,0.00,-100.0,-100.0,0.00,NOT_COUNTED,""
M-101__autocad,main,LEVEL 1 MECHANICAL PLAN,X-N,EXT-2,true,false,repeated from the floor plan,208.67,170.13,175.67,14.5,0,0.00,0.00,-100.0,-100.0,0.00,NOT_COUNTED,""
M-101__autocad,main,LEVEL 1 MECHANICAL PLAN,X-W,EXT-1,true,false,repeated from the floor plan,93.33,84.22,85.33,14.5,0,0.00,0.00,-100.0,-100.0,0.00,NOT_COUNTED,""
M-101__autocad,main,LEVEL 1 MECHANICAL PLAN,SF-1,SF,false,false,repeated from the floor plan,20.00,0.00,0.00,10,0,0.00,0.00,-100.0,,0.00,NOT_COUNTED,""
M-101__autocad,main,LEVEL 1 MECHANICAL PLAN,C-S,A1,true,false,repeated from the floor plan,178.00,139.36,145.00,10.5,0,0.00,0.00,-100.0,-100.0,0.00,NOT_COUNTED,""
M-101__autocad,main,LEVEL 1 MECHANICAL PLAN,C-N,A1,true,false,repeated from the floor plan,178.00,140.89,146.50,10.5,0,0.00,0.00,-100.0,-100.0,0.00,NOT_COUNTED,""
M-101__autocad,main,LEVEL 1 MECHANICAL PLAN,B-S,A1,true,false,repeated from the floor plan,43.67,40.89,43.67,10.5,0,0.00,0.00,-100.0,-100.0,0.00,NOT_COUNTED,""
M-101__autocad,main,LEVEL 1 MECHANICAL PLAN,B-N,A1,true,false,repeated from the floor plan,43.67,40.89,43.67,10.5,0,0.00,0.00,-100.0,-100.0,0.00,NOT_COUNTED,""
M-101__autocad,main,LEVEL 1 MECHANICAL PLAN,LB-1,A1,true,false,repeated from the floor plan,30.67,25.59,27.67,9,0,0.00,0.00,-100.0,-100.0,0.00,NOT_COUNTED,""
M-101__autocad,main,LEVEL 1 MECHANICAL PLAN,LB-2,A1,true,false,repeated from the floor plan,32.67,29.13,29.67,10.5,0,0.00,0.00,-100.0,-100.0,0.00,NOT_COUNTED,""
M-101__autocad,main,LEVEL 1 MECHANICAL PLAN,RCP-ARC,A1,true,false,repeated from the floor plan,23.04,23.04,23.04,10.5,0,0.00,0.00,-100.0,-100.0,0.00,NOT_COUNTED,""
M-101__autocad,main,LEVEL 1 MECHANICAL PLAN,LB-30,A1,true,false,repeated from the floor plan,10.00,10.00,10.00,10.5,0,0.00,0.00,-100.0,-100.0,0.00,NOT_COUNTED,""
M-101__autocad,main,LEVEL 1 MECHANICAL PLAN,N-BK,A1,true,false,repeated from the floor plan,87.33,76.10,78.33,10.5,0,0.00,0.00,-100.0,-100.0,0.00,NOT_COUNTED,""
M-101__autocad,main,LEVEL 1 MECHANICAL PLAN,N-EX40,A2,true,false,repeated from the floor plan,17.00,16.59,17.00,14.5,0,0.00,0.00,-100.0,-100.0,0.00,NOT_COUNTED,""
M-101__autocad,main,LEVEL 1 MECHANICAL PLAN,N-EX50,A2,true,false,repeated from the floor plan,17.00,16.59,17.00,14.5,0,0.00,0.00,-100.0,-100.0,0.00,NOT_COUNTED,""
M-101__autocad,main,LEVEL 1 MECHANICAL PLAN,N-EX60,A2,true,false,repeated from the floor plan,17.00,15.59,17.00,14.5,0,0.00,0.00,-100.0,-100.0,0.00,NOT_COUNTED,""
M-101__autocad,main,LEVEL 1 MECHANICAL PLAN,N-EX70,A2,true,false,repeated from the floor plan,17.00,16.59,17.00,14.5,0,0.00,0.00,-100.0,-100.0,0.00,NOT_COUNTED,""
M-101__autocad,main,LEVEL 1 MECHANICAL PLAN,N-EX80,A2,true,false,repeated from the floor plan,17.00,16.59,17.00,14.5,0,0.00,0.00,-100.0,-100.0,0.00,NOT_COUNTED,""
M-101__autocad,main,LEVEL 1 MECHANICAL PLAN,N-D,B1,true,false,repeated from the floor plan,43.67,37.89,40.67,14.5,0,0.00,0.00,-100.0,-100.0,0.00,NOT_COUNTED,""
M-101__autocad,main,LEVEL 1 MECHANICAL PLAN,N-OF50,A1,true,false,repeated from the floor plan,26.67,26.13,26.67,10.5,0,0.00,0.00,-100.0,-100.0,0.00,NOT_COUNTED,""
M-101__autocad,main,LEVEL 1 MECHANICAL PLAN,N-OF70,A1,true,false,repeated from the floor plan,26.67,26.13,26.67,10.5,0,0.00,0.00,-100.0,-100.0,0.00,NOT_COUNTED,""
M-101__autocad,main,LEVEL 1 MECHANICAL PLAN,NS-45,A1,true,false,repeated from the floor plan,8.49,7.91,8.49,10.5,0,0.00,0.00,-100.0,-100.0,0.00,NOT_COUNTED,""
M-101__autocad,main,LEVEL 1 MECHANICAL PLAN,NS-H,A1,true,false,repeated from the floor plan,12.00,8.71,9.00,10.5,0,0.00,0.00,-100.0,-100.0,0.00,NOT_COUNTED,""
M-101__autocad,main,LEVEL 1 MECHANICAL PLAN,NS-V,A1,true,false,repeated from the floor plan,6.00,5.59,6.00,10.5,0,0.00,0.00,-100.0,-100.0,0.00,NOT_COUNTED,""
M-101__autocad,main,LEVEL 1 MECHANICAL PLAN,N-E,A1,true,false,repeated from the floor plan,43.67,36.96,39.67,10.5,0,0.00,0.00,-100.0,-100.0,0.00,NOT_COUNTED,""
M-101__autocad,main,LEVEL 1 MECHANICAL PLAN,CF-17,A1,true,false,repeated from the floor plan,18.00,17.72,18.00,10.5,0,0.00,0.00,-100.0,-100.0,0.00,NOT_COUNTED,""
M-101__autocad,main,LEVEL 1 MECHANICAL PLAN,N-F,A1,true,false,repeated from the floor plan,43.67,34.69,37.67,10.5,0,0.00,0.00,-100.0,-100.0,0.00,NOT_COUNTED,""
M-101__autocad,main,LEVEL 1 MECHANICAL PLAN,IM-V,B1,true,false,repeated from the floor plan,43.67,42.52,43.67,14.5,0,0.00,0.00,-100.0,-100.0,0.00,NOT_COUNTED,""
M-101__autocad,main,LEVEL 1 MECHANICAL PLAN,IM-H,B1,true,false,repeated from the floor plan,17.67,17.16,17.67,14.5,0,0.00,0.00,-100.0,-100.0,0.00,NOT_COUNTED,""
M-101__autocad,main,LEVEL 1 MECHANICAL PLAN,ST-V,CMU,false,false,repeated from the floor plan,30.67,29.61,30.67,14.5,0,0.00,0.00,-100.0,-100.0,0.00,NOT_COUNTED,""
M-101__autocad,main,LEVEL 1 MECHANICAL PLAN,ST-H,CMU,false,false,repeated from the floor plan,18.00,17.31,18.00,14.5,0,0.00,0.00,-100.0,-100.0,0.00,NOT_COUNTED,""
M-101__autocad,main,LEVEL 1 MECHANICAL PLAN,FR-V,F1,true,false,repeated from the floor plan,31.05,30.25,31.05,14.5,0,0.00,0.00,-100.0,-100.0,0.00,NOT_COUNTED,""
M-101__autocad,main,LEVEL 1 MECHANICAL PLAN,FR-H,F1,true,false,repeated from the floor plan,18.38,17.95,18.38,14.5,0,0.00,0.00,-100.0,-100.0,0.00,NOT_COUNTED,""
M-101__autocad,main,LEVEL 1 MECHANICAL PLAN,EL-V,C1,true,false,repeated from the floor plan,14.67,14.13,14.67,14.5,0,0.00,0.00,-100.0,-100.0,0.00,NOT_COUNTED,""
M-101__autocad,main,LEVEL 1 MECHANICAL PLAN,EL-H,C1,true,false,repeated from the floor plan,12.00,11.36,12.00,14.5,0,0.00,0.00,-100.0,-100.0,0.00,NOT_COUNTED,""
M-101__autocad,main,LEVEL 1 MECHANICAL PLAN,S-BK,A1,true,false,repeated from the floor plan,57.33,49.20,51.33,10.5,0,0.00,0.00,-100.0,-100.0,0.00,NOT_COUNTED,""
M-101__autocad,main,LEVEL 1 MECHANICAL PLAN,S-EX40,A2,true,false,repeated from the floor plan,15.00,14.59,15.00,14.5,0,0.00,0.00,-100.0,-100.0,0.00,NOT_COUNTED,""
M-101__autocad,main,LEVEL 1 MECHANICAL PLAN,S-EX50,A2,true,false,repeated from the floor plan,15.00,14.59,15.00,14.5,0,0.00,0.00,-100.0,-100.0,0.00,NOT_COUNTED,""
M-101__autocad,main,LEVEL 1 MECHANICAL PLAN,S-EX60,A2,true,false,repeated from the floor plan,15.00,13.59,15.00,14.5,0,0.00,0.00,-100.0,-100.0,0.00,NOT_COUNTED,""
M-101__autocad,main,LEVEL 1 MECHANICAL PLAN,S-EX70,A2,true,false,repeated from the floor plan,15.00,14.59,15.00,14.5,0,0.00,0.00,-100.0,-100.0,0.00,NOT_COUNTED,""
M-101__autocad,main,LEVEL 1 MECHANICAL PLAN,S-EX80,A2,true,false,repeated from the floor plan,15.00,14.59,15.00,14.5,0,0.00,0.00,-100.0,-100.0,0.00,NOT_COUNTED,""
M-101__autocad,main,LEVEL 1 MECHANICAL PLAN,S-OF,A1,true,false,repeated from the floor plan,28.67,28.09,28.67,10.5,0,0.00,0.00,-100.0,-100.0,0.00,NOT_COUNTED,""
M-101__autocad,main,LEVEL 1 MECHANICAL PLAN,S-D,B1,true,false,repeated from the floor plan,43.67,37.48,40.67,14.5,0,0.00,0.00,-100.0,-100.0,0.00,NOT_COUNTED,""
M-101__autocad,main,LEVEL 1 MECHANICAL PLAN,S-E,A1,true,false,repeated from the floor plan,43.67,40.89,43.67,10.5,0,0.00,0.00,-100.0,-100.0,0.00,NOT_COUNTED,""
M-101__autocad,main,LEVEL 1 MECHANICAL PLAN,S-20,A1,true,false,repeated from the floor plan,60.00,59.09,60.00,10.5,0,0.00,0.00,-100.0,-100.0,0.00,NOT_COUNTED,""
M-101__autocad,main,LEVEL 1 MECHANICAL PLAN,S-F,A1,true,false,repeated from the floor plan,43.67,40.89,43.67,10.5,0,0.00,0.00,-100.0,-100.0,0.00,NOT_COUNTED,""
M-101__autocad,main,LEVEL 1 MECHANICAL PLAN,S-165,A1,true,false,repeated from the floor plan,43.67,42.69,43.67,10.5,0,0.00,0.00,-100.0,-100.0,0.00,NOT_COUNTED,""
M-101__autocad,main,LEVEL 1 MECHANICAL PLAN,RR-10,A2,true,false,repeated from the floor plan,43.00,35.22,37.00,14.5,0,0.00,0.00,-100.0,-100.0,0.00,NOT_COUNTED,""
M-101__autocad,main,LEVEL 1 MECHANICAL PLAN,RR-CH,D1,true,false,repeated from the floor plan,33.00,32.59,33.00,14.5,0,0.00,0.00,-100.0,-100.0,0.00,NOT_COUNTED,""
M-101__autocad,main,LEVEL 1 MECHANICAL PLAN,EL-RM,A1,true,false,repeated from the floor plan,10.67,10.09,10.67,10.5,0,0.00,0.00,-100.0,-100.0,0.00,NOT_COUNTED,""
M-101__skia,main,LEVEL 1 MECHANICAL PLAN,X-S,EXT-1,true,false,repeated from the floor plan,208.67,168.89,172.67,14.5,9,64.56,64.56,-69.1,-61.8,0.00,NOT_COUNTED_AND_FOUND,""
M-101__skia,main,LEVEL 1 MECHANICAL PLAN,X-E,EXT-1,true,false,repeated from the floor plan,93.33,79.65,82.33,14.5,6,61.93,61.93,-33.6,-22.2,0.00,NOT_COUNTED_AND_FOUND,""
M-101__skia,main,LEVEL 1 MECHANICAL PLAN,X-N,EXT-2,true,false,repeated from the floor plan,208.67,170.13,175.67,14.5,14,93.24,93.24,-55.3,-45.2,0.00,NOT_COUNTED_AND_FOUND,""
M-101__skia,main,LEVEL 1 MECHANICAL PLAN,X-W,EXT-1,true,false,repeated from the floor plan,93.33,84.22,85.33,14.5,2,4.67,4.67,-95.0,-94.5,0.00,NOT_COUNTED_AND_FOUND,""
M-101__skia,main,LEVEL 1 MECHANICAL PLAN,SF-1,SF,false,false,repeated from the floor plan,20.00,0.00,0.00,10,0,0.00,0.00,-100.0,,0.00,NOT_COUNTED,""
M-101__skia,main,LEVEL 1 MECHANICAL PLAN,C-S,A1,true,false,repeated from the floor plan,178.00,139.36,145.00,10.5,22,140.04,140.04,-21.3,0.5,0.00,NOT_COUNTED_AND_FOUND,""
M-101__skia,main,LEVEL 1 MECHANICAL PLAN,C-N,A1,true,false,repeated from the floor plan,178.00,140.89,146.50,10.5,20,137.07,137.07,-23.0,-2.7,0.00,NOT_COUNTED_AND_FOUND,""
M-101__skia,main,LEVEL 1 MECHANICAL PLAN,B-S,A1,true,false,repeated from the floor plan,43.67,40.89,43.67,10.5,2,39.59,39.59,-9.3,-3.2,0.00,NOT_COUNTED_AND_FOUND,""
M-101__skia,main,LEVEL 1 MECHANICAL PLAN,B-N,A1,true,false,repeated from the floor plan,43.67,40.89,43.67,10.5,2,35.59,35.59,-18.5,-13.0,0.00,NOT_COUNTED_AND_FOUND,""
M-101__skia,main,LEVEL 1 MECHANICAL PLAN,LB-1,A1,true,false,repeated from the floor plan,30.67,25.59,27.67,9,2,19.30,19.30,-37.1,-24.6,0.00,NOT_COUNTED_AND_FOUND,""
M-101__skia,main,LEVEL 1 MECHANICAL PLAN,LB-2,A1,true,false,repeated from the floor plan,32.67,29.13,29.67,10.5,2,29.13,29.13,-10.8,0.0,0.00,NOT_COUNTED_AND_FOUND,""
M-101__skia,main,LEVEL 1 MECHANICAL PLAN,RCP-ARC,A1,true,false,repeated from the floor plan,23.04,23.04,23.04,10.5,0,0.00,0.00,-100.0,-100.0,0.00,NOT_COUNTED,""
M-101__skia,main,LEVEL 1 MECHANICAL PLAN,LB-30,A1,true,false,repeated from the floor plan,10.00,10.00,10.00,10.5,1,10.00,10.00,-0.0,-0.0,0.00,NOT_COUNTED_AND_FOUND,""
M-101__skia,main,LEVEL 1 MECHANICAL PLAN,N-BK,A1,true,false,repeated from the floor plan,87.33,76.10,78.33,10.5,9,81.68,81.68,-6.5,7.3,0.00,NOT_COUNTED_AND_FOUND,""
M-101__skia,main,LEVEL 1 MECHANICAL PLAN,N-EX40,A2,true,false,repeated from the floor plan,17.00,16.59,17.00,14.5,1,16.73,16.73,-1.6,0.8,0.00,NOT_COUNTED_AND_FOUND,""
M-101__skia,main,LEVEL 1 MECHANICAL PLAN,N-EX50,A2,true,false,repeated from the floor plan,17.00,16.59,17.00,14.5,1,17.01,17.00,0.1,2.5,0.00,NOT_COUNTED_AND_FOUND,""
M-101__skia,main,LEVEL 1 MECHANICAL PLAN,N-EX60,A2,true,false,repeated from the floor plan,17.00,15.59,17.00,14.5,2,15.59,15.59,-8.3,0.0,0.00,NOT_COUNTED_AND_FOUND,""
M-101__skia,main,LEVEL 1 MECHANICAL PLAN,N-EX70,A2,true,false,repeated from the floor plan,17.00,16.59,17.00,14.5,1,16.94,16.93,-0.3,2.1,0.00,NOT_COUNTED_AND_FOUND,""
M-101__skia,main,LEVEL 1 MECHANICAL PLAN,N-EX80,A2,true,false,repeated from the floor plan,17.00,16.59,17.00,14.5,1,16.59,16.59,-2.4,0.0,0.00,NOT_COUNTED_AND_FOUND,""
M-101__skia,main,LEVEL 1 MECHANICAL PLAN,N-D,B1,true,false,repeated from the floor plan,43.67,37.89,40.67,14.5,4,37.89,37.89,-13.2,0.0,0.00,NOT_COUNTED_AND_FOUND,""
M-101__skia,main,LEVEL 1 MECHANICAL PLAN,N-OF50,A1,true,false,repeated from the floor plan,26.67,26.13,26.67,10.5,1,26.32,26.32,-1.3,0.7,0.00,NOT_COUNTED_AND_FOUND,""
M-101__skia,main,LEVEL 1 MECHANICAL PLAN,N-OF70,A1,true,false,repeated from the floor plan,26.67,26.13,26.67,10.5,1,26.32,26.32,-1.3,0.7,0.00,NOT_COUNTED_AND_FOUND,""
M-101__skia,main,LEVEL 1 MECHANICAL PLAN,NS-45,A1,true,false,repeated from the floor plan,8.49,7.91,8.49,10.5,1,8.20,8.20,-3.3,3.7,0.00,NOT_COUNTED_AND_FOUND,""
M-101__skia,main,LEVEL 1 MECHANICAL PLAN,NS-H,A1,true,false,repeated from the floor plan,12.00,8.71,9.00,10.5,3,11.55,11.53,-3.7,32.6,0.00,NOT_COUNTED_AND_FOUND,""
M-101__skia,main,LEVEL 1 MECHANICAL PLAN,NS-V,A1,true,false,repeated from the floor plan,6.00,5.59,6.00,10.5,1,5.98,5.97,-0.4,6.8,0.00,NOT_COUNTED_AND_FOUND,""
M-101__skia,main,LEVEL 1 MECHANICAL PLAN,N-E,A1,true,false,repeated from the floor plan,43.67,36.96,39.67,10.5,4,33.32,33.32,-23.7,-9.9,0.00,NOT_COUNTED_AND_FOUND,""
M-101__skia,main,LEVEL 1 MECHANICAL PLAN,CF-17,A1,true,false,repeated from the floor plan,18.00,17.72,18.00,10.5,1,17.72,17.72,-1.5,-0.0,0.00,NOT_COUNTED_AND_FOUND,""
M-101__skia,main,LEVEL 1 MECHANICAL PLAN,N-F,A1,true,false,repeated from the floor plan,43.67,34.69,37.67,10.5,3,27.99,27.99,-35.9,-19.3,0.00,NOT_COUNTED_AND_FOUND,""
M-101__skia,main,LEVEL 1 MECHANICAL PLAN,IM-V,B1,true,false,repeated from the floor plan,43.67,42.52,43.67,14.5,2,32.64,32.64,-25.2,-23.2,0.00,NOT_COUNTED_AND_FOUND,""
M-101__skia,main,LEVEL 1 MECHANICAL PLAN,IM-H,B1,true,false,repeated from the floor plan,17.67,17.16,17.67,14.5,1,17.16,17.16,-2.9,-0.0,0.00,NOT_COUNTED_AND_FOUND,""
M-101__skia,main,LEVEL 1 MECHANICAL PLAN,ST-V,CMU,false,false,repeated from the floor plan,30.67,29.61,30.67,14.5,2,29.60,29.60,-3.5,-0.1,0.00,NOT_COUNTED_AND_FOUND,""
M-101__skia,main,LEVEL 1 MECHANICAL PLAN,ST-H,CMU,false,false,repeated from the floor plan,18.00,17.31,18.00,14.5,1,17.93,17.88,-0.4,3.6,0.00,NOT_COUNTED_AND_FOUND,""
M-101__skia,main,LEVEL 1 MECHANICAL PLAN,FR-V,F1,true,false,repeated from the floor plan,31.05,30.25,31.05,14.5,0,0.00,0.00,-100.0,-100.0,0.00,NOT_COUNTED,""
M-101__skia,main,LEVEL 1 MECHANICAL PLAN,FR-H,F1,true,false,repeated from the floor plan,18.38,17.95,18.38,14.5,0,0.00,0.00,-100.0,-100.0,0.00,NOT_COUNTED,""
M-101__skia,main,LEVEL 1 MECHANICAL PLAN,EL-V,C1,true,false,repeated from the floor plan,14.67,14.13,14.67,14.5,1,13.71,13.71,-6.5,-3.0,0.00,NOT_COUNTED_AND_FOUND,""
M-101__skia,main,LEVEL 1 MECHANICAL PLAN,EL-H,C1,true,false,repeated from the floor plan,12.00,11.36,12.00,14.5,1,11.60,11.60,-3.3,2.1,0.00,NOT_COUNTED_AND_FOUND,""
M-101__skia,main,LEVEL 1 MECHANICAL PLAN,S-BK,A1,true,false,repeated from the floor plan,57.33,49.20,51.33,10.5,6,37.98,37.98,-33.8,-22.8,0.00,NOT_COUNTED_AND_FOUND,""
M-101__skia,main,LEVEL 1 MECHANICAL PLAN,S-EX40,A2,true,false,repeated from the floor plan,15.00,14.59,15.00,14.5,1,14.82,14.80,-1.2,1.5,0.00,NOT_COUNTED_AND_FOUND,""
M-101__skia,main,LEVEL 1 MECHANICAL PLAN,S-EX50,A2,true,false,repeated from the floor plan,15.00,14.59,15.00,14.5,1,14.82,14.80,-1.2,1.5,0.00,NOT_COUNTED_AND_FOUND,""
M-101__skia,main,LEVEL 1 MECHANICAL PLAN,S-EX60,A2,true,false,repeated from the floor plan,15.00,13.59,15.00,14.5,1,12.30,12.30,-18.0,-9.5,0.00,NOT_COUNTED_AND_FOUND,""
M-101__skia,main,LEVEL 1 MECHANICAL PLAN,S-EX70,A2,true,false,repeated from the floor plan,15.00,14.59,15.00,14.5,1,14.82,14.80,-1.2,1.5,0.00,NOT_COUNTED_AND_FOUND,""
M-101__skia,main,LEVEL 1 MECHANICAL PLAN,S-EX80,A2,true,false,repeated from the floor plan,15.00,14.59,15.00,14.5,1,14.59,14.59,-2.7,0.0,0.00,NOT_COUNTED_AND_FOUND,""
M-101__skia,main,LEVEL 1 MECHANICAL PLAN,S-OF,A1,true,false,repeated from the floor plan,28.67,28.09,28.67,10.5,1,28.09,28.09,-2.0,0.0,0.00,NOT_COUNTED_AND_FOUND,""
M-101__skia,main,LEVEL 1 MECHANICAL PLAN,S-D,B1,true,false,repeated from the floor plan,43.67,37.48,40.67,14.5,3,27.89,27.89,-36.1,-25.6,0.00,NOT_COUNTED_AND_FOUND,""
M-101__skia,main,LEVEL 1 MECHANICAL PLAN,S-E,A1,true,false,repeated from the floor plan,43.67,40.89,43.67,10.5,3,40.89,40.89,-6.4,0.0,0.00,NOT_COUNTED_AND_FOUND,""
M-101__skia,main,LEVEL 1 MECHANICAL PLAN,S-20,A1,true,false,repeated from the floor plan,60.00,59.09,60.00,10.5,2,59.09,59.09,-1.5,0.0,0.00,NOT_COUNTED_AND_FOUND,""
M-101__skia,main,LEVEL 1 MECHANICAL PLAN,S-F,A1,true,false,repeated from the floor plan,43.67,40.89,43.67,10.5,2,31.59,31.59,-27.6,-22.7,0.00,NOT_COUNTED_AND_FOUND,""
M-101__skia,main,LEVEL 1 MECHANICAL PLAN,S-165,A1,true,false,repeated from the floor plan,43.67,42.69,43.67,10.5,2,42.74,42.72,-2.1,0.1,0.00,NOT_COUNTED_AND_FOUND,""
M-101__skia,main,LEVEL 1 MECHANICAL PLAN,RR-10,A2,true,false,repeated from the floor plan,43.00,35.22,37.00,14.5,6,41.04,41.03,-4.6,16.5,0.00,NOT_COUNTED_AND_FOUND,""
M-101__skia,main,LEVEL 1 MECHANICAL PLAN,RR-CH,D1,true,false,repeated from the floor plan,33.00,32.59,33.00,14.5,1,33.04,33.00,0.1,1.4,0.00,NOT_COUNTED_AND_FOUND,""
M-101__skia,main,LEVEL 1 MECHANICAL PLAN,EL-RM,A1,true,false,repeated from the floor plan,10.67,10.09,10.67,10.5,1,10.28,10.28,-3.7,1.8,0.00,NOT_COUNTED_AND_FOUND,""
M-101__plot-black,main,LEVEL 1 MECHANICAL PLAN,X-S,EXT-1,true,false,repeated from the floor plan,208.67,168.89,172.67,14.5,1,28.41,28.41,-86.4,-83.2,0.00,NOT_COUNTED_AND_FOUND,""
M-101__plot-black,main,LEVEL 1 MECHANICAL PLAN,X-E,EXT-1,true,false,repeated from the floor plan,93.33,79.65,82.33,14.5,1,39.01,38.67,-58.2,-51.0,0.00,NOT_COUNTED_AND_FOUND,""
M-101__plot-black,main,LEVEL 1 MECHANICAL PLAN,X-N,EXT-2,true,false,repeated from the floor plan,208.67,170.13,175.67,14.5,0,0.00,0.00,-100.0,-100.0,0.00,NOT_COUNTED,""
M-101__plot-black,main,LEVEL 1 MECHANICAL PLAN,X-W,EXT-1,true,false,repeated from the floor plan,93.33,84.22,85.33,14.5,1,41.00,41.00,-56.1,-51.3,0.00,NOT_COUNTED_AND_FOUND,""
M-101__plot-black,main,LEVEL 1 MECHANICAL PLAN,SF-1,SF,false,false,repeated from the floor plan,20.00,0.00,0.00,10,0,0.00,0.00,-100.0,,0.00,NOT_COUNTED,""
M-101__plot-black,main,LEVEL 1 MECHANICAL PLAN,C-S,A1,true,false,repeated from the floor plan,178.00,139.36,145.00,10.5,21,137.23,137.23,-22.9,-1.5,0.00,NOT_COUNTED_AND_FOUND,""
M-101__plot-black,main,LEVEL 1 MECHANICAL PLAN,C-N,A1,true,false,repeated from the floor plan,178.00,140.89,146.50,10.5,19,134.28,134.28,-24.6,-4.7,0.00,NOT_COUNTED_AND_FOUND,""
M-101__plot-black,main,LEVEL 1 MECHANICAL PLAN,B-S,A1,true,false,repeated from the floor plan,43.67,40.89,43.67,10.5,2,39.59,39.59,-9.3,-3.2,0.00,NOT_COUNTED_AND_FOUND,""
M-101__plot-black,main,LEVEL 1 MECHANICAL PLAN,B-N,A1,true,false,repeated from the floor plan,43.67,40.89,43.67,10.5,2,35.59,35.59,-18.5,-13.0,0.00,NOT_COUNTED_AND_FOUND,""
M-101__plot-black,main,LEVEL 1 MECHANICAL PLAN,LB-1,A1,true,false,repeated from the floor plan,30.67,25.59,27.67,9,2,19.30,19.30,-37.1,-24.6,0.00,NOT_COUNTED_AND_FOUND,""
M-101__plot-black,main,LEVEL 1 MECHANICAL PLAN,LB-2,A1,true,false,repeated from the floor plan,32.67,29.13,29.67,10.5,3,31.59,31.59,-3.3,8.4,0.00,NOT_COUNTED_AND_FOUND,""
M-101__plot-black,main,LEVEL 1 MECHANICAL PLAN,RCP-ARC,A1,true,false,repeated from the floor plan,23.04,23.04,23.04,10.5,0,0.00,0.00,-100.0,-100.0,0.00,NOT_COUNTED,""
M-101__plot-black,main,LEVEL 1 MECHANICAL PLAN,LB-30,A1,true,false,repeated from the floor plan,10.00,10.00,10.00,10.5,1,10.00,10.00,-0.0,-0.0,0.00,NOT_COUNTED_AND_FOUND,""
M-101__plot-black,main,LEVEL 1 MECHANICAL PLAN,N-BK,A1,true,false,repeated from the floor plan,87.33,76.10,78.33,10.5,8,79.15,79.15,-9.4,4.0,0.00,NOT_COUNTED_AND_FOUND,""
M-101__plot-black,main,LEVEL 1 MECHANICAL PLAN,N-EX40,A2,true,false,repeated from the floor plan,17.00,16.59,17.00,14.5,1,16.73,16.73,-1.6,0.8,0.00,NOT_COUNTED_AND_FOUND,""
M-101__plot-black,main,LEVEL 1 MECHANICAL PLAN,N-EX50,A2,true,false,repeated from the floor plan,17.00,16.59,17.00,14.5,1,17.01,17.00,0.1,2.5,0.00,NOT_COUNTED_AND_FOUND,""
M-101__plot-black,main,LEVEL 1 MECHANICAL PLAN,N-EX60,A2,true,false,repeated from the floor plan,17.00,15.59,17.00,14.5,2,15.59,15.59,-8.3,0.0,0.00,NOT_COUNTED_AND_FOUND,""
M-101__plot-black,main,LEVEL 1 MECHANICAL PLAN,N-EX70,A2,true,false,repeated from the floor plan,17.00,16.59,17.00,14.5,1,16.94,16.93,-0.3,2.1,0.00,NOT_COUNTED_AND_FOUND,""
M-101__plot-black,main,LEVEL 1 MECHANICAL PLAN,N-EX80,A2,true,false,repeated from the floor plan,17.00,16.59,17.00,14.5,1,16.73,16.73,-1.6,0.8,0.00,NOT_COUNTED_AND_FOUND,""
M-101__plot-black,main,LEVEL 1 MECHANICAL PLAN,N-D,B1,true,false,repeated from the floor plan,43.67,37.89,40.67,14.5,5,40.42,40.42,-7.4,6.7,0.00,NOT_COUNTED_AND_FOUND,""
M-101__plot-black,main,LEVEL 1 MECHANICAL PLAN,N-OF50,A1,true,false,repeated from the floor plan,26.67,26.13,26.67,10.5,1,26.32,26.32,-1.3,0.7,0.00,NOT_COUNTED_AND_FOUND,""
M-101__plot-black,main,LEVEL 1 MECHANICAL PLAN,N-OF70,A1,true,false,repeated from the floor plan,26.67,26.13,26.67,10.5,1,26.32,26.32,-1.3,0.7,0.00,NOT_COUNTED_AND_FOUND,""
M-101__plot-black,main,LEVEL 1 MECHANICAL PLAN,NS-45,A1,true,false,repeated from the floor plan,8.49,7.91,8.49,10.5,1,8.20,8.20,-3.3,3.7,0.00,NOT_COUNTED_AND_FOUND,""
M-101__plot-black,main,LEVEL 1 MECHANICAL PLAN,NS-H,A1,true,false,repeated from the floor plan,12.00,8.71,9.00,10.5,3,11.55,11.53,-3.7,32.6,0.00,NOT_COUNTED_AND_FOUND,""
M-101__plot-black,main,LEVEL 1 MECHANICAL PLAN,NS-V,A1,true,false,repeated from the floor plan,6.00,5.59,6.00,10.5,1,5.98,5.97,-0.4,6.8,0.00,NOT_COUNTED_AND_FOUND,""
M-101__plot-black,main,LEVEL 1 MECHANICAL PLAN,N-E,A1,true,false,repeated from the floor plan,43.67,36.96,39.67,10.5,4,35.32,35.32,-19.1,-4.5,0.00,NOT_COUNTED_AND_FOUND,""
M-101__plot-black,main,LEVEL 1 MECHANICAL PLAN,CF-17,A1,true,false,repeated from the floor plan,18.00,17.72,18.00,10.5,1,17.72,17.72,-1.5,-0.0,0.00,NOT_COUNTED_AND_FOUND,""
M-101__plot-black,main,LEVEL 1 MECHANICAL PLAN,N-F,A1,true,false,repeated from the floor plan,43.67,34.69,37.67,10.5,3,27.99,27.99,-35.9,-19.3,0.00,NOT_COUNTED_AND_FOUND,""
M-101__plot-black,main,LEVEL 1 MECHANICAL PLAN,IM-V,B1,true,false,repeated from the floor plan,43.67,42.52,43.67,14.5,2,32.64,32.64,-25.2,-23.2,0.00,NOT_COUNTED_AND_FOUND,""
M-101__plot-black,main,LEVEL 1 MECHANICAL PLAN,IM-H,B1,true,false,repeated from the floor plan,17.67,17.16,17.67,14.5,1,17.16,17.16,-2.9,-0.0,0.00,NOT_COUNTED_AND_FOUND,""
M-101__plot-black,main,LEVEL 1 MECHANICAL PLAN,ST-V,CMU,false,false,repeated from the floor plan,30.67,29.61,30.67,14.5,2,29.67,29.67,-3.3,0.2,0.00,NOT_COUNTED_AND_FOUND,""
M-101__plot-black,main,LEVEL 1 MECHANICAL PLAN,ST-H,CMU,false,false,repeated from the floor plan,18.00,17.31,18.00,14.5,1,17.02,16.97,-5.5,-1.7,0.00,NOT_COUNTED_AND_FOUND,""
M-101__plot-black,main,LEVEL 1 MECHANICAL PLAN,FR-V,F1,true,false,repeated from the floor plan,31.05,30.25,31.05,14.5,0,0.00,0.00,-100.0,-100.0,0.00,NOT_COUNTED,""
M-101__plot-black,main,LEVEL 1 MECHANICAL PLAN,FR-H,F1,true,false,repeated from the floor plan,18.38,17.95,18.38,14.5,0,0.00,0.00,-100.0,-100.0,0.00,NOT_COUNTED,""
M-101__plot-black,main,LEVEL 1 MECHANICAL PLAN,EL-V,C1,true,false,repeated from the floor plan,14.67,14.13,14.67,14.5,1,13.78,13.78,-6.0,-2.5,0.00,NOT_COUNTED_AND_FOUND,""
M-101__plot-black,main,LEVEL 1 MECHANICAL PLAN,EL-H,C1,true,false,repeated from the floor plan,12.00,11.36,12.00,14.5,1,11.60,11.60,-3.3,2.1,0.00,NOT_COUNTED_AND_FOUND,""
M-101__plot-black,main,LEVEL 1 MECHANICAL PLAN,S-BK,A1,true,false,repeated from the floor plan,57.33,49.20,51.33,10.5,6,37.98,37.98,-33.8,-22.8,0.00,NOT_COUNTED_AND_FOUND,""
M-101__plot-black,main,LEVEL 1 MECHANICAL PLAN,S-EX40,A2,true,false,repeated from the floor plan,15.00,14.59,15.00,14.5,1,14.82,14.80,-1.2,1.5,0.00,NOT_COUNTED_AND_FOUND,""
M-101__plot-black,main,LEVEL 1 MECHANICAL PLAN,S-EX50,A2,true,false,repeated from the floor plan,15.00,14.59,15.00,14.5,1,14.82,14.80,-1.2,1.5,0.00,NOT_COUNTED_AND_FOUND,""
M-101__plot-black,main,LEVEL 1 MECHANICAL PLAN,S-EX60,A2,true,false,repeated from the floor plan,15.00,13.59,15.00,14.5,1,12.30,12.30,-18.0,-9.5,0.00,NOT_COUNTED_AND_FOUND,""
M-101__plot-black,main,LEVEL 1 MECHANICAL PLAN,S-EX70,A2,true,false,repeated from the floor plan,15.00,14.59,15.00,14.5,1,14.82,14.80,-1.2,1.5,0.00,NOT_COUNTED_AND_FOUND,""
M-101__plot-black,main,LEVEL 1 MECHANICAL PLAN,S-EX80,A2,true,false,repeated from the floor plan,15.00,14.59,15.00,14.5,1,14.82,14.80,-1.2,1.5,0.00,NOT_COUNTED_AND_FOUND,""
M-101__plot-black,main,LEVEL 1 MECHANICAL PLAN,S-OF,A1,true,false,repeated from the floor plan,28.67,28.09,28.67,10.5,1,28.09,28.09,-2.0,0.0,0.00,NOT_COUNTED_AND_FOUND,""
M-101__plot-black,main,LEVEL 1 MECHANICAL PLAN,S-D,B1,true,false,repeated from the floor plan,43.67,37.48,40.67,14.5,4,30.49,30.49,-30.2,-18.7,0.00,NOT_COUNTED_AND_FOUND,""
M-101__plot-black,main,LEVEL 1 MECHANICAL PLAN,S-E,A1,true,false,repeated from the floor plan,43.67,40.89,43.67,10.5,3,40.89,40.89,-6.4,0.0,0.00,NOT_COUNTED_AND_FOUND,""
M-101__plot-black,main,LEVEL 1 MECHANICAL PLAN,S-20,A1,true,false,repeated from the floor plan,60.00,59.09,60.00,10.5,2,59.09,59.09,-1.5,0.0,0.00,NOT_COUNTED_AND_FOUND,""
M-101__plot-black,main,LEVEL 1 MECHANICAL PLAN,S-F,A1,true,false,repeated from the floor plan,43.67,40.89,43.67,10.5,2,31.59,31.59,-27.6,-22.7,0.00,NOT_COUNTED_AND_FOUND,""
M-101__plot-black,main,LEVEL 1 MECHANICAL PLAN,S-165,A1,true,false,repeated from the floor plan,43.67,42.69,43.67,10.5,2,42.74,42.72,-2.1,0.1,0.00,NOT_COUNTED_AND_FOUND,""
M-101__plot-black,main,LEVEL 1 MECHANICAL PLAN,RR-10,A2,true,false,repeated from the floor plan,43.00,35.22,37.00,14.5,6,40.79,40.78,-5.1,15.8,0.00,NOT_COUNTED_AND_FOUND,""
M-101__plot-black,main,LEVEL 1 MECHANICAL PLAN,RR-CH,D1,true,false,repeated from the floor plan,33.00,32.59,33.00,14.5,1,33.04,33.00,0.1,1.4,0.00,NOT_COUNTED_AND_FOUND,""
M-101__plot-black,main,LEVEL 1 MECHANICAL PLAN,EL-RM,A1,true,false,repeated from the floor plan,10.67,10.09,10.67,10.5,1,10.28,10.28,-3.7,1.8,0.00,NOT_COUNTED_AND_FOUND,""
A-101-REV1__clean,main,LEVEL 1 FLOOR PLAN,X-S,EXT-1,true,true,,208.67,168.69,172.67,14.5,0,0.00,0.00,-100.0,-100.0,0.00,MISSED,"wallsFromStrokes series test (inAHatchSeries): the type is drawn as 5 parallel lines, so every pair of its faces has a third line continuing the spacing"
A-101-REV1__clean,main,LEVEL 1 FLOOR PLAN,X-E,EXT-1,true,true,,93.33,80.46,82.33,14.5,1,18.00,18.00,-80.7,-77.6,0.00,PARTIAL,"wallsFromStrokes series test (inAHatchSeries): the type is drawn as 5 parallel lines, so every pair of its faces has a third line continuing the spacing"
A-101-REV1__clean,main,LEVEL 1 FLOOR PLAN,X-N,EXT-2,true,true,,208.67,170.13,175.67,14.5,0,0.00,0.00,-100.0,-100.0,0.00,MISSED,"wallFromPair face-length ratio: its two faces are drawn 0.6 ft and 38.0 ft (63.3x > 3x) — one face broken at junctions/openings, the other continuous"
A-101-REV1__clean,main,LEVEL 1 FLOOR PLAN,X-W,EXT-1,true,true,,93.33,84.22,85.33,14.5,1,41.00,41.00,-56.1,-51.3,0.00,PARTIAL,"wallsFromStrokes series test (inAHatchSeries): the type is drawn as 5 parallel lines, so every pair of its faces has a third line continuing the spacing"
A-101-REV1__clean,main,LEVEL 1 FLOOR PLAN,SF-1,SF,false,true,,20.00,0.00,0.00,10,0,0.00,0.00,-100.0,,0.00,MISSED,"only one face reached the reader, or the faces came back 0.62\" apart — under wallFromPair's 0.2 ft (2.4\") thickness floor"
A-101-REV1__clean,main,LEVEL 1 FLOOR PLAN,C-S,A1,true,true,,178.00,139.77,145.00,10.5,30,163.12,163.12,-8.4,16.7,0.00,FOUND,""
A-101-REV1__clean,main,LEVEL 1 FLOOR PLAN,C-N,A1,true,true,,178.00,140.59,146.50,10.5,15,119.69,119.68,-32.8,-14.9,0.00,PARTIAL,"wallsFromStrokes series test (inAHatchSeries): a 10.0 ft parallel line 12.0\" off centre continues the face spacing — dim (A-ANNO-DIMS)"
A-101-REV1__clean,main,LEVEL 1 FLOOR PLAN,B-S,A1,true,true,,47.67,44.89,47.67,10.5,2,43.59,43.59,-8.5,-2.9,0.00,FOUND,""
A-101-REV1__clean,main,LEVEL 1 FLOOR PLAN,B-N,A1,true,true,,39.67,36.89,39.67,10.5,2,31.59,31.59,-20.4,-14.4,0.00,PARTIAL,"wallsFromStrokes one-face-one-use: the faces are broken into pieces (openings, T junctions, columns) and the long piece is spent on one partner, stranding the rest"
A-101-REV1__clean,main,LEVEL 1 FLOOR PLAN,LB-1,A1,true,true,,30.67,25.59,27.67,9,3,25.70,25.70,-16.2,0.4,0.00,FOUND,""
A-101-REV1__clean,main,LEVEL 1 FLOOR PLAN,LB-2,A1,true,true,,32.67,29.13,29.67,10.5,3,31.61,31.61,-3.2,8.5,0.00,FOUND,""
A-101-REV1__clean,main,LEVEL 1 FLOOR PLAN,RCP-ARC,A1,true,true,,23.04,23.04,23.04,10.5,0,0.00,0.00,-100.0,-100.0,0.00,MISSED,"sheetStrokes skips curveTo: a curved wall has no straight faces to pair"
A-101-REV1__clean,main,LEVEL 1 FLOOR PLAN,LB-30,A1,true,true,,10.00,10.00,10.00,10.5,1,10.00,10.00,-0.0,-0.0,0.00,FOUND,""
A-101-REV1__clean,main,LEVEL 1 FLOOR PLAN,N-BK,A1,true,true,,87.33,76.10,78.33,10.5,7,70.12,70.12,-19.7,-7.9,0.00,FOUND,""
A-101-REV1__clean,main,LEVEL 1 FLOOR PLAN,N-EX40,A2,true,true,,13.00,12.59,13.00,14.5,1,12.59,12.59,-3.1,0.0,0.00,FOUND,""
A-101-REV1__clean,main,LEVEL 1 FLOOR PLAN,N-EX60,A2,true,true,,13.00,11.59,13.00,14.5,2,11.59,11.59,-10.8,0.0,0.00,FOUND,""
A-101-REV1__clean,main,LEVEL 1 FLOOR PLAN,N-EX70,A2,true,true,,13.00,12.59,13.00,14.5,1,12.59,12.59,-3.1,0.0,0.00,FOUND,""
A-101-REV1__clean,main,LEVEL 1 FLOOR PLAN,N-EX80,A2,true,true,,13.00,12.59,13.00,14.5,1,12.81,12.80,-1.5,1.7,0.00,FOUND,""
A-101-REV1__clean,main,LEVEL 1 FLOOR PLAN,N-D,B1,true,true,,39.67,33.89,36.67,14.5,4,34.30,34.30,-13.5,1.2,0.00,FOUND,""
A-101-REV1__clean,main,LEVEL 1 FLOOR PLAN,N-OF50,A1,true,true,,26.67,26.13,26.67,10.5,1,26.32,26.32,-1.3,0.7,0.00,FOUND,""
A-101-REV1__clean,main,LEVEL 1 FLOOR PLAN,N-OF70,A1,true,true,,26.67,26.13,26.67,10.5,1,26.32,26.32,-1.3,0.7,0.00,FOUND,""
A-101-REV1__clean,main,LEVEL 1 FLOOR PLAN,NS-45,A1,true,true,,6.32,5.04,6.32,10.5,1,5.31,5.30,-16.1,5.3,0.00,FOUND,""
A-101-REV1__clean,main,LEVEL 1 FLOOR PLAN,NS-H,A1,true,true,,12.00,8.76,9.00,10.5,3,11.70,11.53,-2.5,33.4,0.00,FOUND,""
A-101-REV1__clean,main,LEVEL 1 FLOOR PLAN,NS-V,A1,true,true,,2.00,1.59,2.00,10.5,0,0.00,0.00,-100.0,-100.0,0.00,MISSED,"wallFromPair overlap test: no face piece on one side overlaps one on the other by 50% of the shorter"
A-101-REV1__clean,main,LEVEL 1 FLOOR PLAN,N-E,A1,true,true,,39.67,32.96,35.67,10.5,4,31.32,31.32,-21.1,-5.0,0.00,PARTIAL,"wallsFromStrokes one-face-one-use: the faces are broken into pieces (openings, T junctions, columns) and the long piece is spent on one partner, stranding the rest"
A-101-REV1__clean,main,LEVEL 1 FLOOR PLAN,CF-17,A1,true,true,,18.00,17.72,18.00,10.5,1,17.72,17.72,-1.5,-0.0,0.00,FOUND,""
A-101-REV1__clean,main,LEVEL 1 FLOOR PLAN,N-F,A1,true,true,,39.67,30.69,33.67,10.5,3,23.99,23.99,-39.5,-21.8,0.00,PARTIAL,"wallsFromStrokes one-face-one-use: the faces are broken into pieces (openings, T junctions, columns) and the long piece is spent on one partner, stranding the rest"
A-101-REV1__clean,main,LEVEL 1 FLOOR PLAN,IM-V,B1,true,true,,39.67,38.52,39.67,14.5,3,38.55,38.55,-2.8,0.1,0.00,FOUND,""
A-101-REV1__clean,main,LEVEL 1 FLOOR PLAN,IM-H,B1,true,true,,17.67,17.16,17.67,14.5,1,17.38,17.38,-1.6,1.3,0.00,FOUND,""
A-101-REV1__clean,main,LEVEL 1 FLOOR PLAN,ST-V,CMU,false,true,,30.67,29.61,30.67,14.5,1,13.80,13.80,-55.0,-53.4,0.00,PARTIAL,"wallsFromStrokes series test (inAHatchSeries): a 16.2 ft parallel line 5.3\" off centre continues the face spacing — wall (A-WALL)"
A-101-REV1__clean,main,LEVEL 1 FLOOR PLAN,ST-H,CMU,false,true,,18.00,17.31,18.00,14.5,0,0.00,0.00,-100.0,-100.0,0.00,MISSED,"wallsFromStrokes series test (inAHatchSeries): a 18.1 ft parallel line 5.3\" off centre continues the face spacing — wall (A-WALL)"
A-101-REV1__clean,main,LEVEL 1 FLOOR PLAN,FR-V,F1,true,true,,31.05,30.25,31.05,14.5,0,0.00,0.00,-100.0,-100.0,0.00,MISSED,"only one face reached the reader, or the faces came back 1.50\" apart — under wallFromPair's 0.2 ft (2.4\") thickness floor"
A-101-REV1__clean,main,LEVEL 1 FLOOR PLAN,FR-H,F1,true,true,,18.38,17.95,18.38,14.5,0,0.00,0.00,-100.0,-100.0,0.00,MISSED,"only one face reached the reader, or the faces came back 1.50\" apart — under wallFromPair's 0.2 ft (2.4\") thickness floor"
A-101-REV1__clean,main,LEVEL 1 FLOOR PLAN,EL-V,C1,true,true,,14.67,14.13,14.67,14.5,1,13.78,13.78,-6.0,-2.5,0.00,FOUND,""
A-101-REV1__clean,main,LEVEL 1 FLOOR PLAN,EL-H,C1,true,true,,12.00,11.36,12.00,14.5,1,11.60,11.60,-3.3,2.1,0.00,FOUND,""
A-101-REV1__clean,main,LEVEL 1 FLOOR PLAN,S-BK,A1,true,true,,57.33,49.20,51.33,10.5,8,54.18,54.18,-5.5,10.1,0.00,FOUND,""
A-101-REV1__clean,main,LEVEL 1 FLOOR PLAN,S-EX40,A2,true,true,,19.00,18.59,19.00,14.5,1,18.76,18.76,-1.3,0.9,0.00,FOUND,""
A-101-REV1__clean,main,LEVEL 1 FLOOR PLAN,S-EX50,A2,true,true,,19.00,18.59,19.00,14.5,1,18.83,18.80,-0.9,1.3,0.00,FOUND,""
A-101-REV1__clean,main,LEVEL 1 FLOOR PLAN,S-EX60,A2,true,true,,19.00,17.59,19.00,14.5,1,16.30,16.30,-14.2,-7.4,0.00,FOUND,""
A-101-REV1__clean,main,LEVEL 1 FLOOR PLAN,S-EX70,A2,true,true,,19.00,18.59,19.00,14.5,1,18.76,18.76,-1.3,0.9,0.00,FOUND,""
A-101-REV1__clean,main,LEVEL 1 FLOOR PLAN,S-EX80,A2,true,true,,19.00,18.59,19.00,14.5,1,18.76,18.76,-1.3,0.9,0.00,FOUND,""
A-101-REV1__clean,main,LEVEL 1 FLOOR PLAN,S-OF,A1,true,true,,28.67,28.09,28.67,10.5,1,28.27,28.27,-1.4,0.6,0.00,FOUND,""
A-101-REV1__clean,main,LEVEL 1 FLOOR PLAN,S-D,B1,true,true,,47.67,41.48,44.67,14.5,4,41.94,41.94,-12.0,1.1,0.00,FOUND,""
A-101-REV1__clean,main,LEVEL 1 FLOOR PLAN,S-E,A1,true,true,,47.67,44.89,47.67,10.5,3,44.89,44.89,-5.8,0.0,0.00,FOUND,""
A-101-REV1__clean,main,LEVEL 1 FLOOR PLAN,S-20,A1,true,true,,60.00,59.09,60.00,10.5,2,59.41,59.41,-1.0,0.6,0.00,FOUND,""
A-101-REV1__clean,main,LEVEL 1 FLOOR PLAN,S-F,A1,true,true,,47.67,44.89,47.67,10.5,2,35.59,35.59,-25.3,-20.7,0.00,PARTIAL,"wallsFromStrokes one-face-one-use: the faces are broken into pieces (openings, T junctions, columns) and the long piece is spent on one partner, stranding the rest"
A-101-REV1__clean,main,LEVEL 1 FLOOR PLAN,S-165,B1,true,true,,43.67,42.89,43.67,10.5,2,42.65,42.65,-2.3,-0.6,0.00,FOUND,""
A-101-REV1__clean,main,LEVEL 1 FLOOR PLAN,RR-10,A2,true,true,,43.00,35.12,37.00,14.5,6,40.51,40.50,-5.8,15.3,0.00,FOUND,""
A-101-REV1__clean,main,LEVEL 1 FLOOR PLAN,RR-CH,D1,true,true,,37.00,36.59,37.00,14.5,1,36.98,36.96,-0.1,1.1,0.00,FOUND,""
A-101-REV1__clean,main,LEVEL 1 FLOOR PLAN,EL-RM,A1,true,true,,10.67,10.09,10.67,10.5,1,10.28,10.28,-3.7,1.8,0.00,FOUND,""
